<?xml version="1.0" encoding="utf-8"?>
<cScenarioProperties xmlns:d="http://www.kuju.com/TnT/2003/Delta" d:version="1.0" d:id="213832760">
	<ID>
		<cGUID>
			<UUID>
				<e d:type="sUInt64">5095679938814740551</e>
				<e d:type="sUInt64">17105597515768482722</e>
			</UUID>
			<DevString d:type="cDeltaString">02230847-7de8-46b7-a24b-2fae4f4a63ed</DevString>
		</cGUID>
	</ID>
	<String/>
	<DisplayName>
		<Localisation-cUserLocalisedString>
			<English d:type="cDeltaString">[CW] 1F57 18:10 Kettering - Sheffield</English>
			<French d:type="cDeltaString"></French>
			<Italian d:type="cDeltaString"></Italian>
			<German d:type="cDeltaString"></German>
			<Spanish d:type="cDeltaString"></Spanish>
			<Dutch d:type="cDeltaString"></Dutch>
			<Polish d:type="cDeltaString"></Polish>
			<Russian d:type="cDeltaString"></Russian>
			<Other/>
			<Key d:type="cDeltaString">c686d8e1-fc1d-443f-9bbb-69865e561f89</Key>
		</Localisation-cUserLocalisedString>
	</DisplayName>
	<Description>
		<Localisation-cUserLocalisedString>
			<English d:type="cDeltaString">Due to a lack of available Meridians, the Kettering-Sheffield service has seen its second substitution this year, this time with 170531 covering vice Class 222/1. You&apos;ll take over at Leicester and finish the service to Sheffield, where another driver will take the ECS to Etches Park. You are in a 100mph max DMU on a service booked for 125mph, though you shouldn&apos;t lose too much time on the way up. (2021)</English>
			<French d:type="cDeltaString"></French>
			<Italian d:type="cDeltaString"></Italian>
			<German d:type="cDeltaString"></German>
			<Spanish d:type="cDeltaString"></Spanish>
			<Dutch d:type="cDeltaString"></Dutch>
			<Polish d:type="cDeltaString"></Polish>
			<Russian d:type="cDeltaString"></Russian>
			<Other/>
			<Key d:type="cDeltaString">87b01a96-66d1-42cf-8a91-37bcb5b5853d</Key>
		</Localisation-cUserLocalisedString>
	</Description>
	<Briefing>
		<Localisation-cUserLocalisedString>
			<English d:type="cDeltaString">This evening you will be taking over the once-per-day Kettering to Sheffield service at Leicester, which calls at Loughborough, East Midlands Parkway, Long Eaton, Derby, and Chesterfield en route. Instead of a high-speed Class 222, a Class 170 is substituting tonight due to a lack of available Meridians. It&apos;s estimated that you will keep to time however despite the lower maximum speed of the Turbostar. Simply drive to the best of your ability as traffic is beginning to wind down as the day concludes.</English>
			<French d:type="cDeltaString"></French>
			<Italian d:type="cDeltaString"></Italian>
			<German d:type="cDeltaString"></German>
			<Spanish d:type="cDeltaString"></Spanish>
			<Dutch d:type="cDeltaString"></Dutch>
			<Polish d:type="cDeltaString"></Polish>
			<Russian d:type="cDeltaString"></Russian>
			<Other/>
			<Key d:type="cDeltaString">913184ec-6bfd-4cb0-b28c-9a55c3f0ac45</Key>
		</Localisation-cUserLocalisedString>
	</Briefing>
	<StartLocation>
		<Localisation-cUserLocalisedString>
			<English d:type="cDeltaString"></English>
			<French d:type="cDeltaString"></French>
			<Italian d:type="cDeltaString"></Italian>
			<German d:type="cDeltaString"></German>
			<Spanish d:type="cDeltaString"></Spanish>
			<Dutch d:type="cDeltaString"></Dutch>
			<Polish d:type="cDeltaString"></Polish>
			<Russian d:type="cDeltaString"></Russian>
			<Other/>
			<Key d:type="cDeltaString">68e5673f-c652-4e2d-a37c-56deebe0abec</Key>
		</Localisation-cUserLocalisedString>
	</StartLocation>
	<ScenarioClass d:type="cDeltaString">eStandardScenarioClass</ScenarioClass>
	<StartTime d:type="sFloat32" d:alt_encoding="00000000C04DF040" d:precision="string">66780</StartTime>
	<DurationMins d:type="sInt32">70</DurationMins>
	<StartDD d:type="sInt32">1</StartDD>
	<StartMM d:type="sInt32">7</StartMM>
	<StartYYYY d:type="sInt32">2010</StartYYYY>
	<Season d:type="cDeltaString">SEASON_SUMMER</Season>
	<WeatherBlueprint>
		<iBlueprintLibrary-cAbsoluteBlueprintID>
			<BlueprintSetID>
				<iBlueprintLibrary-cBlueprintSetID>
					<Provider d:type="cDeltaString">Kuju</Provider>
					<Product d:type="cDeltaString">RailSimulatorCore</Product>
				</iBlueprintLibrary-cBlueprintSetID>
			</BlueprintSetID>
			<BlueprintID d:type="cDeltaString">Weather\RW_Cloudy.xml</BlueprintID>
		</iBlueprintLibrary-cAbsoluteBlueprintID>
	</WeatherBlueprint>
	<WeatherExtensionBlueprint>
		<iBlueprintLibrary-cAbsoluteBlueprintID>
			<BlueprintSetID>
				<iBlueprintLibrary-cBlueprintSetID>
					<Provider d:type="cDeltaString"></Provider>
					<Product d:type="cDeltaString"></Product>
				</iBlueprintLibrary-cBlueprintSetID>
			</BlueprintSetID>
			<BlueprintID d:type="cDeltaString"></BlueprintID>
		</iBlueprintLibrary-cAbsoluteBlueprintID>
	</WeatherExtensionBlueprint>
	<Rating d:type="sInt32">2</Rating>
	<LocoClass d:type="cDeltaString">LOCO_NO_CLASS</LocoClass>
	<HasRollingStart d:type="bool">0</HasRollingStart>
	<LoadedFromRollingStart d:type="bool">0</LoadedFromRollingStart>
	<FrontEndDriverList>
		<sDriverFrontEndDetails d:id="289295676">
			<ServiceName>
				<Localisation-cUserLocalisedString>
					<English d:type="cDeltaString">1F60 18:02 St Pancras - Sheffield</English>
					<French d:type="cDeltaString"></French>
					<Italian d:type="cDeltaString"></Italian>
					<German d:type="cDeltaString"></German>
					<Spanish d:type="cDeltaString"></Spanish>
					<Dutch d:type="cDeltaString"></Dutch>
					<Polish d:type="cDeltaString"></Polish>
					<Russian d:type="cDeltaString"></Russian>
					<Other/>
					<Key d:type="cDeltaString">c7899e2d-e2c0-48ec-b029-3e00f972604d</Key>
				</Localisation-cUserLocalisedString>
			</ServiceName>
			<LocoName>
				<Localisation-cUserLocalisedString>
					<English d:type="cDeltaString">JT Class 222 EMR (Ex-EMT) (DMSO)</English>
					<French d:type="cDeltaString">JT Class 222 EMR (Ex-EMT) (DMSO)</French>
					<Italian d:type="cDeltaString">JT Class 222 EMR (Ex-EMT) (DMSO)</Italian>
					<German d:type="cDeltaString">JT Class 222 EMR (Ex-EMT) (DMSO)</German>
					<Spanish d:type="cDeltaString">JT Class 222 EMR (Ex-EMT) (DMSO)</Spanish>
					<Dutch d:type="cDeltaString">JT Class 222 EMR (Ex-EMT) (DMSO)</Dutch>
					<Polish d:type="cDeltaString">JT Class 222 EMR (Ex-EMT) (DMSO)</Polish>
					<Russian d:type="cDeltaString">JT Class 222 EMR (Ex-EMT) (DMSO)</Russian>
					<Other/>
					<Key d:type="cDeltaString">30b16c71-16c8-4da0-878f-cb304227546e</Key>
				</Localisation-cUserLocalisedString>
			</LocoName>
			<LocoBP>
				<iBlueprintLibrary-cAbsoluteBlueprintID>
					<BlueprintSetID>
						<iBlueprintLibrary-cBlueprintSetID>
							<Provider d:type="cDeltaString">JustTrains</Provider>
							<Product d:type="cDeltaString">Meridian</Product>
						</iBlueprintLibrary-cBlueprintSetID>
					</BlueprintSetID>
					<BlueprintID d:type="cDeltaString">RailVehicles\Diesel\222\Default\Engine\jt_222_dmso_E.xml</BlueprintID>
				</iBlueprintLibrary-cAbsoluteBlueprintID>
			</LocoBP>
			<StartLocation>
				<Localisation-cUserLocalisedString>
					<English d:type="cDeltaString"></English>
					<French d:type="cDeltaString"></French>
					<Italian d:type="cDeltaString"></Italian>
					<German d:type="cDeltaString"></German>
					<Spanish d:type="cDeltaString"></Spanish>
					<Dutch d:type="cDeltaString"></Dutch>
					<Polish d:type="cDeltaString"></Polish>
					<Russian d:type="cDeltaString"></Russian>
					<Other/>
					<Key d:type="cDeltaString">207662ba-697a-4f6b-94cd-d154bafcfdbb</Key>
				</Localisation-cUserLocalisedString>
			</StartLocation>
			<LocoClass d:type="cDeltaString">LOCO_CLASS_DIESEL</LocoClass>
			<LocoAuthor d:type="cDeltaString">JustTrains</LocoAuthor>
			<FilePath d:type="cDeltaString">JustTrains\Meridian\RailVehicles\Diesel\222\Default\Engine</FilePath>
			<Longitude d:type="sFloat64" d:alt_encoding="A981BAD6D10DF2BF" d:precision="string">-1.12837</Longitude>
			<Latitude d:type="sFloat64" d:alt_encoding="F814903D33504A40" d:precision="string">52.6266</Latitude>
			<Height d:type="sFloat32" d:alt_encoding="000000E0F53C5140" d:precision="string">68.9525</Height>
			<PlayerDriver d:type="bool">0</PlayerDriver>
		</sDriverFrontEndDetails>
		<sDriverFrontEndDetails d:id="289295744">
			<ServiceName>
				<Localisation-cUserLocalisedString>
					<English d:type="cDeltaString">1C80 19:29 Sheffield - St Pancras</English>
					<French d:type="cDeltaString"></French>
					<Italian d:type="cDeltaString"></Italian>
					<German d:type="cDeltaString"></German>
					<Spanish d:type="cDeltaString"></Spanish>
					<Dutch d:type="cDeltaString"></Dutch>
					<Polish d:type="cDeltaString"></Polish>
					<Russian d:type="cDeltaString"></Russian>
					<Other/>
					<Key d:type="cDeltaString">cf4f9691-1665-4eb2-be99-a7389311c344</Key>
				</Localisation-cUserLocalisedString>
			</ServiceName>
			<LocoName>
				<Localisation-cUserLocalisedString>
					<English d:type="cDeltaString">JT Class 222 EMR2 (DMRFO ND)</English>
					<French d:type="cDeltaString">JT Class 222 EMR2 (DMRFO ND)</French>
					<Italian d:type="cDeltaString">JT Class 222 EMR2 (DMRFO ND)</Italian>
					<German d:type="cDeltaString">JT Class 222 EMR2 (DMRFO ND)</German>
					<Spanish d:type="cDeltaString">JT Class 222 EMR2 (DMRFO ND)</Spanish>
					<Dutch d:type="cDeltaString">JT Class 222 EMR2 (DMRFO ND)</Dutch>
					<Polish d:type="cDeltaString">JT Class 222 EMR2 (DMRFO ND)</Polish>
					<Russian d:type="cDeltaString">JT Class 222 EMR2 (DMRFO ND)</Russian>
					<Other/>
					<Key d:type="cDeltaString">c070e780-7fda-45ae-8ace-08baedbdedb1</Key>
				</Localisation-cUserLocalisedString>
			</LocoName>
			<LocoBP>
				<iBlueprintLibrary-cAbsoluteBlueprintID>
					<BlueprintSetID>
						<iBlueprintLibrary-cBlueprintSetID>
							<Provider d:type="cDeltaString">JustTrains</Provider>
							<Product d:type="cDeltaString">Meridian</Product>
						</iBlueprintLibrary-cBlueprintSetID>
					</BlueprintSetID>
					<BlueprintID d:type="cDeltaString">RailVehicles\Diesel\222\EMR2\Engine\jt_222_dmrfo_nd.xml</BlueprintID>
				</iBlueprintLibrary-cAbsoluteBlueprintID>
			</LocoBP>
			<StartLocation>
				<Localisation-cUserLocalisedString>
					<English d:type="cDeltaString">Sheffield Platform 7</English>
					<French d:type="cDeltaString"></French>
					<Italian d:type="cDeltaString"></Italian>
					<German d:type="cDeltaString"></German>
					<Spanish d:type="cDeltaString"></Spanish>
					<Dutch d:type="cDeltaString"></Dutch>
					<Polish d:type="cDeltaString"></Polish>
					<Russian d:type="cDeltaString"></Russian>
					<Other/>
					<Key d:type="cDeltaString">2940b82d-23e1-4e4b-b7fd-d4023288e3df</Key>
				</Localisation-cUserLocalisedString>
			</StartLocation>
			<LocoClass d:type="cDeltaString">LOCO_CLASS_DIESEL</LocoClass>
			<LocoAuthor d:type="cDeltaString">JustTrains</LocoAuthor>
			<FilePath d:type="cDeltaString">JustTrains\Meridian\RailVehicles\Diesel\222\EMR2\Engine</FilePath>
			<Longitude d:type="sFloat64" d:alt_encoding="0D0465688962F7BF" d:precision="string">-1.46156</Longitude>
			<Latitude d:type="sFloat64" d:alt_encoding="4A38323B55B04A40" d:precision="string">53.3776</Latitude>
			<Height d:type="sFloat32" d:alt_encoding="00000020E25C4F40" d:precision="string">62.7257</Height>
			<PlayerDriver d:type="bool">0</PlayerDriver>
		</sDriverFrontEndDetails>
		<sDriverFrontEndDetails d:id="289295540">
			<ServiceName>
				<Localisation-cUserLocalisedString>
					<English d:type="cDeltaString">1H52 19:57 Sheffield - Hull</English>
					<French d:type="cDeltaString"></French>
					<Italian d:type="cDeltaString"></Italian>
					<German d:type="cDeltaString"></German>
					<Spanish d:type="cDeltaString"></Spanish>
					<Dutch d:type="cDeltaString"></Dutch>
					<Polish d:type="cDeltaString"></Polish>
					<Russian d:type="cDeltaString"></Russian>
					<Other/>
					<Key d:type="cDeltaString">cf11e1e2-842e-40f4-aae7-1df66f32e7c8</Key>
				</Localisation-cUserLocalisedString>
			</ServiceName>
			<LocoName>
				<Localisation-cUserLocalisedString>
					<English d:type="cDeltaString">Class 170 Northern (by Arriva)</English>
					<French d:type="cDeltaString"></French>
					<Italian d:type="cDeltaString"></Italian>
					<German d:type="cDeltaString"></German>
					<Spanish d:type="cDeltaString"></Spanish>
					<Dutch d:type="cDeltaString"></Dutch>
					<Polish d:type="cDeltaString"></Polish>
					<Russian d:type="cDeltaString"></Russian>
					<Other/>
					<Key d:type="cDeltaString">Description</Key>
				</Localisation-cUserLocalisedString>
			</LocoName>
			<LocoBP>
				<iBlueprintLibrary-cAbsoluteBlueprintID>
					<BlueprintSetID>
						<iBlueprintLibrary-cBlueprintSetID>
							<Provider d:type="cDeltaString">Thomson</Provider>
							<Product d:type="cDeltaString">Class170Pack01</Product>
						</iBlueprintLibrary-cBlueprintSetID>
					</BlueprintSetID>
					<BlueprintID d:type="cDeltaString">RailVehicles\Class170\Northern\Engine\Class170_DMCL-L2.xml</BlueprintID>
				</iBlueprintLibrary-cAbsoluteBlueprintID>
			</LocoBP>
			<StartLocation>
				<Localisation-cUserLocalisedString>
					<English d:type="cDeltaString">Sheffield Platform 1B</English>
					<French d:type="cDeltaString"></French>
					<Italian d:type="cDeltaString"></Italian>
					<German d:type="cDeltaString"></German>
					<Spanish d:type="cDeltaString"></Spanish>
					<Dutch d:type="cDeltaString"></Dutch>
					<Polish d:type="cDeltaString"></Polish>
					<Russian d:type="cDeltaString"></Russian>
					<Other/>
					<Key d:type="cDeltaString">800feb98-3591-43e0-9012-cd87e28668d9</Key>
				</Localisation-cUserLocalisedString>
			</StartLocation>
			<LocoClass d:type="cDeltaString">LOCO_CLASS_DIESEL</LocoClass>
			<LocoAuthor d:type="cDeltaString">Thomson</LocoAuthor>
			<FilePath d:type="cDeltaString">Thomson\Class170Pack01\RailVehicles\Class170\Northern\Engine</FilePath>
			<Longitude d:type="sFloat64" d:alt_encoding="8C5325007365F7BF" d:precision="string">-1.46227</Longitude>
			<Latitude d:type="sFloat64" d:alt_encoding="2C68A8B086B04A40" d:precision="string">53.3791</Latitude>
			<Height d:type="sFloat32" d:alt_encoding="00000020E25C4F40" d:precision="string">62.7257</Height>
			<PlayerDriver d:type="bool">0</PlayerDriver>
		</sDriverFrontEndDetails>
		<sDriverFrontEndDetails d:id="289295948">
			<ServiceName>
				<Localisation-cUserLocalisedString>
					<English d:type="cDeltaString">1L16 17:51 Liverpool Lime St - Norwich</English>
					<French d:type="cDeltaString"></French>
					<Italian d:type="cDeltaString"></Italian>
					<German d:type="cDeltaString"></German>
					<Spanish d:type="cDeltaString"></Spanish>
					<Dutch d:type="cDeltaString"></Dutch>
					<Polish d:type="cDeltaString"></Polish>
					<Russian d:type="cDeltaString"></Russian>
					<Other/>
					<Key d:type="cDeltaString">f07d5af4-8e99-4b96-bf8a-f7bec340b367</Key>
				</Localisation-cUserLocalisedString>
			</ServiceName>
			<LocoName>
				<Localisation-cUserLocalisedString>
					<English d:type="cDeltaString">Class 158 Ex-East Midlands Trains (EMR) AP</English>
					<French d:type="cDeltaString"></French>
					<Italian d:type="cDeltaString"></Italian>
					<German d:type="cDeltaString"></German>
					<Spanish d:type="cDeltaString"></Spanish>
					<Dutch d:type="cDeltaString"></Dutch>
					<Polish d:type="cDeltaString"></Polish>
					<Russian d:type="cDeltaString"></Russian>
					<Other/>
					<Key d:type="cDeltaString">Description</Key>
				</Localisation-cUserLocalisedString>
			</LocoName>
			<LocoBP>
				<iBlueprintLibrary-cAbsoluteBlueprintID>
					<BlueprintSetID>
						<iBlueprintLibrary-cBlueprintSetID>
							<Provider d:type="cDeltaString">RSC</Provider>
							<Product d:type="cDeltaString">Class159Pack01</Product>
						</iBlueprintLibrary-cBlueprintSetID>
					</BlueprintSetID>
					<BlueprintID d:type="cDeltaString">RailVehicles\Diesel\Class159\EMT_AP\DMSL\Class158_DMSLB_EMR.xml</BlueprintID>
				</iBlueprintLibrary-cAbsoluteBlueprintID>
			</LocoBP>
			<StartLocation>
				<Localisation-cUserLocalisedString>
					<English d:type="cDeltaString"></English>
					<French d:type="cDeltaString"></French>
					<Italian d:type="cDeltaString"></Italian>
					<German d:type="cDeltaString"></German>
					<Spanish d:type="cDeltaString"></Spanish>
					<Dutch d:type="cDeltaString"></Dutch>
					<Polish d:type="cDeltaString"></Polish>
					<Russian d:type="cDeltaString"></Russian>
					<Other/>
					<Key d:type="cDeltaString">32a7a43a-fbb3-4b60-8e54-23eb6e2d1676</Key>
				</Localisation-cUserLocalisedString>
			</StartLocation>
			<LocoClass d:type="cDeltaString">LOCO_CLASS_DIESEL</LocoClass>
			<LocoAuthor d:type="cDeltaString">RSC</LocoAuthor>
			<FilePath d:type="cDeltaString">RSC\Class159Pack01\RailVehicles\Diesel\Class159\EMT_AP\DMSL</FilePath>
			<Longitude d:type="sFloat64" d:alt_encoding="BD5CBD342A64F8BF" d:precision="string">-1.52445</Longitude>
			<Latitude d:type="sFloat64" d:alt_encoding="D1A0F05709A94A40" d:precision="string">53.3206</Latitude>
			<Height d:type="sFloat32" d:alt_encoding="0000002088086140" d:precision="string">136.267</Height>
			<PlayerDriver d:type="bool">0</PlayerDriver>
		</sDriverFrontEndDetails>
		<sDriverFrontEndDetails d:id="289295880">
			<ServiceName>
				<Localisation-cUserLocalisedString>
					<English d:type="cDeltaString">1O94 17:32 Newcastle - Derby</English>
					<French d:type="cDeltaString"></French>
					<Italian d:type="cDeltaString"></Italian>
					<German d:type="cDeltaString"></German>
					<Spanish d:type="cDeltaString"></Spanish>
					<Dutch d:type="cDeltaString"></Dutch>
					<Polish d:type="cDeltaString"></Polish>
					<Russian d:type="cDeltaString"></Russian>
					<Other/>
					<Key d:type="cDeltaString">fd276d81-0e3c-4dd5-8de5-7683e55b27bd</Key>
				</Localisation-cUserLocalisedString>
			</ServiceName>
			<LocoName>
				<Localisation-cUserLocalisedString>
					<English d:type="cDeltaString">JT Class 221 CC F (DMSL)</English>
					<French d:type="cDeltaString">JT Class 221 CC F (DMSL)</French>
					<Italian d:type="cDeltaString">JT Class 221 CC F (DMSL)</Italian>
					<German d:type="cDeltaString">JT Class 221 CC F (DMSL)</German>
					<Spanish d:type="cDeltaString">JT Class 221 CC F (DMSL)</Spanish>
					<Dutch d:type="cDeltaString">JT Class 221 CC F (DMSL)</Dutch>
					<Polish d:type="cDeltaString">JT Class 221 CC F (DMSL)</Polish>
					<Russian d:type="cDeltaString">JT Class 221 CC F (DMSL)</Russian>
					<Other/>
					<Key d:type="cDeltaString">758f6e0b-6b62-42d7-ac5f-8f80046c47c6</Key>
				</Localisation-cUserLocalisedString>
			</LocoName>
			<LocoBP>
				<iBlueprintLibrary-cAbsoluteBlueprintID>
					<BlueprintSetID>
						<iBlueprintLibrary-cBlueprintSetID>
							<Provider d:type="cDeltaString">JustTrains</Provider>
							<Product d:type="cDeltaString">Voyager</Product>
						</iBlueprintLibrary-cBlueprintSetID>
					</BlueprintSetID>
					<BlueprintID d:type="cDeltaString">RailVehicles\Diesel\221\Brown\Engine\a25_locomotive_221_dmsl_xc.xml</BlueprintID>
				</iBlueprintLibrary-cAbsoluteBlueprintID>
			</LocoBP>
			<StartLocation>
				<Localisation-cUserLocalisedString>
					<English d:type="cDeltaString"></English>
					<French d:type="cDeltaString"></French>
					<Italian d:type="cDeltaString"></Italian>
					<German d:type="cDeltaString"></German>
					<Spanish d:type="cDeltaString"></Spanish>
					<Dutch d:type="cDeltaString"></Dutch>
					<Polish d:type="cDeltaString"></Polish>
					<Russian d:type="cDeltaString"></Russian>
					<Other/>
					<Key d:type="cDeltaString">98134dab-21ea-4850-9a0a-d8d375c6fb50</Key>
				</Localisation-cUserLocalisedString>
			</StartLocation>
			<LocoClass d:type="cDeltaString">LOCO_CLASS_DIESEL</LocoClass>
			<LocoAuthor d:type="cDeltaString">JustTrains</LocoAuthor>
			<FilePath d:type="cDeltaString">JustTrains\Voyager\RailVehicles\Diesel\221\Brown\Engine</FilePath>
			<Longitude d:type="sFloat64" d:alt_encoding="D6BC12202D38F8BF" d:precision="string">-1.51371</Longitude>
			<Latitude d:type="sFloat64" d:alt_encoding="BBDD8B4885A94A40" d:precision="string">53.3244</Latitude>
			<Height d:type="sFloat32" d:alt_encoding="000000C09C3A6040" d:precision="string">129.832</Height>
			<PlayerDriver d:type="bool">0</PlayerDriver>
		</sDriverFrontEndDetails>
		<sDriverFrontEndDetails d:id="289295268">
			<ServiceName>
				<Localisation-cUserLocalisedString>
					<English d:type="cDeltaString">1C78 19:02 Sheffield - St Pancras</English>
					<French d:type="cDeltaString"></French>
					<Italian d:type="cDeltaString"></Italian>
					<German d:type="cDeltaString"></German>
					<Spanish d:type="cDeltaString"></Spanish>
					<Dutch d:type="cDeltaString"></Dutch>
					<Polish d:type="cDeltaString"></Polish>
					<Russian d:type="cDeltaString"></Russian>
					<Other/>
					<Key d:type="cDeltaString">2fe1a5e9-465f-478c-a8cf-addbafd3a77f</Key>
				</Localisation-cUserLocalisedString>
			</ServiceName>
			<LocoName>
				<Localisation-cUserLocalisedString>
					<English d:type="cDeltaString">JT Class 222 EMR (Ex-EMT) (DMRFO ND)</English>
					<French d:type="cDeltaString">JT Class 222 EMR (Ex-EMT) (DMRFO ND)</French>
					<Italian d:type="cDeltaString">JT Class 222 EMR (Ex-EMT) (DMRFO ND)</Italian>
					<German d:type="cDeltaString">JT Class 222 EMR (Ex-EMT) (DMRFO ND)</German>
					<Spanish d:type="cDeltaString">JT Class 222 EMR (Ex-EMT) (DMRFO ND)</Spanish>
					<Dutch d:type="cDeltaString">JT Class 222 EMR (Ex-EMT) (DMRFO ND)</Dutch>
					<Polish d:type="cDeltaString">JT Class 222 EMR (Ex-EMT) (DMRFO ND)</Polish>
					<Russian d:type="cDeltaString">JT Class 222 EMR (Ex-EMT) (DMRFO ND)</Russian>
					<Other/>
					<Key d:type="cDeltaString">38b1b902-6ccc-433b-82ec-895a53d94046</Key>
				</Localisation-cUserLocalisedString>
			</LocoName>
			<LocoBP>
				<iBlueprintLibrary-cAbsoluteBlueprintID>
					<BlueprintSetID>
						<iBlueprintLibrary-cBlueprintSetID>
							<Provider d:type="cDeltaString">JustTrains</Provider>
							<Product d:type="cDeltaString">Meridian</Product>
						</iBlueprintLibrary-cBlueprintSetID>
					</BlueprintSetID>
					<BlueprintID d:type="cDeltaString">RailVehicles\Diesel\222\Default\Engine\jt_222_dmrfo_nd_E.xml</BlueprintID>
				</iBlueprintLibrary-cAbsoluteBlueprintID>
			</LocoBP>
			<StartLocation>
				<Localisation-cUserLocalisedString>
					<English d:type="cDeltaString"></English>
					<French d:type="cDeltaString"></French>
					<Italian d:type="cDeltaString"></Italian>
					<German d:type="cDeltaString"></German>
					<Spanish d:type="cDeltaString"></Spanish>
					<Dutch d:type="cDeltaString"></Dutch>
					<Polish d:type="cDeltaString"></Polish>
					<Russian d:type="cDeltaString"></Russian>
					<Other/>
					<Key d:type="cDeltaString">6fc22426-0b8e-4e5e-a483-be5f93dc4081</Key>
				</Localisation-cUserLocalisedString>
			</StartLocation>
			<LocoClass d:type="cDeltaString">LOCO_CLASS_DIESEL</LocoClass>
			<LocoAuthor d:type="cDeltaString">JustTrains</LocoAuthor>
			<FilePath d:type="cDeltaString">JustTrains\Meridian\RailVehicles\Diesel\222\Default\Engine</FilePath>
			<Longitude d:type="sFloat64" d:alt_encoding="A568C2425EB3F6BF" d:precision="string">-1.41879</Longitude>
			<Latitude d:type="sFloat64" d:alt_encoding="B5C9C74014A04A40" d:precision="string">53.2506</Latitude>
			<Height d:type="sFloat32" d:alt_encoding="000000C074565440" d:precision="string">81.3509</Height>
			<PlayerDriver d:type="bool">0</PlayerDriver>
		</sDriverFrontEndDetails>
		<sDriverFrontEndDetails d:id="289295336">
			<ServiceName>
				<Localisation-cUserLocalisedString>
					<English d:type="cDeltaString">1V68 15:08 Edinburgh - Plymouth</English>
					<French d:type="cDeltaString"></French>
					<Italian d:type="cDeltaString"></Italian>
					<German d:type="cDeltaString"></German>
					<Spanish d:type="cDeltaString"></Spanish>
					<Dutch d:type="cDeltaString"></Dutch>
					<Polish d:type="cDeltaString"></Polish>
					<Russian d:type="cDeltaString"></Russian>
					<Other/>
					<Key d:type="cDeltaString">0d92d9d5-e35e-4454-925e-02e62c315d29</Key>
				</Localisation-cUserLocalisedString>
			</ServiceName>
			<LocoName>
				<Localisation-cUserLocalisedString>
					<English d:type="cDeltaString">JT Class 220 CC F (DMSL)</English>
					<French d:type="cDeltaString">JT Class 220 CC F (DMSL)</French>
					<Italian d:type="cDeltaString">JT Class 220 CC F (DMSL)</Italian>
					<German d:type="cDeltaString">JT Class 220 CC F (DMSL)</German>
					<Spanish d:type="cDeltaString">JT Class 220 CC F (DMSL)</Spanish>
					<Dutch d:type="cDeltaString">JT Class 220 CC F (DMSL)</Dutch>
					<Polish d:type="cDeltaString">JT Class 220 CC F (DMSL)</Polish>
					<Russian d:type="cDeltaString">JT Class 220 CC F (DMSL)</Russian>
					<Other/>
					<Key d:type="cDeltaString">24a9f7f1-295b-49e0-b0ae-434ec12de845</Key>
				</Localisation-cUserLocalisedString>
			</LocoName>
			<LocoBP>
				<iBlueprintLibrary-cAbsoluteBlueprintID>
					<BlueprintSetID>
						<iBlueprintLibrary-cBlueprintSetID>
							<Provider d:type="cDeltaString">JustTrains</Provider>
							<Product d:type="cDeltaString">Voyager</Product>
						</iBlueprintLibrary-cBlueprintSetID>
					</BlueprintSetID>
					<BlueprintID d:type="cDeltaString">RailVehicles\Diesel\220\Brown\Engine\a25_locomotive_220_dmsl_xc.xml</BlueprintID>
				</iBlueprintLibrary-cAbsoluteBlueprintID>
			</LocoBP>
			<StartLocation>
				<Localisation-cUserLocalisedString>
					<English d:type="cDeltaString">Chesterfield Platform 2</English>
					<French d:type="cDeltaString"></French>
					<Italian d:type="cDeltaString"></Italian>
					<German d:type="cDeltaString"></German>
					<Spanish d:type="cDeltaString"></Spanish>
					<Dutch d:type="cDeltaString"></Dutch>
					<Polish d:type="cDeltaString"></Polish>
					<Russian d:type="cDeltaString"></Russian>
					<Other/>
					<Key d:type="cDeltaString">0827cb0f-772e-439a-941f-186b85f29508</Key>
				</Localisation-cUserLocalisedString>
			</StartLocation>
			<LocoClass d:type="cDeltaString">LOCO_CLASS_DIESEL</LocoClass>
			<LocoAuthor d:type="cDeltaString">JustTrains</LocoAuthor>
			<FilePath d:type="cDeltaString">JustTrains\Voyager\RailVehicles\Diesel\220\Brown\Engine</FilePath>
			<Longitude d:type="sFloat64" d:alt_encoding="668968E7CCB5F6BF" d:precision="string">-1.41938</Longitude>
			<Latitude d:type="sFloat64" d:alt_encoding="F7356FB99F9E4A40" d:precision="string">53.2392</Latitude>
			<Height d:type="sFloat32" d:alt_encoding="000000E0CA3D5540" d:precision="string">84.9655</Height>
			<PlayerDriver d:type="bool">0</PlayerDriver>
		</sDriverFrontEndDetails>
		<sDriverFrontEndDetails d:id="289295812">
			<ServiceName>
				<Localisation-cUserLocalisedString>
					<English d:type="cDeltaString">1C75 18:29 Sheffield - St Pancras</English>
					<French d:type="cDeltaString"></French>
					<Italian d:type="cDeltaString"></Italian>
					<German d:type="cDeltaString"></German>
					<Spanish d:type="cDeltaString"></Spanish>
					<Dutch d:type="cDeltaString"></Dutch>
					<Polish d:type="cDeltaString"></Polish>
					<Russian d:type="cDeltaString"></Russian>
					<Other/>
					<Key d:type="cDeltaString">5e89ffbb-c802-4302-8312-a2e0327a5f6e</Key>
				</Localisation-cUserLocalisedString>
			</ServiceName>
			<LocoName>
				<Localisation-cUserLocalisedString>
					<English d:type="cDeltaString">JT Class 222 EMR (Ex-EMT) (DMSO)</English>
					<French d:type="cDeltaString">JT Class 222 EMR (Ex-EMT) (DMSO)</French>
					<Italian d:type="cDeltaString">JT Class 222 EMR (Ex-EMT) (DMSO)</Italian>
					<German d:type="cDeltaString">JT Class 222 EMR (Ex-EMT) (DMSO)</German>
					<Spanish d:type="cDeltaString">JT Class 222 EMR (Ex-EMT) (DMSO)</Spanish>
					<Dutch d:type="cDeltaString">JT Class 222 EMR (Ex-EMT) (DMSO)</Dutch>
					<Polish d:type="cDeltaString">JT Class 222 EMR (Ex-EMT) (DMSO)</Polish>
					<Russian d:type="cDeltaString">JT Class 222 EMR (Ex-EMT) (DMSO)</Russian>
					<Other/>
					<Key d:type="cDeltaString">f235949b-a1ff-4eab-a90d-32fcbf0b8717</Key>
				</Localisation-cUserLocalisedString>
			</LocoName>
			<LocoBP>
				<iBlueprintLibrary-cAbsoluteBlueprintID>
					<BlueprintSetID>
						<iBlueprintLibrary-cBlueprintSetID>
							<Provider d:type="cDeltaString">JustTrains</Provider>
							<Product d:type="cDeltaString">Meridian</Product>
						</iBlueprintLibrary-cBlueprintSetID>
					</BlueprintSetID>
					<BlueprintID d:type="cDeltaString">RailVehicles\Diesel\222\Default\Engine\jt_222_dmso_E.xml</BlueprintID>
				</iBlueprintLibrary-cAbsoluteBlueprintID>
			</LocoBP>
			<StartLocation>
				<Localisation-cUserLocalisedString>
					<English d:type="cDeltaString">Derby Platform 5</English>
					<French d:type="cDeltaString"></French>
					<Italian d:type="cDeltaString"></Italian>
					<German d:type="cDeltaString"></German>
					<Spanish d:type="cDeltaString"></Spanish>
					<Dutch d:type="cDeltaString"></Dutch>
					<Polish d:type="cDeltaString"></Polish>
					<Russian d:type="cDeltaString"></Russian>
					<Other/>
					<Key d:type="cDeltaString">84346ec8-bd5e-48c9-9b91-abd07a6878cd</Key>
				</Localisation-cUserLocalisedString>
			</StartLocation>
			<LocoClass d:type="cDeltaString">LOCO_CLASS_DIESEL</LocoClass>
			<LocoAuthor d:type="cDeltaString">JustTrains</LocoAuthor>
			<FilePath d:type="cDeltaString">JustTrains\Meridian\RailVehicles\Diesel\222\Default\Engine</FilePath>
			<Longitude d:type="sFloat64" d:alt_encoding="50AFE691EE65F7BF" d:precision="string">-1.46239</Longitude>
			<Latitude d:type="sFloat64" d:alt_encoding="6067833553754A40" d:precision="string">52.9166</Latitude>
			<Height d:type="sFloat32" d:alt_encoding="00000060E1044A40" d:precision="string">52.0381</Height>
			<PlayerDriver d:type="bool">0</PlayerDriver>
		</sDriverFrontEndDetails>
		<sDriverFrontEndDetails d:id="289295472">
			<ServiceName>
				<Localisation-cUserLocalisedString>
					<English d:type="cDeltaString">1B74 18:45 Nottingham - St Pancras</English>
					<French d:type="cDeltaString"></French>
					<Italian d:type="cDeltaString"></Italian>
					<German d:type="cDeltaString"></German>
					<Spanish d:type="cDeltaString"></Spanish>
					<Dutch d:type="cDeltaString"></Dutch>
					<Polish d:type="cDeltaString"></Polish>
					<Russian d:type="cDeltaString"></Russian>
					<Other/>
					<Key d:type="cDeltaString">1a698aa4-0c54-49e8-8d45-188f0e21cf3a</Key>
				</Localisation-cUserLocalisedString>
			</ServiceName>
			<LocoName>
				<Localisation-cUserLocalisedString>
					<English d:type="cDeltaString">High Speed Train Ex-LNER EMR AP</English>
					<French d:type="cDeltaString"></French>
					<Italian d:type="cDeltaString"></Italian>
					<German d:type="cDeltaString"></German>
					<Spanish d:type="cDeltaString"></Spanish>
					<Dutch d:type="cDeltaString"></Dutch>
					<Polish d:type="cDeltaString"></Polish>
					<Russian d:type="cDeltaString"></Russian>
					<Other/>
					<Key d:type="cDeltaString">5b33947f-961e-4348-a553-7d36a7c9835f</Key>
				</Localisation-cUserLocalisedString>
			</LocoName>
			<LocoBP>
				<iBlueprintLibrary-cAbsoluteBlueprintID>
					<BlueprintSetID>
						<iBlueprintLibrary-cBlueprintSetID>
							<Provider d:type="cDeltaString">Kuju</Provider>
							<Product d:type="cDeltaString">RailSimulator</Product>
						</iBlueprintLibrary-cBlueprintSetID>
					</BlueprintSetID>
					<BlueprintID d:type="cDeltaString">RailVehicles\Diesel\HST\VTEC_AP\Class43-2\class43_fgw-3.xml</BlueprintID>
				</iBlueprintLibrary-cAbsoluteBlueprintID>
			</LocoBP>
			<StartLocation>
				<Localisation-cUserLocalisedString>
					<English d:type="cDeltaString"></English>
					<French d:type="cDeltaString"></French>
					<Italian d:type="cDeltaString"></Italian>
					<German d:type="cDeltaString"></German>
					<Spanish d:type="cDeltaString"></Spanish>
					<Dutch d:type="cDeltaString"></Dutch>
					<Polish d:type="cDeltaString"></Polish>
					<Russian d:type="cDeltaString"></Russian>
					<Other/>
					<Key d:type="cDeltaString">221a6f73-495f-40e6-91a9-2cf6aeacca81</Key>
				</Localisation-cUserLocalisedString>
			</StartLocation>
			<LocoClass d:type="cDeltaString">LOCO_CLASS_DIESEL</LocoClass>
			<LocoAuthor d:type="cDeltaString">Kuju</LocoAuthor>
			<FilePath d:type="cDeltaString">Kuju\RailSimulator\RailVehicles\Diesel\HST\VTEC_AP\Class43-2</FilePath>
			<Longitude d:type="sFloat64" d:alt_encoding="D7CACACE2884F3BF" d:precision="string">-1.21977</Longitude>
			<Latitude d:type="sFloat64" d:alt_encoding="E6C1662CE5744A40" d:precision="string">52.9132</Latitude>
			<Height d:type="sFloat32" d:alt_encoding="0000000027B93F40" d:precision="string">31.7233</Height>
			<PlayerDriver d:type="bool">0</PlayerDriver>
		</sDriverFrontEndDetails>
		<sDriverFrontEndDetails d:id="289295132">
			<ServiceName>
				<Localisation-cUserLocalisedString>
					<English d:type="cDeltaString">1C73 18:00 Sheffield - St Pancras</English>
					<French d:type="cDeltaString"></French>
					<Italian d:type="cDeltaString"></Italian>
					<German d:type="cDeltaString"></German>
					<Spanish d:type="cDeltaString"></Spanish>
					<Dutch d:type="cDeltaString"></Dutch>
					<Polish d:type="cDeltaString"></Polish>
					<Russian d:type="cDeltaString"></Russian>
					<Other/>
					<Key d:type="cDeltaString">2bb855d5-718c-4b1f-adc9-9053307ecc91</Key>
				</Localisation-cUserLocalisedString>
			</ServiceName>
			<LocoName>
				<Localisation-cUserLocalisedString>
					<English d:type="cDeltaString">JT Class 222 EMR2 (DMRFO ND)</English>
					<French d:type="cDeltaString">JT Class 222 EMR2 (DMRFO ND)</French>
					<Italian d:type="cDeltaString">JT Class 222 EMR2 (DMRFO ND)</Italian>
					<German d:type="cDeltaString">JT Class 222 EMR2 (DMRFO ND)</German>
					<Spanish d:type="cDeltaString">JT Class 222 EMR2 (DMRFO ND)</Spanish>
					<Dutch d:type="cDeltaString">JT Class 222 EMR2 (DMRFO ND)</Dutch>
					<Polish d:type="cDeltaString">JT Class 222 EMR2 (DMRFO ND)</Polish>
					<Russian d:type="cDeltaString">JT Class 222 EMR2 (DMRFO ND)</Russian>
					<Other/>
					<Key d:type="cDeltaString">804ae9af-1260-41e1-994d-bc382d8641b9</Key>
				</Localisation-cUserLocalisedString>
			</LocoName>
			<LocoBP>
				<iBlueprintLibrary-cAbsoluteBlueprintID>
					<BlueprintSetID>
						<iBlueprintLibrary-cBlueprintSetID>
							<Provider d:type="cDeltaString">JustTrains</Provider>
							<Product d:type="cDeltaString">Meridian</Product>
						</iBlueprintLibrary-cBlueprintSetID>
					</BlueprintSetID>
					<BlueprintID d:type="cDeltaString">RailVehicles\Diesel\222\EMR2\Engine\jt_222_dmrfo_nd.xml</BlueprintID>
				</iBlueprintLibrary-cAbsoluteBlueprintID>
			</LocoBP>
			<StartLocation>
				<Localisation-cUserLocalisedString>
					<English d:type="cDeltaString">East Midlands Parkway Platform 2</English>
					<French d:type="cDeltaString"></French>
					<Italian d:type="cDeltaString"></Italian>
					<German d:type="cDeltaString"></German>
					<Spanish d:type="cDeltaString"></Spanish>
					<Dutch d:type="cDeltaString"></Dutch>
					<Polish d:type="cDeltaString"></Polish>
					<Russian d:type="cDeltaString"></Russian>
					<Other/>
					<Key d:type="cDeltaString">936970a9-7d6c-4c72-9ed7-3316d12ca011</Key>
				</Localisation-cUserLocalisedString>
			</StartLocation>
			<LocoClass d:type="cDeltaString">LOCO_CLASS_DIESEL</LocoClass>
			<LocoAuthor d:type="cDeltaString">JustTrains</LocoAuthor>
			<FilePath d:type="cDeltaString">JustTrains\Meridian\RailVehicles\Diesel\222\EMR2\Engine</FilePath>
			<Longitude d:type="sFloat64" d:alt_encoding="82B9E8704A35F4BF" d:precision="string">-1.26301</Longitude>
			<Latitude d:type="sFloat64" d:alt_encoding="766A9A5B486E4A40" d:precision="string">52.8616</Latitude>
			<Height d:type="sFloat32" d:alt_encoding="0000004025D14240" d:precision="string">37.6339</Height>
			<PlayerDriver d:type="bool">0</PlayerDriver>
		</sDriverFrontEndDetails>
		<sDriverFrontEndDetails d:id="289295064">
			<ServiceName>
				<Localisation-cUserLocalisedString>
					<English d:type="cDeltaString">1B72 18:12 Nottingham - St Pancras</English>
					<French d:type="cDeltaString"></French>
					<Italian d:type="cDeltaString"></Italian>
					<German d:type="cDeltaString"></German>
					<Spanish d:type="cDeltaString"></Spanish>
					<Dutch d:type="cDeltaString"></Dutch>
					<Polish d:type="cDeltaString"></Polish>
					<Russian d:type="cDeltaString"></Russian>
					<Other/>
					<Key d:type="cDeltaString">5f4f1adb-140a-417c-a921-ef29a87a3fa1</Key>
				</Localisation-cUserLocalisedString>
			</ServiceName>
			<LocoName>
				<Localisation-cUserLocalisedString>
					<English d:type="cDeltaString">JT Class 222 EMR (Ex-EMT) (DMSO)</English>
					<French d:type="cDeltaString">JT Class 222 EMR (Ex-EMT) (DMSO)</French>
					<Italian d:type="cDeltaString">JT Class 222 EMR (Ex-EMT) (DMSO)</Italian>
					<German d:type="cDeltaString">JT Class 222 EMR (Ex-EMT) (DMSO)</German>
					<Spanish d:type="cDeltaString">JT Class 222 EMR (Ex-EMT) (DMSO)</Spanish>
					<Dutch d:type="cDeltaString">JT Class 222 EMR (Ex-EMT) (DMSO)</Dutch>
					<Polish d:type="cDeltaString">JT Class 222 EMR (Ex-EMT) (DMSO)</Polish>
					<Russian d:type="cDeltaString">JT Class 222 EMR (Ex-EMT) (DMSO)</Russian>
					<Other/>
					<Key d:type="cDeltaString">02b79690-0170-4dbd-b7a7-4483bdd40648</Key>
				</Localisation-cUserLocalisedString>
			</LocoName>
			<LocoBP>
				<iBlueprintLibrary-cAbsoluteBlueprintID>
					<BlueprintSetID>
						<iBlueprintLibrary-cBlueprintSetID>
							<Provider d:type="cDeltaString">JustTrains</Provider>
							<Product d:type="cDeltaString">Meridian</Product>
						</iBlueprintLibrary-cBlueprintSetID>
					</BlueprintSetID>
					<BlueprintID d:type="cDeltaString">RailVehicles\Diesel\222\Default\Engine\jt_222_dmso_E.xml</BlueprintID>
				</iBlueprintLibrary-cAbsoluteBlueprintID>
			</LocoBP>
			<StartLocation>
				<Localisation-cUserLocalisedString>
					<English d:type="cDeltaString"></English>
					<French d:type="cDeltaString"></French>
					<Italian d:type="cDeltaString"></Italian>
					<German d:type="cDeltaString"></German>
					<Spanish d:type="cDeltaString"></Spanish>
					<Dutch d:type="cDeltaString"></Dutch>
					<Polish d:type="cDeltaString"></Polish>
					<Russian d:type="cDeltaString"></Russian>
					<Other/>
					<Key d:type="cDeltaString">bf8ffd49-873d-4fb4-8056-fcec27dac66f</Key>
				</Localisation-cUserLocalisedString>
			</StartLocation>
			<LocoClass d:type="cDeltaString">LOCO_CLASS_DIESEL</LocoClass>
			<LocoAuthor d:type="cDeltaString">JustTrains</LocoAuthor>
			<FilePath d:type="cDeltaString">JustTrains\Meridian\RailVehicles\Diesel\222\Default\Engine</FilePath>
			<Longitude d:type="sFloat64" d:alt_encoding="74E633C90551F1BF" d:precision="string">-1.08228</Longitude>
			<Latitude d:type="sFloat64" d:alt_encoding="BAB963467E584A40" d:precision="string">52.6914</Latitude>
			<Height d:type="sFloat32" d:alt_encoding="000000A06B304D40" d:precision="string">58.3783</Height>
			<PlayerDriver d:type="bool">0</PlayerDriver>
		</sDriverFrontEndDetails>
		<sDriverFrontEndDetails d:id="289295200">
			<ServiceName>
				<Localisation-cUserLocalisedString>
					<English d:type="cDeltaString">1F57/5F57</English>
					<French d:type="cDeltaString"></French>
					<Italian d:type="cDeltaString"></Italian>
					<German d:type="cDeltaString"></German>
					<Spanish d:type="cDeltaString"></Spanish>
					<Dutch d:type="cDeltaString"></Dutch>
					<Polish d:type="cDeltaString"></Polish>
					<Russian d:type="cDeltaString"></Russian>
					<Other/>
					<Key d:type="cDeltaString">ebad823c-28b5-4a77-8b00-b513dc4c1cb5</Key>
				</Localisation-cUserLocalisedString>
			</ServiceName>
			<LocoName>
				<Localisation-cUserLocalisedString>
					<English d:type="cDeltaString">Class 170 East Midlands Railway</English>
					<French d:type="cDeltaString"></French>
					<Italian d:type="cDeltaString"></Italian>
					<German d:type="cDeltaString"></German>
					<Spanish d:type="cDeltaString"></Spanish>
					<Dutch d:type="cDeltaString"></Dutch>
					<Polish d:type="cDeltaString"></Polish>
					<Russian d:type="cDeltaString"></Russian>
					<Other/>
					<Key d:type="cDeltaString">Description</Key>
				</Localisation-cUserLocalisedString>
			</LocoName>
			<LocoBP>
				<iBlueprintLibrary-cAbsoluteBlueprintID>
					<BlueprintSetID>
						<iBlueprintLibrary-cBlueprintSetID>
							<Provider d:type="cDeltaString">Thomson</Provider>
							<Product d:type="cDeltaString">Class170Pack01</Product>
						</iBlueprintLibrary-cBlueprintSetID>
					</BlueprintSetID>
					<BlueprintID d:type="cDeltaString">RailVehicles\Class170\EMR\Engine\Class170_DMCL.xml</BlueprintID>
				</iBlueprintLibrary-cAbsoluteBlueprintID>
			</LocoBP>
			<StartLocation>
				<Localisation-cUserLocalisedString>
					<English d:type="cDeltaString">Leicester Platform 2</English>
					<French d:type="cDeltaString"></French>
					<Italian d:type="cDeltaString"></Italian>
					<German d:type="cDeltaString"></German>
					<Spanish d:type="cDeltaString"></Spanish>
					<Dutch d:type="cDeltaString"></Dutch>
					<Polish d:type="cDeltaString"></Polish>
					<Russian d:type="cDeltaString"></Russian>
					<Other/>
					<Key d:type="cDeltaString">35a22858-d821-49d4-84fe-db2c41af7628</Key>
				</Localisation-cUserLocalisedString>
			</StartLocation>
			<LocoClass d:type="cDeltaString">LOCO_CLASS_DIESEL</LocoClass>
			<LocoAuthor d:type="cDeltaString">Thomson</LocoAuthor>
			<FilePath d:type="cDeltaString">Thomson\Class170Pack01\RailVehicles\Class170\EMR\Engine</FilePath>
			<Longitude d:type="sFloat64" d:alt_encoding="3526977125FBF1BF" d:precision="string">-1.12382</Longitude>
			<Latitude d:type="sFloat64" d:alt_encoding="22F55921E7504A40" d:precision="string">52.6321</Latitude>
			<Height d:type="sFloat32" d:alt_encoding="0000002016F45040" d:precision="string">67.8139</Height>
			<PlayerDriver d:type="bool">1</PlayerDriver>
		</sDriverFrontEndDetails>
		<sDriverFrontEndDetails d:id="487982978">
			<ServiceName>
				<Localisation-cUserLocalisedString>
					<English d:type="cDeltaString">2L30 20:02 Sheffield - Leeds</English>
					<French d:type="cDeltaString"></French>
					<Italian d:type="cDeltaString"></Italian>
					<German d:type="cDeltaString"></German>
					<Spanish d:type="cDeltaString"></Spanish>
					<Dutch d:type="cDeltaString"></Dutch>
					<Polish d:type="cDeltaString"></Polish>
					<Russian d:type="cDeltaString"></Russian>
					<Other/>
					<Key d:type="cDeltaString">10781087-196e-428b-818d-2a9a10d84945</Key>
				</Localisation-cUserLocalisedString>
			</ServiceName>
			<LocoName>
				<Localisation-cUserLocalisedString>
					<English d:type="cDeltaString">Class 158 Northern</English>
					<French d:type="cDeltaString"></French>
					<Italian d:type="cDeltaString"></Italian>
					<German d:type="cDeltaString"></German>
					<Spanish d:type="cDeltaString"></Spanish>
					<Dutch d:type="cDeltaString"></Dutch>
					<Polish d:type="cDeltaString"></Polish>
					<Russian d:type="cDeltaString"></Russian>
					<Other/>
					<Key d:type="cDeltaString">Description</Key>
				</Localisation-cUserLocalisedString>
			</LocoName>
			<LocoBP>
				<iBlueprintLibrary-cAbsoluteBlueprintID>
					<BlueprintSetID>
						<iBlueprintLibrary-cBlueprintSetID>
							<Provider d:type="cDeltaString">RSC</Provider>
							<Product d:type="cDeltaString">Class159Pack01</Product>
						</iBlueprintLibrary-cBlueprintSetID>
					</BlueprintSetID>
					<BlueprintID d:type="cDeltaString">RailVehicles\Diesel\Class159\Northern_AP\DMSL\Class158C_DMSLA.xml</BlueprintID>
				</iBlueprintLibrary-cAbsoluteBlueprintID>
			</LocoBP>
			<StartLocation>
				<Localisation-cUserLocalisedString>
					<English d:type="cDeltaString">Sheffield Platform 3</English>
					<French d:type="cDeltaString"></French>
					<Italian d:type="cDeltaString"></Italian>
					<German d:type="cDeltaString"></German>
					<Spanish d:type="cDeltaString"></Spanish>
					<Dutch d:type="cDeltaString"></Dutch>
					<Polish d:type="cDeltaString"></Polish>
					<Russian d:type="cDeltaString"></Russian>
					<Other/>
					<Key d:type="cDeltaString">20d85a25-9505-4143-b358-a75d3a41ab37</Key>
				</Localisation-cUserLocalisedString>
			</StartLocation>
			<LocoClass d:type="cDeltaString">LOCO_CLASS_DIESEL</LocoClass>
			<LocoAuthor d:type="cDeltaString">RSC</LocoAuthor>
			<FilePath d:type="cDeltaString">RSC\Class159Pack01\RailVehicles\Diesel\Class159\Northern_AP\DMSL</FilePath>
			<Longitude d:type="sFloat64" d:alt_encoding="BDA9B4147064F7BF" d:precision="string">-1.46202</Longitude>
			<Latitude d:type="sFloat64" d:alt_encoding="7966113A7CB04A40" d:precision="string">53.3788</Latitude>
			<Height d:type="sFloat32" d:alt_encoding="00000020E25C4F40" d:precision="string">62.7257</Height>
			<PlayerDriver d:type="bool">0</PlayerDriver>
		</sDriverFrontEndDetails>
		<sDriverFrontEndDetails d:id="487982094">
			<ServiceName>
				<Localisation-cUserLocalisedString>
					<English d:type="cDeltaString">2A63 18:37 Matlock - Nottingham</English>
					<French d:type="cDeltaString"></French>
					<Italian d:type="cDeltaString"></Italian>
					<German d:type="cDeltaString"></German>
					<Spanish d:type="cDeltaString"></Spanish>
					<Dutch d:type="cDeltaString"></Dutch>
					<Polish d:type="cDeltaString"></Polish>
					<Russian d:type="cDeltaString"></Russian>
					<Other/>
					<Key d:type="cDeltaString">c8f1cb86-c336-4dc0-9a6f-af26b59a6b44</Key>
				</Localisation-cUserLocalisedString>
			</ServiceName>
			<LocoName>
				<Localisation-cUserLocalisedString>
					<English d:type="cDeltaString">Class 156 Ex-East Midlands Trains (East Midlands Railway)</English>
					<French d:type="cDeltaString"></French>
					<Italian d:type="cDeltaString"></Italian>
					<German d:type="cDeltaString"></German>
					<Spanish d:type="cDeltaString"></Spanish>
					<Dutch d:type="cDeltaString"></Dutch>
					<Polish d:type="cDeltaString"></Polish>
					<Russian d:type="cDeltaString"></Russian>
					<Other/>
					<Key d:type="cDeltaString">477d718f-b101-49f6-9692-e7df6303f777</Key>
				</Localisation-cUserLocalisedString>
			</LocoName>
			<LocoBP>
				<iBlueprintLibrary-cAbsoluteBlueprintID>
					<BlueprintSetID>
						<iBlueprintLibrary-cBlueprintSetID>
							<Provider d:type="cDeltaString">AP</Provider>
							<Product d:type="cDeltaString">Class156Pack01</Product>
						</iBlueprintLibrary-cBlueprintSetID>
					</BlueprintSetID>
					<BlueprintID d:type="cDeltaString">RailVehicles\Diesel\Liveries\EMT_PRM\156_DMSB_EMR.xml</BlueprintID>
				</iBlueprintLibrary-cAbsoluteBlueprintID>
			</LocoBP>
			<StartLocation>
				<Localisation-cUserLocalisedString>
					<English d:type="cDeltaString">Duffield Station Platform 1</English>
					<French d:type="cDeltaString"></French>
					<Italian d:type="cDeltaString"></Italian>
					<German d:type="cDeltaString"></German>
					<Spanish d:type="cDeltaString"></Spanish>
					<Dutch d:type="cDeltaString"></Dutch>
					<Polish d:type="cDeltaString"></Polish>
					<Russian d:type="cDeltaString"></Russian>
					<Other/>
					<Key d:type="cDeltaString">e0a97ac9-2d76-493f-8cdc-964747c93e68</Key>
				</Localisation-cUserLocalisedString>
			</StartLocation>
			<LocoClass d:type="cDeltaString">LOCO_CLASS_DIESEL</LocoClass>
			<LocoAuthor d:type="cDeltaString">AP</LocoAuthor>
			<FilePath d:type="cDeltaString">AP\Class156Pack01\RailVehicles\Diesel\Liveries\EMT_PRM</FilePath>
			<Longitude d:type="sFloat64" d:alt_encoding="091F6F9D3AC5F7BF" d:precision="string">-1.48565</Longitude>
			<Latitude d:type="sFloat64" d:alt_encoding="315832F87E7E4A40" d:precision="string">52.9882</Latitude>
			<Height d:type="sFloat32" d:alt_encoding="000000C0A21C4E40" d:precision="string">60.2237</Height>
			<PlayerDriver d:type="bool">0</PlayerDriver>
		</sDriverFrontEndDetails>
		<sDriverFrontEndDetails d:id="487982230">
			<ServiceName>
				<Localisation-cUserLocalisedString>
					<English d:type="cDeltaString">2L74 17:30 Lincoln - Leicester</English>
					<French d:type="cDeltaString"></French>
					<Italian d:type="cDeltaString"></Italian>
					<German d:type="cDeltaString"></German>
					<Spanish d:type="cDeltaString"></Spanish>
					<Dutch d:type="cDeltaString"></Dutch>
					<Polish d:type="cDeltaString"></Polish>
					<Russian d:type="cDeltaString"></Russian>
					<Other/>
					<Key d:type="cDeltaString">8a849c41-22cb-4087-b3b0-71928a026ef0</Key>
				</Localisation-cUserLocalisedString>
			</ServiceName>
			<LocoName>
				<Localisation-cUserLocalisedString>
					<English d:type="cDeltaString">AP Class 156 Abellio Greater Anglia</English>
					<French d:type="cDeltaString"></French>
					<Italian d:type="cDeltaString"></Italian>
					<German d:type="cDeltaString"></German>
					<Spanish d:type="cDeltaString"></Spanish>
					<Dutch d:type="cDeltaString"></Dutch>
					<Polish d:type="cDeltaString"></Polish>
					<Russian d:type="cDeltaString"></Russian>
					<Other/>
					<Key d:type="cDeltaString">197189b8-ef77-4533-b03b-0770e42b1081</Key>
				</Localisation-cUserLocalisedString>
			</LocoName>
			<LocoBP>
				<iBlueprintLibrary-cAbsoluteBlueprintID>
					<BlueprintSetID>
						<iBlueprintLibrary-cBlueprintSetID>
							<Provider d:type="cDeltaString">AP</Provider>
							<Product d:type="cDeltaString">Class156Pack01</Product>
						</iBlueprintLibrary-cBlueprintSetID>
					</BlueprintSetID>
					<BlueprintID d:type="cDeltaString">RailVehicles\Diesel\Liveries\EMR2\156_DMSB.xml</BlueprintID>
				</iBlueprintLibrary-cAbsoluteBlueprintID>
			</LocoBP>
			<StartLocation>
				<Localisation-cUserLocalisedString>
					<English d:type="cDeltaString">Attenborough Platform 2</English>
					<French d:type="cDeltaString"></French>
					<Italian d:type="cDeltaString"></Italian>
					<German d:type="cDeltaString"></German>
					<Spanish d:type="cDeltaString"></Spanish>
					<Dutch d:type="cDeltaString"></Dutch>
					<Polish d:type="cDeltaString"></Polish>
					<Russian d:type="cDeltaString"></Russian>
					<Other/>
					<Key d:type="cDeltaString">e15d4fbf-3826-4631-a30b-038831f0b422</Key>
				</Localisation-cUserLocalisedString>
			</StartLocation>
			<LocoClass d:type="cDeltaString">LOCO_CLASS_DIESEL</LocoClass>
			<LocoAuthor d:type="cDeltaString">AP</LocoAuthor>
			<FilePath d:type="cDeltaString">AP\Class156Pack01\RailVehicles\Diesel\Liveries\EMR2</FilePath>
			<Longitude d:type="sFloat64" d:alt_encoding="16383625DFAFF3BF" d:precision="string">-1.23044</Longitude>
			<Latitude d:type="sFloat64" d:alt_encoding="2E7B565710744A40" d:precision="string">52.9067</Latitude>
			<Height d:type="sFloat32" d:alt_encoding="0000000027B93F40" d:precision="string">31.7233</Height>
			<PlayerDriver d:type="bool">0</PlayerDriver>
		</sDriverFrontEndDetails>
		<sDriverFrontEndDetails d:id="487982298">
			<ServiceName>
				<Localisation-cUserLocalisedString>
					<English d:type="cDeltaString">2L83 18:26 Leicester - Lincoln</English>
					<French d:type="cDeltaString"></French>
					<Italian d:type="cDeltaString"></Italian>
					<German d:type="cDeltaString"></German>
					<Spanish d:type="cDeltaString"></Spanish>
					<Dutch d:type="cDeltaString"></Dutch>
					<Polish d:type="cDeltaString"></Polish>
					<Russian d:type="cDeltaString"></Russian>
					<Other/>
					<Key d:type="cDeltaString">5341893d-9245-406d-a37f-cbc37216d80a</Key>
				</Localisation-cUserLocalisedString>
			</ServiceName>
			<LocoName>
				<Localisation-cUserLocalisedString>
					<English d:type="cDeltaString">AP Class 156 Abellio Greater Anglia</English>
					<French d:type="cDeltaString"></French>
					<Italian d:type="cDeltaString"></Italian>
					<German d:type="cDeltaString"></German>
					<Spanish d:type="cDeltaString"></Spanish>
					<Dutch d:type="cDeltaString"></Dutch>
					<Polish d:type="cDeltaString"></Polish>
					<Russian d:type="cDeltaString"></Russian>
					<Other/>
					<Key d:type="cDeltaString">b7ea18cf-8550-48c7-bd41-d71bef106b16</Key>
				</Localisation-cUserLocalisedString>
			</LocoName>
			<LocoBP>
				<iBlueprintLibrary-cAbsoluteBlueprintID>
					<BlueprintSetID>
						<iBlueprintLibrary-cBlueprintSetID>
							<Provider d:type="cDeltaString">AP</Provider>
							<Product d:type="cDeltaString">Class156Pack01</Product>
						</iBlueprintLibrary-cBlueprintSetID>
					</BlueprintSetID>
					<BlueprintID d:type="cDeltaString">RailVehicles\Diesel\Liveries\EMR2\156_DMSA.xml</BlueprintID>
				</iBlueprintLibrary-cAbsoluteBlueprintID>
			</LocoBP>
			<StartLocation>
				<Localisation-cUserLocalisedString>
					<English d:type="cDeltaString">Syston Platform</English>
					<French d:type="cDeltaString"></French>
					<Italian d:type="cDeltaString"></Italian>
					<German d:type="cDeltaString"></German>
					<Spanish d:type="cDeltaString"></Spanish>
					<Dutch d:type="cDeltaString"></Dutch>
					<Polish d:type="cDeltaString"></Polish>
					<Russian d:type="cDeltaString"></Russian>
					<Other/>
					<Key d:type="cDeltaString">455fa343-dc64-4502-b3e1-470b60c3d65d</Key>
				</Localisation-cUserLocalisedString>
			</StartLocation>
			<LocoClass d:type="cDeltaString">LOCO_CLASS_DIESEL</LocoClass>
			<LocoAuthor d:type="cDeltaString">AP</LocoAuthor>
			<FilePath d:type="cDeltaString">AP\Class156Pack01\RailVehicles\Diesel\Liveries\EMR2</FilePath>
			<Longitude d:type="sFloat64" d:alt_encoding="58747330AE51F1BF" d:precision="string">-1.08244</Longitude>
			<Latitude d:type="sFloat64" d:alt_encoding="6D3D2BFEDC584A40" d:precision="string">52.6942</Latitude>
			<Height d:type="sFloat32" d:alt_encoding="000000E057124D40" d:precision="string">58.1433</Height>
			<PlayerDriver d:type="bool">0</PlayerDriver>
		</sDriverFrontEndDetails>
	</FrontEndDriverList>
	<RequiredSet>
		<iBlueprintLibrary-cBlueprintSetID d:id="33781540">
			<Provider d:type="cDeltaString">AP</Provider>
			<Product d:type="cDeltaString">Class156Pack01</Product>
		</iBlueprintLibrary-cBlueprintSetID>
		<iBlueprintLibrary-cBlueprintSetID d:id="33781542">
			<Provider d:type="cDeltaString">JustTrains</Provider>
			<Product d:type="cDeltaString">Meridian</Product>
		</iBlueprintLibrary-cBlueprintSetID>
		<iBlueprintLibrary-cBlueprintSetID d:id="33781544">
			<Provider d:type="cDeltaString">JustTrains</Provider>
			<Product d:type="cDeltaString">Voyager</Product>
		</iBlueprintLibrary-cBlueprintSetID>
		<iBlueprintLibrary-cBlueprintSetID d:id="33781546">
			<Provider d:type="cDeltaString">Kuju</Provider>
			<Product d:type="cDeltaString">RailSimulator</Product>
		</iBlueprintLibrary-cBlueprintSetID>
		<iBlueprintLibrary-cBlueprintSetID d:id="33781548">
			<Provider d:type="cDeltaString">RSC</Provider>
			<Product d:type="cDeltaString">Class159Pack01</Product>
		</iBlueprintLibrary-cBlueprintSetID>
		<iBlueprintLibrary-cBlueprintSetID d:id="33781550">
			<Provider d:type="cDeltaString">Thomson</Provider>
			<Product d:type="cDeltaString">Class170Pack01</Product>
		</iBlueprintLibrary-cBlueprintSetID>
	</RequiredSet>
	<Gizmo>
		<cOwnedEntity d:id="178077754">
			<Component>
				<cEditorSceneryRender d:id="173901174">
					<DetailLevel d:type="sInt32">10</DetailLevel>
					<Global d:type="bool">0</Global>
					<Saved d:type="bool">1</Saved>
					<Palette0Index d:type="sUInt8">0</Palette0Index>
					<Palette1Index d:type="sUInt8">0</Palette1Index>
					<Palette2Index d:type="sUInt8">0</Palette2Index>
				</cEditorSceneryRender>
				<cPosOri d:id="174393106">
					<Scale d:numElements="4" d:elementType="sFloat32" d:precision="string">1.0000000 1.0000000 1.0000000 0.0000000</Scale>
					<RFarMatrix>
						<cFarMatrix d:id="174393112">
							<Height d:type="sFloat32" d:alt_encoding="000000807CFC5040" d:precision="string">67.9451</Height>
							<RXAxis d:numElements="4" d:elementType="sFloat32" d:precision="string">1.0000000 0.0000000 0.0000000 0.0000000</RXAxis>
							<RYAxis d:numElements="4" d:elementType="sFloat32" d:precision="string">0.0000000 1.0000000 0.0000000 0.0000000</RYAxis>
							<RZAxis d:numElements="4" d:elementType="sFloat32" d:precision="string">0.0000000 0.0000000 1.0000000 0.0000000</RZAxis>
							<RFarPosition>
								<cFarVector2 d:id="174393119">
									<X>
										<cFarCoordinate>
											<RouteCoordinate>
												<cRouteCoordinate>
													<Distance d:type="sInt32">24</Distance>
												</cRouteCoordinate>
											</RouteCoordinate>
											<TileCoordinate>
												<cTileCoordinate>
													<Distance d:type="sFloat32" d:alt_encoding="000000400A3F6340" d:precision="string">153.97</Distance>
												</cTileCoordinate>
											</TileCoordinate>
										</cFarCoordinate>
									</X>
									<Z>
										<cFarCoordinate>
											<RouteCoordinate>
												<cRouteCoordinate>
													<Distance d:type="sInt32">-81</Distance>
												</cRouteCoordinate>
											</RouteCoordinate>
											<TileCoordinate>
												<cTileCoordinate>
													<Distance d:type="sFloat32" d:alt_encoding="000000A0EFAB8040" d:precision="string">533.492</Distance>
												</cTileCoordinate>
											</TileCoordinate>
										</cFarCoordinate>
									</Z>
								</cFarVector2>
							</RFarPosition>
						</cFarMatrix>
					</RFarMatrix>
				</cPosOri>
				<cScriptComponent d:id="174461426">
					<DebugDisplay d:type="bool">1</DebugDisplay>
					<StateName d:type="cDeltaString"></StateName>
				</cScriptComponent>
			</Component>
			<BlueprintID>
				<iBlueprintLibrary-cAbsoluteBlueprintID>
					<BlueprintSetID>
						<iBlueprintLibrary-cBlueprintSetID>
							<Provider d:type="cDeltaString">Kuju</Provider>
							<Product d:type="cDeltaString">RailSimulatorCore</Product>
						</iBlueprintLibrary-cBlueprintSetID>
					</BlueprintSetID>
					<BlueprintID d:type="cDeltaString">Editor\Gizmo\Scenario Markers\Standard Scenario Marker.xml</BlueprintID>
				</iBlueprintLibrary-cAbsoluteBlueprintID>
			</BlueprintID>
			<ReskinBlueprintID>
				<iBlueprintLibrary-cAbsoluteBlueprintID>
					<BlueprintSetID>
						<iBlueprintLibrary-cBlueprintSetID>
							<Provider d:type="cDeltaString"></Provider>
							<Product d:type="cDeltaString"></Product>
						</iBlueprintLibrary-cBlueprintSetID>
					</BlueprintSetID>
					<BlueprintID d:type="cDeltaString"></BlueprintID>
				</iBlueprintLibrary-cAbsoluteBlueprintID>
			</ReskinBlueprintID>
			<Name d:type="cDeltaString">Standard Scenario Marker</Name>
			<EntityID>
				<cGUID>
					<UUID>
						<e d:type="sUInt64">5540558923025621222</e>
						<e d:type="sUInt64">14250460811868385942</e>
					</UUID>
					<DevString d:type="cDeltaString">401020e6-04fc-4ce4-9632-0a319bcec3c5</DevString>
				</cGUID>
			</EntityID>
		</cOwnedEntity>
	</Gizmo>
	<SimulationTime d:type="sFloat32" d:alt_encoding="0000000000000000" d:precision="string">0</SimulationTime>
	<AuthoredLanguage d:type="cDeltaString">en</AuthoredLanguage>
	<Version d:type="sFloat32" d:alt_encoding="000000000000F03F" d:precision="string">1</Version>
	<Author d:type="cDeltaString"></Author>
	<DispatcherVersion d:type="cDeltaString">V1</DispatcherVersion>
	<RBlueprintSetPreLoad>
		<iBlueprintLibrary-cBlueprintSetID d:id="213757786">
			<Provider d:type="cDeltaString">Thomson</Provider>
			<Product d:type="cDeltaString">Class170Pack01</Product>
		</iBlueprintLibrary-cBlueprintSetID>
		<iBlueprintLibrary-cBlueprintSetID d:id="213757788">
			<Provider d:type="cDeltaString">AP</Provider>
			<Product d:type="cDeltaString">C170EP</Product>
		</iBlueprintLibrary-cBlueprintSetID>
		<iBlueprintLibrary-cBlueprintSetID d:id="213757790">
			<Provider d:type="cDeltaString">JustTrains</Provider>
			<Product d:type="cDeltaString">Meridian</Product>
		</iBlueprintLibrary-cBlueprintSetID>
		<iBlueprintLibrary-cBlueprintSetID d:id="213757792">
			<Provider d:type="cDeltaString">AP</Provider>
			<Product d:type="cDeltaString">Class156Pack01</Product>
		</iBlueprintLibrary-cBlueprintSetID>
		<iBlueprintLibrary-cBlueprintSetID d:id="213757794">
			<Provider d:type="cDeltaString">Kuju</Provider>
			<Product d:type="cDeltaString">RailSimulator</Product>
		</iBlueprintLibrary-cBlueprintSetID>
		<iBlueprintLibrary-cBlueprintSetID d:id="213757796">
			<Provider d:type="cDeltaString">AP</Provider>
			<Product d:type="cDeltaString">C43MTUEP</Product>
		</iBlueprintLibrary-cBlueprintSetID>
		<iBlueprintLibrary-cBlueprintSetID d:id="213757798">
			<Provider d:type="cDeltaString">JustTrains</Provider>
			<Product d:type="cDeltaString">Voyager</Product>
		</iBlueprintLibrary-cBlueprintSetID>
		<iBlueprintLibrary-cBlueprintSetID d:id="213757800">
			<Provider d:type="cDeltaString">RSC</Provider>
			<Product d:type="cDeltaString">Class159Pack01</Product>
		</iBlueprintLibrary-cBlueprintSetID>
		<iBlueprintLibrary-cBlueprintSetID d:id="213757802">
			<Provider d:type="cDeltaString">AP</Provider>
			<Product d:type="cDeltaString">C158EP</Product>
		</iBlueprintLibrary-cBlueprintSetID>
	</RBlueprintSetPreLoad>
	<NamedEntity/>
	<Condition/>
	<DeferredEvent/>
	<CheckedCondition/>
	<CareerRules>
		<d:nil/>
	</CareerRules>
	<MD5 d:type="cDeltaString">B1F325B9F4587E01F7D0D6A6EB43C2C2</MD5>
	<MessageEvent/>
	<SimpleControlsOnly d:type="bool">0</SimpleControlsOnly>
	<ExpertControlsOnly d:type="bool">0</ExpertControlsOnly>
	<LocksScenario/>
	<StartDestString/>
	<TemplateStartDestMapping/>
	<IsTemplateGenerated d:type="bool">0</IsTemplateGenerated>
	<TemplateScenarioGUID>
		<cGUID>
			<UUID>
				<e d:type="sUInt64">0</e>
				<e d:type="sUInt64">0</e>
			</UUID>
			<DevString d:type="cDeltaString">00000000-0000-0000-0000-000000000000</DevString>
		</cGUID>
	</TemplateScenarioGUID>
	<WorkshopId d:type="sUInt64">0</WorkshopId>
	<WorkshopBy d:type="sUInt64">0</WorkshopBy>
	<WorkshopTags d:type="cDeltaString"></WorkshopTags>
	<StartInCab d:type="bool">0</StartInCab>
	<IsClonedDLC d:type="bool">0</IsClonedDLC>
	<StartLongitude d:type="sFloat64" d:alt_encoding="0000000000000000" d:precision="string">0</StartLongitude>
	<StartLatitude d:type="sFloat64" d:alt_encoding="0000000000000000" d:precision="string">0</StartLatitude>
	<StartHeight d:type="sFloat32" d:alt_encoding="0000000000000000" d:precision="string">0</StartHeight>
	<QuickDriveStartName d:type="cDeltaString"></QuickDriveStartName>
	<QuickDriveEndName d:type="cDeltaString"></QuickDriveEndName>
	<QuickDrivePlayerConsistName d:type="cDeltaString"></QuickDrivePlayerConsistName>
</cScenarioProperties>
