<?xml version="1.0" encoding="utf-8"?>
<cScenarioProperties xmlns:d="http://www.kuju.com/TnT/2003/Delta" d:version="1.0" d:id="796281872">
	<ID>
		<cGUID>
			<UUID>
				<e d:type="sUInt64">5004110080776452062</e>
				<e d:type="sUInt64">12474058737312490940</e>
			</UUID>
			<DevString d:type="cDeltaString">05a1b7de-2b9b-4572-bc65-dec854c21cad</DevString>
		</cGUID>
	</ID>
	<String/>
	<DisplayName>
		<Localisation-cUserLocalisedString>
			<English d:type="cDeltaString">[CW] 1T57 09:45 Kings Cross - Kings Lynn</English>
			<French d:type="cDeltaString"></French>
			<Italian d:type="cDeltaString"></Italian>
			<German d:type="cDeltaString"></German>
			<Spanish d:type="cDeltaString"></Spanish>
			<Dutch d:type="cDeltaString"></Dutch>
			<Polish d:type="cDeltaString"></Polish>
			<Russian d:type="cDeltaString"></Russian>
			<Other/>
			<Key d:type="cDeltaString">9c3805e3-e92b-4989-8a77-8a58e41575d8</Key>
		</Localisation-cUserLocalisedString>
	</DisplayName>
	<Description>
		<Localisation-cUserLocalisedString>
			<English d:type="cDeltaString">Part 2 of this morning run will take you from Ely to Kings Lynn, calling at all stops along the way. (2004)</English>
			<French d:type="cDeltaString"></French>
			<Italian d:type="cDeltaString"></Italian>
			<German d:type="cDeltaString"></German>
			<Spanish d:type="cDeltaString"></Spanish>
			<Dutch d:type="cDeltaString"></Dutch>
			<Polish d:type="cDeltaString"></Polish>
			<Russian d:type="cDeltaString"></Russian>
			<Other/>
			<Key d:type="cDeltaString">5caaafc1-7b65-4d8d-ad4a-cc81ec5780d3</Key>
		</Localisation-cUserLocalisedString>
	</Description>
	<Briefing>
		<Localisation-cUserLocalisedString>
			<English d:type="cDeltaString"></English>
			<French d:type="cDeltaString"></French>
			<Italian d:type="cDeltaString"></Italian>
			<German d:type="cDeltaString"></German>
			<Spanish d:type="cDeltaString"></Spanish>
			<Dutch d:type="cDeltaString"></Dutch>
			<Polish d:type="cDeltaString"></Polish>
			<Russian d:type="cDeltaString"></Russian>
			<Other/>
			<Key d:type="cDeltaString">4aa350a9-5ac8-4ebb-8f27-13a94a95c4e9</Key>
		</Localisation-cUserLocalisedString>
	</Briefing>
	<StartLocation>
		<Localisation-cUserLocalisedString>
			<English d:type="cDeltaString"></English>
			<French d:type="cDeltaString"></French>
			<Italian d:type="cDeltaString"></Italian>
			<German d:type="cDeltaString"></German>
			<Spanish d:type="cDeltaString"></Spanish>
			<Dutch d:type="cDeltaString"></Dutch>
			<Polish d:type="cDeltaString"></Polish>
			<Russian d:type="cDeltaString"></Russian>
			<Other/>
			<Key d:type="cDeltaString">ff4cde90-a50e-4fd2-870c-8dac154ec29e</Key>
		</Localisation-cUserLocalisedString>
	</StartLocation>
	<ScenarioClass d:type="cDeltaString">eStandardScenarioClass</ScenarioClass>
	<StartTime d:type="sFloat32" d:alt_encoding="00000000804EE340" d:precision="string">39540</StartTime>
	<DurationMins d:type="sInt32">40</DurationMins>
	<StartDD d:type="sInt32">1</StartDD>
	<StartMM d:type="sInt32">7</StartMM>
	<StartYYYY d:type="sInt32">2010</StartYYYY>
	<Season d:type="cDeltaString">SEASON_SUMMER</Season>
	<WeatherBlueprint>
		<iBlueprintLibrary-cAbsoluteBlueprintID>
			<BlueprintSetID>
				<iBlueprintLibrary-cBlueprintSetID>
					<Provider d:type="cDeltaString">Kuju</Provider>
					<Product d:type="cDeltaString">RailSimulatorCore</Product>
				</iBlueprintLibrary-cBlueprintSetID>
			</BlueprintSetID>
			<BlueprintID d:type="cDeltaString">Weather\RW_Cloudy.xml</BlueprintID>
		</iBlueprintLibrary-cAbsoluteBlueprintID>
	</WeatherBlueprint>
	<WeatherExtensionBlueprint>
		<iBlueprintLibrary-cAbsoluteBlueprintID>
			<BlueprintSetID>
				<iBlueprintLibrary-cBlueprintSetID>
					<Provider d:type="cDeltaString"></Provider>
					<Product d:type="cDeltaString"></Product>
				</iBlueprintLibrary-cBlueprintSetID>
			</BlueprintSetID>
			<BlueprintID d:type="cDeltaString"></BlueprintID>
		</iBlueprintLibrary-cAbsoluteBlueprintID>
	</WeatherExtensionBlueprint>
	<Rating d:type="sInt32">1</Rating>
	<LocoClass d:type="cDeltaString">LOCO_NO_CLASS</LocoClass>
	<HasRollingStart d:type="bool">1</HasRollingStart>
	<LoadedFromRollingStart d:type="bool">1</LoadedFromRollingStart>
	<FrontEndDriverList>
		<sDriverFrontEndDetails d:id="296910172">
			<ServiceName>
				<Localisation-cUserLocalisedString>
					<English d:type="cDeltaString">1T04 10:56 Kings Lynn - Kings Cross</English>
					<French d:type="cDeltaString"></French>
					<Italian d:type="cDeltaString"></Italian>
					<German d:type="cDeltaString"></German>
					<Spanish d:type="cDeltaString"></Spanish>
					<Dutch d:type="cDeltaString"></Dutch>
					<Polish d:type="cDeltaString"></Polish>
					<Russian d:type="cDeltaString"></Russian>
					<Other/>
					<Key d:type="cDeltaString">f74d079f-00e5-446d-9036-667ca9bdf06b</Key>
				</Localisation-cUserLocalisedString>
			</ServiceName>
			<LocoName>
				<Localisation-cUserLocalisedString>
					<English d:type="cDeltaString">Class 365 Network SouthEast</English>
					<French d:type="cDeltaString"></French>
					<Italian d:type="cDeltaString"></Italian>
					<German d:type="cDeltaString"></German>
					<Spanish d:type="cDeltaString"></Spanish>
					<Dutch d:type="cDeltaString"></Dutch>
					<Polish d:type="cDeltaString"></Polish>
					<Russian d:type="cDeltaString"></Russian>
					<Other/>
					<Key d:type="cDeltaString">48c14e87-2c0e-4871-abbd-2c8087d6ab6e</Key>
				</Localisation-cUserLocalisedString>
			</LocoName>
			<LocoBP>
				<iBlueprintLibrary-cAbsoluteBlueprintID>
					<BlueprintSetID>
						<iBlueprintLibrary-cBlueprintSetID>
							<Provider d:type="cDeltaString">RSC</Provider>
							<Product d:type="cDeltaString">ECMLS</Product>
						</iBlueprintLibrary-cBlueprintSetID>
					</BlueprintSetID>
					<BlueprintID d:type="cDeltaString">RailVehicles\Electric\Class365\Class365\NSE_AP\Class365_DMOC_A.xml</BlueprintID>
				</iBlueprintLibrary-cAbsoluteBlueprintID>
			</LocoBP>
			<StartLocation>
				<Localisation-cUserLocalisedString>
					<English d:type="cDeltaString">King&apos;s Lynn Platform 1</English>
					<French d:type="cDeltaString"></French>
					<Italian d:type="cDeltaString"></Italian>
					<German d:type="cDeltaString"></German>
					<Spanish d:type="cDeltaString"></Spanish>
					<Dutch d:type="cDeltaString"></Dutch>
					<Polish d:type="cDeltaString"></Polish>
					<Russian d:type="cDeltaString"></Russian>
					<Other/>
					<Key d:type="cDeltaString">d69e3720-08de-4bfc-b5bd-0a40a402ca31</Key>
				</Localisation-cUserLocalisedString>
			</StartLocation>
			<LocoClass d:type="cDeltaString">LOCO_CLASS_ELECTRIC</LocoClass>
			<LocoAuthor d:type="cDeltaString">RSC</LocoAuthor>
			<FilePath d:type="cDeltaString">RSC\ECMLS\RailVehicles\Electric\Class365\Class365\NSE_AP</FilePath>
			<Longitude d:type="sFloat64" d:alt_encoding="5018F13F1AE5D93F" d:precision="string">0.404608</Longitude>
			<Latitude d:type="sFloat64" d:alt_encoding="DD0CF1F67A604A40" d:precision="string">52.7538</Latitude>
			<Height d:type="sFloat32" d:alt_encoding="000000A0B57B1440" d:precision="string">5.12081</Height>
			<PlayerDriver d:type="bool">0</PlayerDriver>
		</sDriverFrontEndDetails>
		<sDriverFrontEndDetails d:id="296911600">
			<ServiceName>
				<Localisation-cUserLocalisedString>
					<English d:type="cDeltaString">1M16 09:57 Norwich - Liverpool Lime St</English>
					<French d:type="cDeltaString"></French>
					<Italian d:type="cDeltaString"></Italian>
					<German d:type="cDeltaString"></German>
					<Spanish d:type="cDeltaString"></Spanish>
					<Dutch d:type="cDeltaString"></Dutch>
					<Polish d:type="cDeltaString"></Polish>
					<Russian d:type="cDeltaString"></Russian>
					<Other/>
					<Key d:type="cDeltaString">0f7fd436-d909-417d-946d-c02fe5d68c4e</Key>
				</Localisation-cUserLocalisedString>
			</ServiceName>
			<LocoName>
				<Localisation-cUserLocalisedString>
					<English d:type="cDeltaString">Class 170 Central Trains</English>
					<French d:type="cDeltaString"></French>
					<Italian d:type="cDeltaString"></Italian>
					<German d:type="cDeltaString"></German>
					<Spanish d:type="cDeltaString"></Spanish>
					<Dutch d:type="cDeltaString"></Dutch>
					<Polish d:type="cDeltaString"></Polish>
					<Russian d:type="cDeltaString"></Russian>
					<Other/>
					<Key d:type="cDeltaString">Description</Key>
				</Localisation-cUserLocalisedString>
			</LocoName>
			<LocoBP>
				<iBlueprintLibrary-cAbsoluteBlueprintID>
					<BlueprintSetID>
						<iBlueprintLibrary-cBlueprintSetID>
							<Provider d:type="cDeltaString">Thomson</Provider>
							<Product d:type="cDeltaString">Class170Pack01</Product>
						</iBlueprintLibrary-cBlueprintSetID>
					</BlueprintSetID>
					<BlueprintID d:type="cDeltaString">RailVehicles\Class170\CT_AP\Engine\Class170_DMSL.xml</BlueprintID>
				</iBlueprintLibrary-cAbsoluteBlueprintID>
			</LocoBP>
			<StartLocation>
				<Localisation-cUserLocalisedString>
					<English d:type="cDeltaString">Ely Platform 3</English>
					<French d:type="cDeltaString"></French>
					<Italian d:type="cDeltaString"></Italian>
					<German d:type="cDeltaString"></German>
					<Spanish d:type="cDeltaString"></Spanish>
					<Dutch d:type="cDeltaString"></Dutch>
					<Polish d:type="cDeltaString"></Polish>
					<Russian d:type="cDeltaString"></Russian>
					<Other/>
					<Key d:type="cDeltaString">d721932d-4fab-4b84-9312-53fd1a91436b</Key>
				</Localisation-cUserLocalisedString>
			</StartLocation>
			<LocoClass d:type="cDeltaString">LOCO_CLASS_DIESEL</LocoClass>
			<LocoAuthor d:type="cDeltaString">Thomson</LocoAuthor>
			<FilePath d:type="cDeltaString">Thomson\Class170Pack01\RailVehicles\Class170\CT_AP\Engine</FilePath>
			<Longitude d:type="sFloat64" d:alt_encoding="481994FEA50AD13F" d:precision="string">0.266275</Longitude>
			<Latitude d:type="sFloat64" d:alt_encoding="556E92B9F3314A40" d:precision="string">52.3903</Latitude>
			<Height d:type="sFloat32" d:alt_encoding="000000E08FB71840" d:precision="string">6.17926</Height>
			<PlayerDriver d:type="bool">0</PlayerDriver>
		</sDriverFrontEndDetails>
		<sDriverFrontEndDetails d:id="296910784">
			<ServiceName>
				<Localisation-cUserLocalisedString>
					<English d:type="cDeltaString">1T57</English>
					<French d:type="cDeltaString"></French>
					<Italian d:type="cDeltaString"></Italian>
					<German d:type="cDeltaString"></German>
					<Spanish d:type="cDeltaString"></Spanish>
					<Dutch d:type="cDeltaString"></Dutch>
					<Polish d:type="cDeltaString"></Polish>
					<Russian d:type="cDeltaString"></Russian>
					<Other/>
					<Key d:type="cDeltaString">f599d4bc-0f4b-4ba6-bdbc-1bdf59958139</Key>
				</Localisation-cUserLocalisedString>
			</ServiceName>
			<LocoName>
				<Localisation-cUserLocalisedString>
					<English d:type="cDeltaString">Class 365 Network SouthEast</English>
					<French d:type="cDeltaString"></French>
					<Italian d:type="cDeltaString"></Italian>
					<German d:type="cDeltaString"></German>
					<Spanish d:type="cDeltaString"></Spanish>
					<Dutch d:type="cDeltaString"></Dutch>
					<Polish d:type="cDeltaString"></Polish>
					<Russian d:type="cDeltaString"></Russian>
					<Other/>
					<Key d:type="cDeltaString">dbeb05c3-5dd5-43f9-928a-16f37bfb9958</Key>
				</Localisation-cUserLocalisedString>
			</LocoName>
			<LocoBP>
				<iBlueprintLibrary-cAbsoluteBlueprintID>
					<BlueprintSetID>
						<iBlueprintLibrary-cBlueprintSetID>
							<Provider d:type="cDeltaString">RSC</Provider>
							<Product d:type="cDeltaString">ECMLS</Product>
						</iBlueprintLibrary-cBlueprintSetID>
					</BlueprintSetID>
					<BlueprintID d:type="cDeltaString">RailVehicles\Electric\Class365\Class365\NSE_AP\Class365_DMOC_A.xml</BlueprintID>
				</iBlueprintLibrary-cAbsoluteBlueprintID>
			</LocoBP>
			<StartLocation>
				<Localisation-cUserLocalisedString>
					<English d:type="cDeltaString"></English>
					<French d:type="cDeltaString"></French>
					<Italian d:type="cDeltaString"></Italian>
					<German d:type="cDeltaString"></German>
					<Spanish d:type="cDeltaString"></Spanish>
					<Dutch d:type="cDeltaString"></Dutch>
					<Polish d:type="cDeltaString"></Polish>
					<Russian d:type="cDeltaString"></Russian>
					<Other/>
					<Key d:type="cDeltaString">33a7cf0d-b9c6-4a05-af0c-4f8166df35b6</Key>
				</Localisation-cUserLocalisedString>
			</StartLocation>
			<LocoClass d:type="cDeltaString">LOCO_CLASS_ELECTRIC</LocoClass>
			<LocoAuthor d:type="cDeltaString">RSC</LocoAuthor>
			<FilePath d:type="cDeltaString">RSC\ECMLS\RailVehicles\Electric\Class365\Class365\NSE_AP</FilePath>
			<Longitude d:type="sFloat64" d:alt_encoding="F80EC25A8A82D03F" d:precision="string">0.257968</Longitude>
			<Latitude d:type="sFloat64" d:alt_encoding="067DF63628304A40" d:precision="string">52.3762</Latitude>
			<Height d:type="sFloat32" d:alt_encoding="00000080CF451540" d:precision="string">5.31817</Height>
			<PlayerDriver d:type="bool">1</PlayerDriver>
		</sDriverFrontEndDetails>
	</FrontEndDriverList>
	<RequiredSet>
		<iBlueprintLibrary-cBlueprintSetID d:id="286282686">
			<Provider d:type="cDeltaString">RSC</Provider>
			<Product d:type="cDeltaString">ECMLS</Product>
		</iBlueprintLibrary-cBlueprintSetID>
		<iBlueprintLibrary-cBlueprintSetID d:id="286282688">
			<Provider d:type="cDeltaString">Thomson</Provider>
			<Product d:type="cDeltaString">Class170Pack01</Product>
		</iBlueprintLibrary-cBlueprintSetID>
	</RequiredSet>
	<Gizmo>
		<cOwnedEntity d:id="209632898">
			<Component>
				<cEditorSceneryRender d:id="327761598">
					<DetailLevel d:type="sInt32">10</DetailLevel>
					<Global d:type="bool">0</Global>
					<Saved d:type="bool">1</Saved>
					<Palette0Index d:type="sUInt8">165</Palette0Index>
					<Palette1Index d:type="sUInt8">126</Palette1Index>
					<Palette2Index d:type="sUInt8">19</Palette2Index>
				</cEditorSceneryRender>
				<cPosOri d:id="209294340">
					<Scale d:numElements="4" d:elementType="sFloat32" d:precision="string">1.0000000 1.0000000 1.0000000 0.0000000</Scale>
					<RFarMatrix>
						<cFarMatrix d:id="209294346">
							<Height d:type="sFloat32" d:alt_encoding="000000E04EE91840" d:precision="string">6.22784</Height>
							<RXAxis d:numElements="4" d:elementType="sFloat32" d:precision="string">1.0000000 0.0000000 0.0000000 0.0000000</RXAxis>
							<RYAxis d:numElements="4" d:elementType="sFloat32" d:precision="string">0.0000000 1.0000000 0.0000000 0.0000000</RYAxis>
							<RZAxis d:numElements="4" d:elementType="sFloat32" d:precision="string">0.0000000 0.0000000 1.0000000 0.0000000</RZAxis>
							<RFarPosition>
								<cFarVector2 d:id="209294353">
									<X>
										<cFarCoordinate>
											<RouteCoordinate>
												<cRouteCoordinate>
													<Distance d:type="sInt32">9</Distance>
												</cRouteCoordinate>
											</RouteCoordinate>
											<TileCoordinate>
												<cTileCoordinate>
													<Distance d:type="sFloat32" d:alt_encoding="000000E022E97640" d:precision="string">366.571</Distance>
												</cTileCoordinate>
											</TileCoordinate>
										</cFarCoordinate>
									</X>
									<Z>
										<cFarCoordinate>
											<RouteCoordinate>
												<cRouteCoordinate>
													<Distance d:type="sInt32">20</Distance>
												</cRouteCoordinate>
											</RouteCoordinate>
											<TileCoordinate>
												<cTileCoordinate>
													<Distance d:type="sFloat32" d:alt_encoding="0000002004DA8C40" d:precision="string">923.252</Distance>
												</cTileCoordinate>
											</TileCoordinate>
										</cFarCoordinate>
									</Z>
								</cFarVector2>
							</RFarPosition>
						</cFarMatrix>
					</RFarMatrix>
				</cPosOri>
				<cScriptComponent d:id="209686466">
					<DebugDisplay d:type="bool">1</DebugDisplay>
					<StateName d:type="cDeltaString"></StateName>
				</cScriptComponent>
			</Component>
			<BlueprintID>
				<iBlueprintLibrary-cAbsoluteBlueprintID>
					<BlueprintSetID>
						<iBlueprintLibrary-cBlueprintSetID>
							<Provider d:type="cDeltaString">Kuju</Provider>
							<Product d:type="cDeltaString">RailSimulatorCore</Product>
						</iBlueprintLibrary-cBlueprintSetID>
					</BlueprintSetID>
					<BlueprintID d:type="cDeltaString">Editor\Gizmo\Scenario Markers\Standard Scenario Marker.xml</BlueprintID>
				</iBlueprintLibrary-cAbsoluteBlueprintID>
			</BlueprintID>
			<ReskinBlueprintID>
				<iBlueprintLibrary-cAbsoluteBlueprintID>
					<BlueprintSetID>
						<iBlueprintLibrary-cBlueprintSetID>
							<Provider d:type="cDeltaString"></Provider>
							<Product d:type="cDeltaString"></Product>
						</iBlueprintLibrary-cBlueprintSetID>
					</BlueprintSetID>
					<BlueprintID d:type="cDeltaString"></BlueprintID>
				</iBlueprintLibrary-cAbsoluteBlueprintID>
			</ReskinBlueprintID>
			<Name d:type="cDeltaString">Standard Scenario Marker</Name>
			<EntityID>
				<cGUID>
					<UUID>
						<e d:type="sUInt64">5504286079560136768</e>
						<e d:type="sUInt64">10581898616594116765</e>
					</UUID>
					<DevString d:type="cDeltaString">c24f3840-2706-4c63-9d30-4afbb974da92</DevString>
				</cGUID>
			</EntityID>
		</cOwnedEntity>
	</Gizmo>
	<SimulationTime d:type="sFloat32" d:alt_encoding="0000000000000000" d:precision="string">0</SimulationTime>
	<AuthoredLanguage d:type="cDeltaString">en</AuthoredLanguage>
	<Version d:type="sFloat32" d:alt_encoding="000000000000F03F" d:precision="string">1</Version>
	<Author d:type="cDeltaString"></Author>
	<DispatcherVersion d:type="cDeltaString">V1</DispatcherVersion>
	<RBlueprintSetPreLoad>
		<iBlueprintLibrary-cBlueprintSetID d:id="286284270">
			<Provider d:type="cDeltaString">AP</Provider>
			<Product d:type="cDeltaString">C170EP</Product>
		</iBlueprintLibrary-cBlueprintSetID>
		<iBlueprintLibrary-cBlueprintSetID d:id="286284272">
			<Provider d:type="cDeltaString">Thomson</Provider>
			<Product d:type="cDeltaString">Class170Pack01</Product>
		</iBlueprintLibrary-cBlueprintSetID>
	</RBlueprintSetPreLoad>
	<NamedEntity/>
	<Condition/>
	<DeferredEvent/>
	<CheckedCondition/>
	<CareerRules>
		<d:nil/>
	</CareerRules>
	<MD5 d:type="cDeltaString">064E3DAEE4C1F5D8B54080123ABD2944</MD5>
	<MessageEvent>
		<cScenarioProperties-cMessageEvent d:id="263968616">
			<Name d:type="cDeltaString">0</Name>
			<Id d:type="sInt32">1002</Id>
		</cScenarioProperties-cMessageEvent>
		<cScenarioProperties-cMessageEvent d:id="263968600">
			<Name d:type="cDeltaString">0</Name>
			<Id d:type="sInt32">1003</Id>
		</cScenarioProperties-cMessageEvent>
		<cScenarioProperties-cMessageEvent d:id="263968548">
			<Name d:type="cDeltaString">0</Name>
			<Id d:type="sInt32">1004</Id>
		</cScenarioProperties-cMessageEvent>
	</MessageEvent>
	<SimpleControlsOnly d:type="bool">0</SimpleControlsOnly>
	<ExpertControlsOnly d:type="bool">0</ExpertControlsOnly>
	<LocksScenario/>
	<StartDestString/>
	<TemplateStartDestMapping/>
	<IsTemplateGenerated d:type="bool">0</IsTemplateGenerated>
	<TemplateScenarioGUID>
		<cGUID>
			<UUID>
				<e d:type="sUInt64">0</e>
				<e d:type="sUInt64">0</e>
			</UUID>
			<DevString d:type="cDeltaString">00000000-0000-0000-0000-000000000000</DevString>
		</cGUID>
	</TemplateScenarioGUID>
	<WorkshopId d:type="sUInt64">0</WorkshopId>
	<WorkshopBy d:type="sUInt64">0</WorkshopBy>
	<WorkshopTags d:type="cDeltaString"></WorkshopTags>
	<StartInCab d:type="bool">0</StartInCab>
	<IsClonedDLC d:type="bool">0</IsClonedDLC>
	<StartLongitude d:type="sFloat64" d:alt_encoding="0000000000000000" d:precision="string">0</StartLongitude>
	<StartLatitude d:type="sFloat64" d:alt_encoding="0000000000000000" d:precision="string">0</StartLatitude>
	<StartHeight d:type="sFloat32" d:alt_encoding="0000000000000000" d:precision="string">0</StartHeight>
	<QuickDriveStartName d:type="cDeltaString"></QuickDriveStartName>
	<QuickDriveEndName d:type="cDeltaString"></QuickDriveEndName>
	<QuickDrivePlayerConsistName d:type="cDeltaString"></QuickDrivePlayerConsistName>
</cScenarioProperties>
