<?xml version="1.0" encoding="utf-8"?>
<cScenarioProperties xmlns:d="http://www.kuju.com/TnT/2003/Delta" d:version="1.0" d:id="217110750">
	<ID>
		<cGUID>
			<UUID>
				<e d:type="sUInt64">5068125575950600168</e>
				<e d:type="sUInt64">3246213102051086270</e>
			</UUID>
			<DevString d:type="cDeltaString">f79b87e8-995b-4655-be4f-f9fc9ddd0c2d</DevString>
		</cGUID>
	</ID>
	<String/>
	<DisplayName>
		<Localisation-cUserLocalisedString>
			<English d:type="cDeltaString">[CW] 1W74 16:58 Carmarthen - Manchester Piccadilly</English>
			<French d:type="cDeltaString"></French>
			<Italian d:type="cDeltaString"></Italian>
			<German d:type="cDeltaString"></German>
			<Spanish d:type="cDeltaString"></Spanish>
			<Dutch d:type="cDeltaString"></Dutch>
			<Polish d:type="cDeltaString"></Polish>
			<Russian d:type="cDeltaString"></Russian>
			<Other/>
			<Key d:type="cDeltaString">6e4fc2a9-9e50-42e9-b6bb-a762621637aa</Key>
		</Localisation-cUserLocalisedString>
	</DisplayName>
	<Description>
		<Localisation-cUserLocalisedString>
			<English d:type="cDeltaString">Drive a 3-Car Class 175 on an express service from Carmarthen to Manchester Piccadilly, beginning at Swansea and going as far as Shrewsbury where the crews will change. You begin some 8 minutes late due to the late arrival of an intercity service, though the time should easily be made up. This scenario splits at Newport. (2015)</English>
			<French d:type="cDeltaString"></French>
			<Italian d:type="cDeltaString"></Italian>
			<German d:type="cDeltaString"></German>
			<Spanish d:type="cDeltaString"></Spanish>
			<Dutch d:type="cDeltaString"></Dutch>
			<Polish d:type="cDeltaString"></Polish>
			<Russian d:type="cDeltaString"></Russian>
			<Other/>
			<Key d:type="cDeltaString">2cca5267-a058-49ce-9487-d34d2b353a8a</Key>
		</Localisation-cUserLocalisedString>
	</Description>
	<Briefing>
		<Localisation-cUserLocalisedString>
			<English d:type="cDeltaString">Today you&apos;ll be driving this Arriva Trains Wales service from Swansea to Shrewsbury as part of a Carmarthen to Manchester regional express. To finish, you will call at all stations to Shrewsbury where the crews will change.</English>
			<French d:type="cDeltaString"></French>
			<Italian d:type="cDeltaString"></Italian>
			<German d:type="cDeltaString"></German>
			<Spanish d:type="cDeltaString"></Spanish>
			<Dutch d:type="cDeltaString"></Dutch>
			<Polish d:type="cDeltaString"></Polish>
			<Russian d:type="cDeltaString"></Russian>
			<Other/>
			<Key d:type="cDeltaString">625171b9-9382-4c21-ad77-db90378c50dc</Key>
		</Localisation-cUserLocalisedString>
	</Briefing>
	<StartLocation>
		<Localisation-cUserLocalisedString>
			<English d:type="cDeltaString"></English>
			<French d:type="cDeltaString"></French>
			<Italian d:type="cDeltaString"></Italian>
			<German d:type="cDeltaString"></German>
			<Spanish d:type="cDeltaString"></Spanish>
			<Dutch d:type="cDeltaString"></Dutch>
			<Polish d:type="cDeltaString"></Polish>
			<Russian d:type="cDeltaString"></Russian>
			<Other/>
			<Key d:type="cDeltaString">ad41312e-0197-4b86-88fe-add8ce44d48a</Key>
		</Localisation-cUserLocalisedString>
	</StartLocation>
	<ScenarioClass d:type="cDeltaString">eStandardScenarioClass</ScenarioClass>
	<StartTime d:type="sFloat32" d:alt_encoding="0000000000C2F040" d:precision="string">68640</StartTime>
	<DurationMins d:type="sInt32">110</DurationMins>
	<StartDD d:type="sInt32">1</StartDD>
	<StartMM d:type="sInt32">7</StartMM>
	<StartYYYY d:type="sInt32">2010</StartYYYY>
	<Season d:type="cDeltaString">SEASON_SUMMER</Season>
	<WeatherBlueprint>
		<iBlueprintLibrary-cAbsoluteBlueprintID>
			<BlueprintSetID>
				<iBlueprintLibrary-cBlueprintSetID>
					<Provider d:type="cDeltaString">Kuju</Provider>
					<Product d:type="cDeltaString">RailSimulatorCore</Product>
				</iBlueprintLibrary-cBlueprintSetID>
			</BlueprintSetID>
			<BlueprintID d:type="cDeltaString">Weather\RW_Cloudy.xml</BlueprintID>
		</iBlueprintLibrary-cAbsoluteBlueprintID>
	</WeatherBlueprint>
	<WeatherExtensionBlueprint>
		<iBlueprintLibrary-cAbsoluteBlueprintID>
			<BlueprintSetID>
				<iBlueprintLibrary-cBlueprintSetID>
					<Provider d:type="cDeltaString"></Provider>
					<Product d:type="cDeltaString"></Product>
				</iBlueprintLibrary-cBlueprintSetID>
			</BlueprintSetID>
			<BlueprintID d:type="cDeltaString"></BlueprintID>
		</iBlueprintLibrary-cAbsoluteBlueprintID>
	</WeatherExtensionBlueprint>
	<Rating d:type="sInt32">1</Rating>
	<LocoClass d:type="cDeltaString">LOCO_NO_CLASS</LocoClass>
	<HasRollingStart d:type="bool">0</HasRollingStart>
	<LoadedFromRollingStart d:type="bool">0</LoadedFromRollingStart>
	<FrontEndDriverList>
		<sDriverFrontEndDetails d:id="298544494">
			<ServiceName>
				<Localisation-cUserLocalisedString>
					<English d:type="cDeltaString">1V62 18:30 Manchester Piccadilly - Carmarthen</English>
					<French d:type="cDeltaString"></French>
					<Italian d:type="cDeltaString"></Italian>
					<German d:type="cDeltaString"></German>
					<Spanish d:type="cDeltaString"></Spanish>
					<Dutch d:type="cDeltaString"></Dutch>
					<Polish d:type="cDeltaString"></Polish>
					<Russian d:type="cDeltaString"></Russian>
					<Other/>
					<Key d:type="cDeltaString">3e26b237-8f91-42aa-a7fc-a629e77b01bf</Key>
				</Localisation-cUserLocalisedString>
			</ServiceName>
			<LocoName>
				<Localisation-cUserLocalisedString>
					<English d:type="cDeltaString">Class 175 Arriva Trains Wales AP</English>
					<French d:type="cDeltaString"></French>
					<Italian d:type="cDeltaString"></Italian>
					<German d:type="cDeltaString"></German>
					<Spanish d:type="cDeltaString"></Spanish>
					<Dutch d:type="cDeltaString"></Dutch>
					<Polish d:type="cDeltaString"></Polish>
					<Russian d:type="cDeltaString"></Russian>
					<Other/>
					<Key d:type="cDeltaString">ed420b31-ecf0-4891-89cf-def583ba94e9</Key>
				</Localisation-cUserLocalisedString>
			</LocoName>
			<LocoBP>
				<iBlueprintLibrary-cAbsoluteBlueprintID>
					<BlueprintSetID>
						<iBlueprintLibrary-cBlueprintSetID>
							<Provider d:type="cDeltaString">DTG</Provider>
							<Product d:type="cDeltaString">SouthWales01</Product>
						</iBlueprintLibrary-cBlueprintSetID>
					</BlueprintSetID>
					<BlueprintID d:type="cDeltaString">RailVehicles\Diesel\Class175\ATW2_AP\DMSL\175_DMSLB_0.xml</BlueprintID>
				</iBlueprintLibrary-cAbsoluteBlueprintID>
			</LocoBP>
			<StartLocation>
				<Localisation-cUserLocalisedString>
					<English d:type="cDeltaString">Craven Arms Platform 2</English>
					<French d:type="cDeltaString"></French>
					<Italian d:type="cDeltaString"></Italian>
					<German d:type="cDeltaString"></German>
					<Spanish d:type="cDeltaString"></Spanish>
					<Dutch d:type="cDeltaString"></Dutch>
					<Polish d:type="cDeltaString"></Polish>
					<Russian d:type="cDeltaString"></Russian>
					<Other/>
					<Key d:type="cDeltaString">a22b2e86-2028-422d-a495-15f5fe3910f0</Key>
				</Localisation-cUserLocalisedString>
			</StartLocation>
			<LocoClass d:type="cDeltaString">LOCO_CLASS_DIESEL</LocoClass>
			<LocoAuthor d:type="cDeltaString">DTG</LocoAuthor>
			<FilePath d:type="cDeltaString">DTG\SouthWales01\RailVehicles\Diesel\Class175\ATW2_AP\DMSL</FilePath>
			<Longitude d:type="sFloat64" d:alt_encoding="DE4D82F632B306C0" d:precision="string">-2.8375</Longitude>
			<Latitude d:type="sFloat64" d:alt_encoding="565955E59D384A40" d:precision="string">52.4423</Latitude>
			<Height d:type="sFloat32" d:alt_encoding="00000040A90B5E40" d:precision="string">120.182</Height>
			<PlayerDriver d:type="bool">0</PlayerDriver>
		</sDriverFrontEndDetails>
		<sDriverFrontEndDetails d:id="298545514">
			<ServiceName>
				<Localisation-cUserLocalisedString>
					<English d:type="cDeltaString">1V98 16:50 Holyhead - Cardiff Central</English>
					<French d:type="cDeltaString"></French>
					<Italian d:type="cDeltaString"></Italian>
					<German d:type="cDeltaString"></German>
					<Spanish d:type="cDeltaString"></Spanish>
					<Dutch d:type="cDeltaString"></Dutch>
					<Polish d:type="cDeltaString"></Polish>
					<Russian d:type="cDeltaString"></Russian>
					<Other/>
					<Key d:type="cDeltaString">dc91f3c0-7265-4c55-8c4d-d09f44c32b0f</Key>
				</Localisation-cUserLocalisedString>
			</ServiceName>
			<LocoName>
				<Localisation-cUserLocalisedString>
					<English d:type="cDeltaString">Class 175 Arriva Trains Wales AP</English>
					<French d:type="cDeltaString"></French>
					<Italian d:type="cDeltaString"></Italian>
					<German d:type="cDeltaString"></German>
					<Spanish d:type="cDeltaString"></Spanish>
					<Dutch d:type="cDeltaString"></Dutch>
					<Polish d:type="cDeltaString"></Polish>
					<Russian d:type="cDeltaString"></Russian>
					<Other/>
					<Key d:type="cDeltaString">f976dcc4-4fa3-493c-9711-4465be7fe51a</Key>
				</Localisation-cUserLocalisedString>
			</LocoName>
			<LocoBP>
				<iBlueprintLibrary-cAbsoluteBlueprintID>
					<BlueprintSetID>
						<iBlueprintLibrary-cBlueprintSetID>
							<Provider d:type="cDeltaString">DTG</Provider>
							<Product d:type="cDeltaString">SouthWales01</Product>
						</iBlueprintLibrary-cBlueprintSetID>
					</BlueprintSetID>
					<BlueprintID d:type="cDeltaString">RailVehicles\Diesel\Class175\ATW2_AP\DMSL\175_DMSLB.xml</BlueprintID>
				</iBlueprintLibrary-cAbsoluteBlueprintID>
			</LocoBP>
			<StartLocation>
				<Localisation-cUserLocalisedString>
					<English d:type="cDeltaString">Ludlow Platform 2</English>
					<French d:type="cDeltaString"></French>
					<Italian d:type="cDeltaString"></Italian>
					<German d:type="cDeltaString"></German>
					<Spanish d:type="cDeltaString"></Spanish>
					<Dutch d:type="cDeltaString"></Dutch>
					<Polish d:type="cDeltaString"></Polish>
					<Russian d:type="cDeltaString"></Russian>
					<Other/>
					<Key d:type="cDeltaString">0aefdd21-13d2-4ac4-8898-3b99c9ab3ea4</Key>
				</Localisation-cUserLocalisedString>
			</StartLocation>
			<LocoClass d:type="cDeltaString">LOCO_CLASS_DIESEL</LocoClass>
			<LocoAuthor d:type="cDeltaString">DTG</LocoAuthor>
			<FilePath d:type="cDeltaString">DTG\SouthWales01\RailVehicles\Diesel\Class175\ATW2_AP\DMSL</FilePath>
			<Longitude d:type="sFloat64" d:alt_encoding="E663D37070BA05C0" d:precision="string">-2.71603</Longitude>
			<Latitude d:type="sFloat64" d:alt_encoding="AD1447C1852F4A40" d:precision="string">52.3713</Latitude>
			<Height d:type="sFloat32" d:alt_encoding="000000003F6E5640" d:precision="string">89.7226</Height>
			<PlayerDriver d:type="bool">0</PlayerDriver>
		</sDriverFrontEndDetails>
		<sDriverFrontEndDetails d:id="298545854">
			<ServiceName>
				<Localisation-cUserLocalisedString>
					<English d:type="cDeltaString">1V58 17:30 Manchester Piccadilly - Cardiff Central</English>
					<French d:type="cDeltaString"></French>
					<Italian d:type="cDeltaString"></Italian>
					<German d:type="cDeltaString"></German>
					<Spanish d:type="cDeltaString"></Spanish>
					<Dutch d:type="cDeltaString"></Dutch>
					<Polish d:type="cDeltaString"></Polish>
					<Russian d:type="cDeltaString"></Russian>
					<Other/>
					<Key d:type="cDeltaString">55271bf8-ca3a-40ac-8dd7-95f78d934654</Key>
				</Localisation-cUserLocalisedString>
			</ServiceName>
			<LocoName>
				<Localisation-cUserLocalisedString>
					<English d:type="cDeltaString">Class 175 Arriva Trains Wales AP</English>
					<French d:type="cDeltaString"></French>
					<Italian d:type="cDeltaString"></Italian>
					<German d:type="cDeltaString"></German>
					<Spanish d:type="cDeltaString"></Spanish>
					<Dutch d:type="cDeltaString"></Dutch>
					<Polish d:type="cDeltaString"></Polish>
					<Russian d:type="cDeltaString"></Russian>
					<Other/>
					<Key d:type="cDeltaString">819c6962-88ec-4bb9-8e71-e3d9c9c6f38c</Key>
				</Localisation-cUserLocalisedString>
			</LocoName>
			<LocoBP>
				<iBlueprintLibrary-cAbsoluteBlueprintID>
					<BlueprintSetID>
						<iBlueprintLibrary-cBlueprintSetID>
							<Provider d:type="cDeltaString">DTG</Provider>
							<Product d:type="cDeltaString">SouthWales01</Product>
						</iBlueprintLibrary-cBlueprintSetID>
					</BlueprintSetID>
					<BlueprintID d:type="cDeltaString">RailVehicles\Diesel\Class175\ATW2_AP\DMSL\175_DMSLB.xml</BlueprintID>
				</iBlueprintLibrary-cAbsoluteBlueprintID>
			</LocoBP>
			<StartLocation>
				<Localisation-cUserLocalisedString>
					<English d:type="cDeltaString">Hereford Platform 2</English>
					<French d:type="cDeltaString"></French>
					<Italian d:type="cDeltaString"></Italian>
					<German d:type="cDeltaString"></German>
					<Spanish d:type="cDeltaString"></Spanish>
					<Dutch d:type="cDeltaString"></Dutch>
					<Polish d:type="cDeltaString"></Polish>
					<Russian d:type="cDeltaString"></Russian>
					<Other/>
					<Key d:type="cDeltaString">38d4898d-7507-4906-864e-afcc23b1f4af</Key>
				</Localisation-cUserLocalisedString>
			</StartLocation>
			<LocoClass d:type="cDeltaString">LOCO_CLASS_DIESEL</LocoClass>
			<LocoAuthor d:type="cDeltaString">DTG</LocoAuthor>
			<FilePath d:type="cDeltaString">DTG\SouthWales01\RailVehicles\Diesel\Class175\ATW2_AP\DMSL</FilePath>
			<Longitude d:type="sFloat64" d:alt_encoding="733924D53EAB05C0" d:precision="string">-2.70862</Longitude>
			<Latitude d:type="sFloat64" d:alt_encoding="BDDFC9C1E0074A40" d:precision="string">52.0615</Latitude>
			<Height d:type="sFloat32" d:alt_encoding="000000A0EDD25140" d:precision="string">71.2958</Height>
			<PlayerDriver d:type="bool">0</PlayerDriver>
		</sDriverFrontEndDetails>
		<sDriverFrontEndDetails d:id="298545106">
			<ServiceName>
				<Localisation-cUserLocalisedString>
					<English d:type="cDeltaString">1V50 16:30 Manchester Piccadilly - Milford Haven</English>
					<French d:type="cDeltaString"></French>
					<Italian d:type="cDeltaString"></Italian>
					<German d:type="cDeltaString"></German>
					<Spanish d:type="cDeltaString"></Spanish>
					<Dutch d:type="cDeltaString"></Dutch>
					<Polish d:type="cDeltaString"></Polish>
					<Russian d:type="cDeltaString"></Russian>
					<Other/>
					<Key d:type="cDeltaString">f7b76b06-f21e-405f-a8b6-313e19976efa</Key>
				</Localisation-cUserLocalisedString>
			</ServiceName>
			<LocoName>
				<Localisation-cUserLocalisedString>
					<English d:type="cDeltaString">Class 175 Arriva Trains Wales AP</English>
					<French d:type="cDeltaString"></French>
					<Italian d:type="cDeltaString"></Italian>
					<German d:type="cDeltaString"></German>
					<Spanish d:type="cDeltaString"></Spanish>
					<Dutch d:type="cDeltaString"></Dutch>
					<Polish d:type="cDeltaString"></Polish>
					<Russian d:type="cDeltaString"></Russian>
					<Other/>
					<Key d:type="cDeltaString">f2614a56-6a63-4cbb-8502-c8c4f5c2934f</Key>
				</Localisation-cUserLocalisedString>
			</LocoName>
			<LocoBP>
				<iBlueprintLibrary-cAbsoluteBlueprintID>
					<BlueprintSetID>
						<iBlueprintLibrary-cBlueprintSetID>
							<Provider d:type="cDeltaString">DTG</Provider>
							<Product d:type="cDeltaString">SouthWales01</Product>
						</iBlueprintLibrary-cBlueprintSetID>
					</BlueprintSetID>
					<BlueprintID d:type="cDeltaString">RailVehicles\Diesel\Class175\ATW2_AP\DMSL\175_DMSLB.xml</BlueprintID>
				</iBlueprintLibrary-cAbsoluteBlueprintID>
			</LocoBP>
			<StartLocation>
				<Localisation-cUserLocalisedString>
					<English d:type="cDeltaString">Cwmbran Platform 1</English>
					<French d:type="cDeltaString"></French>
					<Italian d:type="cDeltaString"></Italian>
					<German d:type="cDeltaString"></German>
					<Spanish d:type="cDeltaString"></Spanish>
					<Dutch d:type="cDeltaString"></Dutch>
					<Polish d:type="cDeltaString"></Polish>
					<Russian d:type="cDeltaString"></Russian>
					<Other/>
					<Key d:type="cDeltaString">1fba8616-8cbf-4d3e-89f3-4d816d586661</Key>
				</Localisation-cUserLocalisedString>
			</StartLocation>
			<LocoClass d:type="cDeltaString">LOCO_CLASS_DIESEL</LocoClass>
			<LocoAuthor d:type="cDeltaString">DTG</LocoAuthor>
			<FilePath d:type="cDeltaString">DTG\SouthWales01\RailVehicles\Diesel\Class175\ATW2_AP\DMSL</FilePath>
			<Longitude d:type="sFloat64" d:alt_encoding="1430BB60C02008C0" d:precision="string">-3.01599</Longitude>
			<Latitude d:type="sFloat64" d:alt_encoding="9D3B5B4134D44940" d:precision="string">51.6578</Latitude>
			<Height d:type="sFloat32" d:alt_encoding="0000006097485040" d:precision="string">65.1342</Height>
			<PlayerDriver d:type="bool">0</PlayerDriver>
		</sDriverFrontEndDetails>
		<sDriverFrontEndDetails d:id="298544834">
			<ServiceName>
				<Localisation-cUserLocalisedString>
					<English d:type="cDeltaString">1B63 17:15 Paddington - Carmarthen</English>
					<French d:type="cDeltaString"></French>
					<Italian d:type="cDeltaString"></Italian>
					<German d:type="cDeltaString"></German>
					<Spanish d:type="cDeltaString"></Spanish>
					<Dutch d:type="cDeltaString"></Dutch>
					<Polish d:type="cDeltaString"></Polish>
					<Russian d:type="cDeltaString"></Russian>
					<Other/>
					<Key d:type="cDeltaString">b1c455c5-6458-486a-95b8-bf5ce0b3d96f</Key>
				</Localisation-cUserLocalisedString>
			</ServiceName>
			<LocoName>
				<Localisation-cUserLocalisedString>
					<English d:type="cDeltaString">High Speed Train First Great Western AP</English>
					<French d:type="cDeltaString"></French>
					<Italian d:type="cDeltaString"></Italian>
					<German d:type="cDeltaString"></German>
					<Spanish d:type="cDeltaString"></Spanish>
					<Dutch d:type="cDeltaString"></Dutch>
					<Polish d:type="cDeltaString"></Polish>
					<Russian d:type="cDeltaString"></Russian>
					<Other/>
					<Key d:type="cDeltaString">88104b69-cea0-43bf-ae2a-216354b6cce8</Key>
				</Localisation-cUserLocalisedString>
			</LocoName>
			<LocoBP>
				<iBlueprintLibrary-cAbsoluteBlueprintID>
					<BlueprintSetID>
						<iBlueprintLibrary-cBlueprintSetID>
							<Provider d:type="cDeltaString">Kuju</Provider>
							<Product d:type="cDeltaString">RailSimulator</Product>
						</iBlueprintLibrary-cBlueprintSetID>
					</BlueprintSetID>
					<BlueprintID d:type="cDeltaString">RailVehicles\Diesel\HST\FGW_AP\Class43\class43_fgw.xml</BlueprintID>
				</iBlueprintLibrary-cAbsoluteBlueprintID>
			</LocoBP>
			<StartLocation>
				<Localisation-cUserLocalisedString>
					<English d:type="cDeltaString">Maindee Junction Down Main</English>
					<French d:type="cDeltaString"></French>
					<Italian d:type="cDeltaString"></Italian>
					<German d:type="cDeltaString"></German>
					<Spanish d:type="cDeltaString"></Spanish>
					<Dutch d:type="cDeltaString"></Dutch>
					<Polish d:type="cDeltaString"></Polish>
					<Russian d:type="cDeltaString"></Russian>
					<Other/>
					<Key d:type="cDeltaString">238a5df8-d823-4e61-a4a6-3254d65cfab2</Key>
				</Localisation-cUserLocalisedString>
			</StartLocation>
			<LocoClass d:type="cDeltaString">LOCO_CLASS_DIESEL</LocoClass>
			<LocoAuthor d:type="cDeltaString">Kuju</LocoAuthor>
			<FilePath d:type="cDeltaString">Kuju\RailSimulator\RailVehicles\Diesel\HST\FGW_AP\Class43</FilePath>
			<Longitude d:type="sFloat64" d:alt_encoding="EAEEAF493CEA07C0" d:precision="string">-2.98937</Longitude>
			<Latitude d:type="sFloat64" d:alt_encoding="FDE14E12C5CB4940" d:precision="string">51.592</Latitude>
			<Height d:type="sFloat32" d:alt_encoding="0000002046B62540" d:precision="string">10.856</Height>
			<PlayerDriver d:type="bool">0</PlayerDriver>
		</sDriverFrontEndDetails>
		<sDriverFrontEndDetails d:id="298547146">
			<ServiceName>
				<Localisation-cUserLocalisedString>
					<English d:type="cDeltaString">1W74</English>
					<French d:type="cDeltaString"></French>
					<Italian d:type="cDeltaString"></Italian>
					<German d:type="cDeltaString"></German>
					<Spanish d:type="cDeltaString"></Spanish>
					<Dutch d:type="cDeltaString"></Dutch>
					<Polish d:type="cDeltaString"></Polish>
					<Russian d:type="cDeltaString"></Russian>
					<Other/>
					<Key d:type="cDeltaString">a12231fc-3abb-4509-8151-dfe191b3de0d</Key>
				</Localisation-cUserLocalisedString>
			</ServiceName>
			<LocoName>
				<Localisation-cUserLocalisedString>
					<English d:type="cDeltaString">Class 175 Arriva Trains Wales AP</English>
					<French d:type="cDeltaString"></French>
					<Italian d:type="cDeltaString"></Italian>
					<German d:type="cDeltaString"></German>
					<Spanish d:type="cDeltaString"></Spanish>
					<Dutch d:type="cDeltaString"></Dutch>
					<Polish d:type="cDeltaString"></Polish>
					<Russian d:type="cDeltaString"></Russian>
					<Other/>
					<Key d:type="cDeltaString">ca199c17-90dd-4f55-9b51-c2443845fc51</Key>
				</Localisation-cUserLocalisedString>
			</LocoName>
			<LocoBP>
				<iBlueprintLibrary-cAbsoluteBlueprintID>
					<BlueprintSetID>
						<iBlueprintLibrary-cBlueprintSetID>
							<Provider d:type="cDeltaString">DTG</Provider>
							<Product d:type="cDeltaString">SouthWales01</Product>
						</iBlueprintLibrary-cBlueprintSetID>
					</BlueprintSetID>
					<BlueprintID d:type="cDeltaString">RailVehicles\Diesel\Class175\ATW2_AP\DMSL\175_DMSLB.xml</BlueprintID>
				</iBlueprintLibrary-cAbsoluteBlueprintID>
			</LocoBP>
			<StartLocation>
				<Localisation-cUserLocalisedString>
					<English d:type="cDeltaString">Newport Platform 4</English>
					<French d:type="cDeltaString"></French>
					<Italian d:type="cDeltaString"></Italian>
					<German d:type="cDeltaString"></German>
					<Spanish d:type="cDeltaString"></Spanish>
					<Dutch d:type="cDeltaString"></Dutch>
					<Polish d:type="cDeltaString"></Polish>
					<Russian d:type="cDeltaString"></Russian>
					<Other/>
					<Key d:type="cDeltaString">506b2758-6314-4159-a52b-421bbfd2af50</Key>
				</Localisation-cUserLocalisedString>
			</StartLocation>
			<LocoClass d:type="cDeltaString">LOCO_CLASS_DIESEL</LocoClass>
			<LocoAuthor d:type="cDeltaString">DTG</LocoAuthor>
			<FilePath d:type="cDeltaString">DTG\SouthWales01\RailVehicles\Diesel\Class175\ATW2_AP\DMSL</FilePath>
			<Longitude d:type="sFloat64" d:alt_encoding="4DD952FE840108C0" d:precision="string">-3.00074</Longitude>
			<Latitude d:type="sFloat64" d:alt_encoding="D14478F85FCB4940" d:precision="string">51.5889</Latitude>
			<Height d:type="sFloat32" d:alt_encoding="000000A079772840" d:precision="string">12.2333</Height>
			<PlayerDriver d:type="bool">1</PlayerDriver>
		</sDriverFrontEndDetails>
	</FrontEndDriverList>
	<RequiredSet>
		<iBlueprintLibrary-cBlueprintSetID d:id="173256028">
			<Provider d:type="cDeltaString">DTG</Provider>
			<Product d:type="cDeltaString">SouthWales01</Product>
		</iBlueprintLibrary-cBlueprintSetID>
		<iBlueprintLibrary-cBlueprintSetID d:id="173256030">
			<Provider d:type="cDeltaString">Kuju</Provider>
			<Product d:type="cDeltaString">RailSimulator</Product>
		</iBlueprintLibrary-cBlueprintSetID>
		<iBlueprintLibrary-cBlueprintSetID d:id="173256032">
			<Provider d:type="cDeltaString">Thomson</Provider>
			<Product d:type="cDeltaString">Class170Pack01</Product>
		</iBlueprintLibrary-cBlueprintSetID>
	</RequiredSet>
	<Gizmo>
		<cOwnedEntity d:id="177509422">
			<Component>
				<cEditorSceneryRender d:id="217099514">
					<DetailLevel d:type="sInt32">10</DetailLevel>
					<Global d:type="bool">0</Global>
					<Saved d:type="bool">1</Saved>
					<Palette0Index d:type="sUInt8">219</Palette0Index>
					<Palette1Index d:type="sUInt8">215</Palette1Index>
					<Palette2Index d:type="sUInt8">199</Palette2Index>
				</cEditorSceneryRender>
				<cPosOri d:id="217080332">
					<Scale d:numElements="4" d:elementType="sFloat32" d:precision="string">1.0000000 1.0000000 1.0000000 0.0000000</Scale>
					<RFarMatrix>
						<cFarMatrix d:id="217080338">
							<Height d:type="sFloat32" d:alt_encoding="000000203A522940" d:precision="string">12.6606</Height>
							<RXAxis d:numElements="4" d:elementType="sFloat32" d:precision="string">1.0000000 0.0000000 0.0000000 0.0000000</RXAxis>
							<RYAxis d:numElements="4" d:elementType="sFloat32" d:precision="string">0.0000000 1.0000000 0.0000000 0.0000000</RYAxis>
							<RZAxis d:numElements="4" d:elementType="sFloat32" d:precision="string">0.0000000 0.0000000 1.0000000 0.0000000</RZAxis>
							<RFarPosition>
								<cFarVector2 d:id="217080345">
									<X>
										<cFarCoordinate>
											<RouteCoordinate>
												<cRouteCoordinate>
													<Distance d:type="sInt32">-15</Distance>
												</cRouteCoordinate>
											</RouteCoordinate>
											<TileCoordinate>
												<cTileCoordinate>
													<Distance d:type="sFloat32" d:alt_encoding="000000A0B23C3240" d:precision="string">18.2371</Distance>
												</cTileCoordinate>
											</TileCoordinate>
										</cFarCoordinate>
									</X>
									<Z>
										<cFarCoordinate>
											<RouteCoordinate>
												<cRouteCoordinate>
													<Distance d:type="sInt32">0</Distance>
												</cRouteCoordinate>
											</RouteCoordinate>
											<TileCoordinate>
												<cTileCoordinate>
													<Distance d:type="sFloat32" d:alt_encoding="00000000D58B8040" d:precision="string">529.479</Distance>
												</cTileCoordinate>
											</TileCoordinate>
										</cFarCoordinate>
									</Z>
								</cFarVector2>
							</RFarPosition>
						</cFarMatrix>
					</RFarMatrix>
				</cPosOri>
				<cScriptComponent d:id="217114334">
					<DebugDisplay d:type="bool">1</DebugDisplay>
					<StateName d:type="cDeltaString"></StateName>
				</cScriptComponent>
			</Component>
			<BlueprintID>
				<iBlueprintLibrary-cAbsoluteBlueprintID>
					<BlueprintSetID>
						<iBlueprintLibrary-cBlueprintSetID>
							<Provider d:type="cDeltaString">Kuju</Provider>
							<Product d:type="cDeltaString">RailSimulatorCore</Product>
						</iBlueprintLibrary-cBlueprintSetID>
					</BlueprintSetID>
					<BlueprintID d:type="cDeltaString">Editor\Gizmo\Scenario Markers\Standard Scenario Marker.xml</BlueprintID>
				</iBlueprintLibrary-cAbsoluteBlueprintID>
			</BlueprintID>
			<ReskinBlueprintID>
				<iBlueprintLibrary-cAbsoluteBlueprintID>
					<BlueprintSetID>
						<iBlueprintLibrary-cBlueprintSetID>
							<Provider d:type="cDeltaString"></Provider>
							<Product d:type="cDeltaString"></Product>
						</iBlueprintLibrary-cBlueprintSetID>
					</BlueprintSetID>
					<BlueprintID d:type="cDeltaString"></BlueprintID>
				</iBlueprintLibrary-cAbsoluteBlueprintID>
			</ReskinBlueprintID>
			<Name d:type="cDeltaString">Standard Scenario Marker</Name>
			<EntityID>
				<cGUID>
					<UUID>
						<e d:type="sUInt64">4904896832920269498</e>
						<e d:type="sUInt64">5290184535287896225</e>
					</UUID>
					<DevString d:type="cDeltaString">aa26b2ba-b1ae-4411-a198-1966ce826a49</DevString>
				</cGUID>
			</EntityID>
		</cOwnedEntity>
	</Gizmo>
	<SimulationTime d:type="sFloat32" d:alt_encoding="0000000000000000" d:precision="string">0</SimulationTime>
	<AuthoredLanguage d:type="cDeltaString">en</AuthoredLanguage>
	<Version d:type="sFloat32" d:alt_encoding="000000000000F03F" d:precision="string">1</Version>
	<Author d:type="cDeltaString"></Author>
	<DispatcherVersion d:type="cDeltaString">V1</DispatcherVersion>
	<RBlueprintSetPreLoad>
		<iBlueprintLibrary-cBlueprintSetID d:id="172949188">
			<Provider d:type="cDeltaString">AP</Provider>
			<Product d:type="cDeltaString">C175EP</Product>
		</iBlueprintLibrary-cBlueprintSetID>
		<iBlueprintLibrary-cBlueprintSetID d:id="172949190">
			<Provider d:type="cDeltaString">DTG</Provider>
			<Product d:type="cDeltaString">SouthWales02</Product>
		</iBlueprintLibrary-cBlueprintSetID>
		<iBlueprintLibrary-cBlueprintSetID d:id="172949192">
			<Provider d:type="cDeltaString">DTG</Provider>
			<Product d:type="cDeltaString">SouthWales01</Product>
		</iBlueprintLibrary-cBlueprintSetID>
		<iBlueprintLibrary-cBlueprintSetID d:id="172949194">
			<Provider d:type="cDeltaString">Kuju</Provider>
			<Product d:type="cDeltaString">RailSimulator</Product>
		</iBlueprintLibrary-cBlueprintSetID>
		<iBlueprintLibrary-cBlueprintSetID d:id="172949196">
			<Provider d:type="cDeltaString">AP</Provider>
			<Product d:type="cDeltaString">C43MTUEP</Product>
		</iBlueprintLibrary-cBlueprintSetID>
		<iBlueprintLibrary-cBlueprintSetID d:id="172949198">
			<Provider d:type="cDeltaString">Thomson</Provider>
			<Product d:type="cDeltaString">Class170Pack01</Product>
		</iBlueprintLibrary-cBlueprintSetID>
		<iBlueprintLibrary-cBlueprintSetID d:id="172949200">
			<Provider d:type="cDeltaString">AP</Provider>
			<Product d:type="cDeltaString">C170EP</Product>
		</iBlueprintLibrary-cBlueprintSetID>
	</RBlueprintSetPreLoad>
	<NamedEntity/>
	<Condition/>
	<DeferredEvent/>
	<CheckedCondition/>
	<CareerRules>
		<d:nil/>
	</CareerRules>
	<MD5 d:type="cDeltaString">15E461E0CDDF6925DE00218D75686FAC</MD5>
	<MessageEvent/>
	<SimpleControlsOnly d:type="bool">0</SimpleControlsOnly>
	<ExpertControlsOnly d:type="bool">0</ExpertControlsOnly>
	<LocksScenario/>
	<StartDestString/>
	<TemplateStartDestMapping/>
	<IsTemplateGenerated d:type="bool">0</IsTemplateGenerated>
	<TemplateScenarioGUID>
		<cGUID>
			<UUID>
				<e d:type="sUInt64">0</e>
				<e d:type="sUInt64">0</e>
			</UUID>
			<DevString d:type="cDeltaString">00000000-0000-0000-0000-000000000000</DevString>
		</cGUID>
	</TemplateScenarioGUID>
	<WorkshopId d:type="sUInt64">0</WorkshopId>
	<WorkshopBy d:type="sUInt64">0</WorkshopBy>
	<WorkshopTags d:type="cDeltaString"></WorkshopTags>
	<StartInCab d:type="bool">0</StartInCab>
	<IsClonedDLC d:type="bool">0</IsClonedDLC>
	<StartLongitude d:type="sFloat64" d:alt_encoding="0000000000000000" d:precision="string">0</StartLongitude>
	<StartLatitude d:type="sFloat64" d:alt_encoding="0000000000000000" d:precision="string">0</StartLatitude>
	<StartHeight d:type="sFloat32" d:alt_encoding="0000000000000000" d:precision="string">0</StartHeight>
	<QuickDriveStartName d:type="cDeltaString"></QuickDriveStartName>
	<QuickDriveEndName d:type="cDeltaString"></QuickDriveEndName>
	<QuickDrivePlayerConsistName d:type="cDeltaString"></QuickDrivePlayerConsistName>
</cScenarioProperties>
