<?xml version="1.0" encoding="utf-8"?>
<cScenarioProperties xmlns:d="http://www.kuju.com/TnT/2003/Delta" d:version="1.0" d:id="438879740">
	<ID>
		<cGUID>
			<UUID>
				<e d:type="sUInt64">5178360244105887550</e>
				<e d:type="sUInt64">9598935442991473054</e>
			</UUID>
			<DevString d:type="cDeltaString">b4efbf3e-3b34-47dd-9ee1-6995ed443685</DevString>
		</cGUID>
	</ID>
	<String/>
	<DisplayName>
		<Localisation-cUserLocalisedString>
			<English d:type="cDeltaString">[CW] 1S46 10:07 Manchester Airport - Edinburgh</English>
			<French d:type="cDeltaString"></French>
			<Italian d:type="cDeltaString"></Italian>
			<German d:type="cDeltaString"></German>
			<Spanish d:type="cDeltaString"></Spanish>
			<Dutch d:type="cDeltaString"></Dutch>
			<Polish d:type="cDeltaString"></Polish>
			<Russian d:type="cDeltaString"></Russian>
			<Other/>
			<Key d:type="cDeltaString">e614ed4f-bfc3-43cb-9a2c-d5da77b95764</Key>
		</Localisation-cUserLocalisedString>
	</DisplayName>
	<Description>
		<Localisation-cUserLocalisedString>
			<English d:type="cDeltaString">Once a day, TransPennine Express operate a Manchester Airport to Edinburgh service with an unusual stopping pattern - calling at Preston before running non-stop to Carlisle, then stopping at Lockerbie and Haymarket. Drive a TransPennine Express Class 350/4 on this service, there are residual delays in the area due to earlier disruption.
Part 1, Preston to Carlisle.</English>
			<French d:type="cDeltaString"></French>
			<Italian d:type="cDeltaString"></Italian>
			<German d:type="cDeltaString"></German>
			<Spanish d:type="cDeltaString"></Spanish>
			<Dutch d:type="cDeltaString"></Dutch>
			<Polish d:type="cDeltaString"></Polish>
			<Russian d:type="cDeltaString"></Russian>
			<Other/>
			<Key d:type="cDeltaString">6fa994f5-dc60-4883-9d51-f856c801955e</Key>
		</Localisation-cUserLocalisedString>
	</Description>
	<Briefing>
		<Localisation-cUserLocalisedString>
			<English d:type="cDeltaString"></English>
			<French d:type="cDeltaString"></French>
			<Italian d:type="cDeltaString"></Italian>
			<German d:type="cDeltaString"></German>
			<Spanish d:type="cDeltaString"></Spanish>
			<Dutch d:type="cDeltaString"></Dutch>
			<Polish d:type="cDeltaString"></Polish>
			<Russian d:type="cDeltaString"></Russian>
			<Other/>
			<Key d:type="cDeltaString">b08052ce-fbeb-4dbf-8d3f-12875a32e8a4</Key>
		</Localisation-cUserLocalisedString>
	</Briefing>
	<StartLocation>
		<Localisation-cUserLocalisedString>
			<English d:type="cDeltaString">PRE</English>
			<French d:type="cDeltaString"></French>
			<Italian d:type="cDeltaString"></Italian>
			<German d:type="cDeltaString"></German>
			<Spanish d:type="cDeltaString"></Spanish>
			<Dutch d:type="cDeltaString"></Dutch>
			<Polish d:type="cDeltaString"></Polish>
			<Russian d:type="cDeltaString"></Russian>
			<Other/>
			<Key d:type="cDeltaString">3d38b4f8-e58e-4482-8a2f-579391cf3b6c</Key>
		</Localisation-cUserLocalisedString>
	</StartLocation>
	<ScenarioClass d:type="cDeltaString">eStandardScenarioClass</ScenarioClass>
	<StartTime d:type="sFloat32" d:alt_encoding="000000000092E340" d:precision="string">40080</StartTime>
	<DurationMins d:type="sInt32">150</DurationMins>
	<StartDD d:type="sInt32">1</StartDD>
	<StartMM d:type="sInt32">7</StartMM>
	<StartYYYY d:type="sInt32">2010</StartYYYY>
	<Season d:type="cDeltaString">SEASON_SUMMER</Season>
	<WeatherBlueprint>
		<iBlueprintLibrary-cAbsoluteBlueprintID>
			<BlueprintSetID>
				<iBlueprintLibrary-cBlueprintSetID>
					<Provider d:type="cDeltaString">Kuju</Provider>
					<Product d:type="cDeltaString">RailSimulatorCore</Product>
				</iBlueprintLibrary-cBlueprintSetID>
			</BlueprintSetID>
			<BlueprintID d:type="cDeltaString">Weather\RW_Cloudy.xml</BlueprintID>
		</iBlueprintLibrary-cAbsoluteBlueprintID>
	</WeatherBlueprint>
	<WeatherExtensionBlueprint>
		<iBlueprintLibrary-cAbsoluteBlueprintID>
			<BlueprintSetID>
				<iBlueprintLibrary-cBlueprintSetID>
					<Provider d:type="cDeltaString"></Provider>
					<Product d:type="cDeltaString"></Product>
				</iBlueprintLibrary-cBlueprintSetID>
			</BlueprintSetID>
			<BlueprintID d:type="cDeltaString"></BlueprintID>
		</iBlueprintLibrary-cAbsoluteBlueprintID>
	</WeatherExtensionBlueprint>
	<Rating d:type="sInt32">2</Rating>
	<LocoClass d:type="cDeltaString">LOCO_CLASS_DIESEL</LocoClass>
	<HasRollingStart d:type="bool">0</HasRollingStart>
	<LoadedFromRollingStart d:type="bool">0</LoadedFromRollingStart>
	<FrontEndDriverList>
		<sDriverFrontEndDetails d:id="489531096">
			<ServiceName>
				<Localisation-cUserLocalisedString>
					<English d:type="cDeltaString">11:23 Motherwell TMD - Carlisle Kingmoor</English>
					<French d:type="cDeltaString"></French>
					<Italian d:type="cDeltaString"></Italian>
					<German d:type="cDeltaString"></German>
					<Spanish d:type="cDeltaString"></Spanish>
					<Dutch d:type="cDeltaString"></Dutch>
					<Polish d:type="cDeltaString"></Polish>
					<Russian d:type="cDeltaString"></Russian>
					<Other/>
					<Key d:type="cDeltaString">1243b7f6-e66d-4032-8774-f70d38996021</Key>
				</Localisation-cUserLocalisedString>
			</ServiceName>
			<LocoName>
				<Localisation-cUserLocalisedString>
					<English d:type="cDeltaString">Class 68 Direct Rail Services AP</English>
					<French d:type="cDeltaString"></French>
					<Italian d:type="cDeltaString"></Italian>
					<German d:type="cDeltaString"></German>
					<Spanish d:type="cDeltaString"></Spanish>
					<Dutch d:type="cDeltaString"></Dutch>
					<Polish d:type="cDeltaString"></Polish>
					<Russian d:type="cDeltaString"></Russian>
					<Other/>
					<Key d:type="cDeltaString">43fd924d-1236-4751-9b5c-3d96a2a4468c</Key>
				</Localisation-cUserLocalisedString>
			</LocoName>
			<LocoBP>
				<iBlueprintLibrary-cAbsoluteBlueprintID>
					<BlueprintSetID>
						<iBlueprintLibrary-cBlueprintSetID>
							<Provider d:type="cDeltaString">DTG</Provider>
							<Product d:type="cDeltaString">Class68Pack01</Product>
						</iBlueprintLibrary-cBlueprintSetID>
					</BlueprintSetID>
					<BlueprintID d:type="cDeltaString">RailVehicles\Diesel\Class68\DRS_AP\Engine\Class68.xml</BlueprintID>
				</iBlueprintLibrary-cAbsoluteBlueprintID>
			</LocoBP>
			<StartLocation>
				<Localisation-cUserLocalisedString>
					<English d:type="cDeltaString">Beattock Up Loop</English>
					<French d:type="cDeltaString"></French>
					<Italian d:type="cDeltaString"></Italian>
					<German d:type="cDeltaString"></German>
					<Spanish d:type="cDeltaString"></Spanish>
					<Dutch d:type="cDeltaString"></Dutch>
					<Polish d:type="cDeltaString"></Polish>
					<Russian d:type="cDeltaString"></Russian>
					<Other/>
					<Key d:type="cDeltaString">2060aaa9-a3f1-4306-8f95-fccc14af4b2d</Key>
				</Localisation-cUserLocalisedString>
			</StartLocation>
			<LocoClass d:type="cDeltaString">LOCO_CLASS_DIESEL</LocoClass>
			<LocoAuthor d:type="cDeltaString">DTG</LocoAuthor>
			<FilePath d:type="cDeltaString">DTG\Class68Pack01\RailVehicles\Diesel\Class68\DRS_AP\Engine</FilePath>
			<Longitude d:type="sFloat64" d:alt_encoding="2787F961E3A40BC0" d:precision="string">-3.45551</Longitude>
			<Latitude d:type="sFloat64" d:alt_encoding="5B54E39A6BA74B40" d:precision="string">55.308</Latitude>
			<Height d:type="sFloat32" d:alt_encoding="00000060B8845D40" d:precision="string">118.074</Height>
			<PlayerDriver d:type="bool">0</PlayerDriver>
		</sDriverFrontEndDetails>
		<sDriverFrontEndDetails d:id="489531776">
			<ServiceName>
				<Localisation-cUserLocalisedString>
					<English d:type="cDeltaString">2Y42 12:16 Glasgow Central - Edinburgh</English>
					<French d:type="cDeltaString"></French>
					<Italian d:type="cDeltaString"></Italian>
					<German d:type="cDeltaString"></German>
					<Spanish d:type="cDeltaString"></Spanish>
					<Dutch d:type="cDeltaString"></Dutch>
					<Polish d:type="cDeltaString"></Polish>
					<Russian d:type="cDeltaString"></Russian>
					<Other/>
					<Key d:type="cDeltaString">e433d916-9c3b-4b52-b9d6-45201542ecbd</Key>
				</Localisation-cUserLocalisedString>
			</ServiceName>
			<LocoName>
				<Localisation-cUserLocalisedString>
					<English d:type="cDeltaString">AP Class 156 ScotRail Saltire</English>
					<French d:type="cDeltaString"></French>
					<Italian d:type="cDeltaString"></Italian>
					<German d:type="cDeltaString"></German>
					<Spanish d:type="cDeltaString"></Spanish>
					<Dutch d:type="cDeltaString"></Dutch>
					<Polish d:type="cDeltaString"></Polish>
					<Russian d:type="cDeltaString"></Russian>
					<Other/>
					<Key d:type="cDeltaString">87d9914e-58aa-405e-a7f7-98f0bb616581</Key>
				</Localisation-cUserLocalisedString>
			</LocoName>
			<LocoBP>
				<iBlueprintLibrary-cAbsoluteBlueprintID>
					<BlueprintSetID>
						<iBlueprintLibrary-cBlueprintSetID>
							<Provider d:type="cDeltaString">AP</Provider>
							<Product d:type="cDeltaString">Class156Pack01</Product>
						</iBlueprintLibrary-cBlueprintSetID>
					</BlueprintSetID>
					<BlueprintID d:type="cDeltaString">RailVehicles\Diesel\Liveries\SR_Salt\156_DMSB_PRM.xml</BlueprintID>
				</iBlueprintLibrary-cAbsoluteBlueprintID>
			</LocoBP>
			<StartLocation>
				<Localisation-cUserLocalisedString>
					<English d:type="cDeltaString">Midcalder Jcn Goods West</English>
					<French d:type="cDeltaString"></French>
					<Italian d:type="cDeltaString"></Italian>
					<German d:type="cDeltaString"></German>
					<Spanish d:type="cDeltaString"></Spanish>
					<Dutch d:type="cDeltaString"></Dutch>
					<Polish d:type="cDeltaString"></Polish>
					<Russian d:type="cDeltaString"></Russian>
					<Other/>
					<Key d:type="cDeltaString">a48a9d27-dd25-455a-b476-27a6fb7e9a16</Key>
				</Localisation-cUserLocalisedString>
			</StartLocation>
			<LocoClass d:type="cDeltaString">LOCO_CLASS_DIESEL</LocoClass>
			<LocoAuthor d:type="cDeltaString">AP</LocoAuthor>
			<FilePath d:type="cDeltaString">AP\Class156Pack01\RailVehicles\Diesel\Liveries\SR_Salt</FilePath>
			<Longitude d:type="sFloat64" d:alt_encoding="28DB8A2E8FC70BC0" d:precision="string">-3.47244</Longitude>
			<Latitude d:type="sFloat64" d:alt_encoding="2EC992503AEF4B40" d:precision="string">55.869</Latitude>
			<Height d:type="sFloat32" d:alt_encoding="00000000DADC6440" d:precision="string">166.902</Height>
			<PlayerDriver d:type="bool">0</PlayerDriver>
		</sDriverFrontEndDetails>
		<sDriverFrontEndDetails d:id="489529940">
			<ServiceName>
				<Localisation-cUserLocalisedString>
					<English d:type="cDeltaString">2L76 12:20 Carlisle - Dumfries</English>
					<French d:type="cDeltaString"></French>
					<Italian d:type="cDeltaString"></Italian>
					<German d:type="cDeltaString"></German>
					<Spanish d:type="cDeltaString"></Spanish>
					<Dutch d:type="cDeltaString"></Dutch>
					<Polish d:type="cDeltaString"></Polish>
					<Russian d:type="cDeltaString"></Russian>
					<Other/>
					<Key d:type="cDeltaString">d4f91828-e5f9-4914-ba5f-3d0a37d5d42b</Key>
				</Localisation-cUserLocalisedString>
			</ServiceName>
			<LocoName>
				<Localisation-cUserLocalisedString>
					<English d:type="cDeltaString">AP Class 156 ScotRail Saltire</English>
					<French d:type="cDeltaString"></French>
					<Italian d:type="cDeltaString"></Italian>
					<German d:type="cDeltaString"></German>
					<Spanish d:type="cDeltaString"></Spanish>
					<Dutch d:type="cDeltaString"></Dutch>
					<Polish d:type="cDeltaString"></Polish>
					<Russian d:type="cDeltaString"></Russian>
					<Other/>
					<Key d:type="cDeltaString">1febef3f-db03-4526-83f8-5a67a1e7895e</Key>
				</Localisation-cUserLocalisedString>
			</LocoName>
			<LocoBP>
				<iBlueprintLibrary-cAbsoluteBlueprintID>
					<BlueprintSetID>
						<iBlueprintLibrary-cBlueprintSetID>
							<Provider d:type="cDeltaString">AP</Provider>
							<Product d:type="cDeltaString">Class156Pack01</Product>
						</iBlueprintLibrary-cBlueprintSetID>
					</BlueprintSetID>
					<BlueprintID d:type="cDeltaString">RailVehicles\Diesel\Liveries\SR_Salt\156_DMSA_NL.xml</BlueprintID>
				</iBlueprintLibrary-cAbsoluteBlueprintID>
			</LocoBP>
			<StartLocation>
				<Localisation-cUserLocalisedString>
					<English d:type="cDeltaString">Carlisle Platform 7</English>
					<French d:type="cDeltaString"></French>
					<Italian d:type="cDeltaString"></Italian>
					<German d:type="cDeltaString"></German>
					<Spanish d:type="cDeltaString"></Spanish>
					<Dutch d:type="cDeltaString"></Dutch>
					<Polish d:type="cDeltaString"></Polish>
					<Russian d:type="cDeltaString"></Russian>
					<Other/>
					<Key d:type="cDeltaString">522388de-2e72-437f-8496-ef52528c0cdb</Key>
				</Localisation-cUserLocalisedString>
			</StartLocation>
			<LocoClass d:type="cDeltaString">LOCO_CLASS_DIESEL</LocoClass>
			<LocoAuthor d:type="cDeltaString">AP</LocoAuthor>
			<FilePath d:type="cDeltaString">AP\Class156Pack01\RailVehicles\Diesel\Liveries\SR_Salt</FilePath>
			<Longitude d:type="sFloat64" d:alt_encoding="4844F67E297907C0" d:precision="string">-2.93416</Longitude>
			<Latitude d:type="sFloat64" d:alt_encoding="922571E90F724B40" d:precision="string">54.8911</Latitude>
			<Height d:type="sFloat32" d:alt_encoding="0000000000783840" d:precision="string">24.4688</Height>
			<PlayerDriver d:type="bool">0</PlayerDriver>
		</sDriverFrontEndDetails>
		<sDriverFrontEndDetails d:id="489533340">
			<ServiceName>
				<Localisation-cUserLocalisedString>
					<English d:type="cDeltaString">1M10 09:40 Glasgow Central - Euston</English>
					<French d:type="cDeltaString"></French>
					<Italian d:type="cDeltaString"></Italian>
					<German d:type="cDeltaString"></German>
					<Spanish d:type="cDeltaString"></Spanish>
					<Dutch d:type="cDeltaString"></Dutch>
					<Polish d:type="cDeltaString"></Polish>
					<Russian d:type="cDeltaString"></Russian>
					<Other/>
					<Key d:type="cDeltaString">274b15a9-79b9-40b0-9262-51ed26c1e79b</Key>
				</Localisation-cUserLocalisedString>
			</ServiceName>
			<LocoName>
				<Localisation-cUserLocalisedString>
					<English d:type="cDeltaString">Class 390 &apos;Pendolino&apos;</English>
					<French d:type="cDeltaString"></French>
					<Italian d:type="cDeltaString"></Italian>
					<German d:type="cDeltaString"></German>
					<Spanish d:type="cDeltaString"></Spanish>
					<Dutch d:type="cDeltaString"></Dutch>
					<Polish d:type="cDeltaString"></Polish>
					<Russian d:type="cDeltaString"></Russian>
					<Other/>
					<Key d:type="cDeltaString">bc9ea377-9587-4364-864d-2b9e4393048a</Key>
				</Localisation-cUserLocalisedString>
			</LocoName>
			<LocoBP>
				<iBlueprintLibrary-cAbsoluteBlueprintID>
					<BlueprintSetID>
						<iBlueprintLibrary-cBlueprintSetID>
							<Provider d:type="cDeltaString">DTG</Provider>
							<Product d:type="cDeltaString">Class390Pack01</Product>
						</iBlueprintLibrary-cBlueprintSetID>
					</BlueprintSetID>
					<BlueprintID d:type="cDeltaString">RailVehicles\Electric\Class390\Default 2\DMSO\Class390DMSO.xml</BlueprintID>
				</iBlueprintLibrary-cAbsoluteBlueprintID>
			</LocoBP>
			<StartLocation>
				<Localisation-cUserLocalisedString>
					<English d:type="cDeltaString">Oxenholme Platform 1</English>
					<French d:type="cDeltaString"></French>
					<Italian d:type="cDeltaString"></Italian>
					<German d:type="cDeltaString"></German>
					<Spanish d:type="cDeltaString"></Spanish>
					<Dutch d:type="cDeltaString"></Dutch>
					<Polish d:type="cDeltaString"></Polish>
					<Russian d:type="cDeltaString"></Russian>
					<Other/>
					<Key d:type="cDeltaString">7380ef7d-1360-4b2a-a6dc-8b2633826b2e</Key>
				</Localisation-cUserLocalisedString>
			</StartLocation>
			<LocoClass d:type="cDeltaString">LOCO_CLASS_ELECTRIC</LocoClass>
			<LocoAuthor d:type="cDeltaString">DTG</LocoAuthor>
			<FilePath d:type="cDeltaString">DTG\Class390Pack01\RailVehicles\Electric\Class390\Default 2\DMSO</FilePath>
			<Longitude d:type="sFloat64" d:alt_encoding="9EB32AC5C5CA05C0" d:precision="string">-2.72401</Longitude>
			<Latitude d:type="sFloat64" d:alt_encoding="9951E10B0F274B40" d:precision="string">54.3051</Latitude>
			<Height d:type="sFloat32" d:alt_encoding="00000000E68B5640" d:precision="string">90.1859</Height>
			<PlayerDriver d:type="bool">0</PlayerDriver>
		</sDriverFrontEndDetails>
		<sDriverFrontEndDetails d:id="489531028">
			<ServiceName>
				<Localisation-cUserLocalisedString>
					<English d:type="cDeltaString">2F45 11:26 Preston - Ormskirk</English>
					<French d:type="cDeltaString"></French>
					<Italian d:type="cDeltaString"></Italian>
					<German d:type="cDeltaString"></German>
					<Spanish d:type="cDeltaString"></Spanish>
					<Dutch d:type="cDeltaString"></Dutch>
					<Polish d:type="cDeltaString"></Polish>
					<Russian d:type="cDeltaString"></Russian>
					<Other/>
					<Key d:type="cDeltaString">3c1fb325-7f8a-41da-8be5-405e408bab74</Key>
				</Localisation-cUserLocalisedString>
			</ServiceName>
			<LocoName>
				<Localisation-cUserLocalisedString>
					<English d:type="cDeltaString">Class 142 ex-Northern Rail</English>
					<French d:type="cDeltaString"></French>
					<Italian d:type="cDeltaString"></Italian>
					<German d:type="cDeltaString"></German>
					<Spanish d:type="cDeltaString"></Spanish>
					<Dutch d:type="cDeltaString"></Dutch>
					<Polish d:type="cDeltaString"></Polish>
					<Russian d:type="cDeltaString"></Russian>
					<Other/>
					<Key d:type="cDeltaString">691e19d9-f6f6-48a6-9870-4715c90518ac</Key>
				</Localisation-cUserLocalisedString>
			</LocoName>
			<LocoBP>
				<iBlueprintLibrary-cAbsoluteBlueprintID>
					<BlueprintSetID>
						<iBlueprintLibrary-cBlueprintSetID>
							<Provider d:type="cDeltaString">AP_Waggonz</Provider>
							<Product d:type="cDeltaString">Class142Pack</Product>
						</iBlueprintLibrary-cBlueprintSetID>
					</BlueprintSetID>
					<BlueprintID d:type="cDeltaString">RailVehicles\Class142\Ex-Northern Rail\DMSL\Class 142DMSL.xml</BlueprintID>
				</iBlueprintLibrary-cAbsoluteBlueprintID>
			</LocoBP>
			<StartLocation>
				<Localisation-cUserLocalisedString>
					<English d:type="cDeltaString">Preston Platform 4c</English>
					<French d:type="cDeltaString"></French>
					<Italian d:type="cDeltaString"></Italian>
					<German d:type="cDeltaString"></German>
					<Spanish d:type="cDeltaString"></Spanish>
					<Dutch d:type="cDeltaString"></Dutch>
					<Polish d:type="cDeltaString"></Polish>
					<Russian d:type="cDeltaString"></Russian>
					<Other/>
					<Key d:type="cDeltaString">fad86b84-15aa-4ab2-9011-4fed96c38b03</Key>
				</Localisation-cUserLocalisedString>
			</StartLocation>
			<LocoClass d:type="cDeltaString">LOCO_CLASS_DIESEL</LocoClass>
			<LocoAuthor d:type="cDeltaString">AP_Waggonz</LocoAuthor>
			<FilePath d:type="cDeltaString">AP_Waggonz\Class142Pack\RailVehicles\Class142\Ex-Northern Rail\DMSL</FilePath>
			<Longitude d:type="sFloat64" d:alt_encoding="DA4FED714FAB05C0" d:precision="string">-2.70865</Longitude>
			<Latitude d:type="sFloat64" d:alt_encoding="EAD564BB92E04A40" d:precision="string">53.7545</Latitude>
			<Height d:type="sFloat32" d:alt_encoding="0000000000783640" d:precision="string">22.4688</Height>
			<PlayerDriver d:type="bool">0</PlayerDriver>
		</sDriverFrontEndDetails>
		<sDriverFrontEndDetails d:id="489533748">
			<ServiceName>
				<Localisation-cUserLocalisedString>
					<English d:type="cDeltaString">1H13 13:33 Edinburgh - Inverness</English>
					<French d:type="cDeltaString"></French>
					<Italian d:type="cDeltaString"></Italian>
					<German d:type="cDeltaString"></German>
					<Spanish d:type="cDeltaString"></Spanish>
					<Dutch d:type="cDeltaString"></Dutch>
					<Polish d:type="cDeltaString"></Polish>
					<Russian d:type="cDeltaString"></Russian>
					<Other/>
					<Key d:type="cDeltaString">2251a4e2-d290-44ef-bbe8-2eccce4fbdeb</Key>
				</Localisation-cUserLocalisedString>
			</ServiceName>
			<LocoName>
				<Localisation-cUserLocalisedString>
					<English d:type="cDeltaString">Class 170 SR</English>
					<French d:type="cDeltaString"></French>
					<Italian d:type="cDeltaString"></Italian>
					<German d:type="cDeltaString"></German>
					<Spanish d:type="cDeltaString"></Spanish>
					<Dutch d:type="cDeltaString"></Dutch>
					<Polish d:type="cDeltaString"></Polish>
					<Russian d:type="cDeltaString"></Russian>
					<Other/>
					<Key d:type="cDeltaString">Description</Key>
				</Localisation-cUserLocalisedString>
			</LocoName>
			<LocoBP>
				<iBlueprintLibrary-cAbsoluteBlueprintID>
					<BlueprintSetID>
						<iBlueprintLibrary-cBlueprintSetID>
							<Provider d:type="cDeltaString">Thomson</Provider>
							<Product d:type="cDeltaString">Class170Pack01</Product>
						</iBlueprintLibrary-cBlueprintSetID>
					</BlueprintSetID>
					<BlueprintID d:type="cDeltaString">RailVehicles\Class170\AS Saltire EP\Engine\AP170SR_DMOC-B_L2.xml</BlueprintID>
				</iBlueprintLibrary-cAbsoluteBlueprintID>
			</LocoBP>
			<StartLocation>
				<Localisation-cUserLocalisedString>
					<English d:type="cDeltaString">Waverley Platform 20</English>
					<French d:type="cDeltaString"></French>
					<Italian d:type="cDeltaString"></Italian>
					<German d:type="cDeltaString"></German>
					<Spanish d:type="cDeltaString"></Spanish>
					<Dutch d:type="cDeltaString"></Dutch>
					<Polish d:type="cDeltaString"></Polish>
					<Russian d:type="cDeltaString"></Russian>
					<Other/>
					<Key d:type="cDeltaString">be48fd70-f4c8-4429-b697-c0c1d8145339</Key>
				</Localisation-cUserLocalisedString>
			</StartLocation>
			<LocoClass d:type="cDeltaString">LOCO_CLASS_DIESEL</LocoClass>
			<LocoAuthor d:type="cDeltaString">Thomson</LocoAuthor>
			<FilePath d:type="cDeltaString">Thomson\Class170Pack01\RailVehicles\Class170\AS Saltire EP\Engine</FilePath>
			<Longitude d:type="sFloat64" d:alt_encoding="9AC5DE15178E09C0" d:precision="string">-3.19438</Longitude>
			<Latitude d:type="sFloat64" d:alt_encoding="DF45A9F191F84B40" d:precision="string">55.942</Latitude>
			<Height d:type="sFloat32" d:alt_encoding="00000020518E4A40" d:precision="string">53.1119</Height>
			<PlayerDriver d:type="bool">0</PlayerDriver>
		</sDriverFrontEndDetails>
		<sDriverFrontEndDetails d:id="489531640">
			<ServiceName>
				<Localisation-cUserLocalisedString>
					<English d:type="cDeltaString">1A65 13:30 Edinburgh - Aberdeen</English>
					<French d:type="cDeltaString"></French>
					<Italian d:type="cDeltaString"></Italian>
					<German d:type="cDeltaString"></German>
					<Spanish d:type="cDeltaString"></Spanish>
					<Dutch d:type="cDeltaString"></Dutch>
					<Polish d:type="cDeltaString"></Polish>
					<Russian d:type="cDeltaString"></Russian>
					<Other/>
					<Key d:type="cDeltaString">6e3bc181-050c-429a-805d-d3e7b98b99d2</Key>
				</Localisation-cUserLocalisedString>
			</ServiceName>
			<LocoName>
				<Localisation-cUserLocalisedString>
					<English d:type="cDeltaString">Class 170 SR</English>
					<French d:type="cDeltaString"></French>
					<Italian d:type="cDeltaString"></Italian>
					<German d:type="cDeltaString"></German>
					<Spanish d:type="cDeltaString"></Spanish>
					<Dutch d:type="cDeltaString"></Dutch>
					<Polish d:type="cDeltaString"></Polish>
					<Russian d:type="cDeltaString"></Russian>
					<Other/>
					<Key d:type="cDeltaString">Description</Key>
				</Localisation-cUserLocalisedString>
			</LocoName>
			<LocoBP>
				<iBlueprintLibrary-cAbsoluteBlueprintID>
					<BlueprintSetID>
						<iBlueprintLibrary-cBlueprintSetID>
							<Provider d:type="cDeltaString">Thomson</Provider>
							<Product d:type="cDeltaString">Class170Pack01</Product>
						</iBlueprintLibrary-cBlueprintSetID>
					</BlueprintSetID>
					<BlueprintID d:type="cDeltaString">RailVehicles\Class170\AS Saltire EP\Engine\AP170SR_DMOC-A_L2.xml</BlueprintID>
				</iBlueprintLibrary-cAbsoluteBlueprintID>
			</LocoBP>
			<StartLocation>
				<Localisation-cUserLocalisedString>
					<English d:type="cDeltaString">Waverley Platform 16</English>
					<French d:type="cDeltaString"></French>
					<Italian d:type="cDeltaString"></Italian>
					<German d:type="cDeltaString"></German>
					<Spanish d:type="cDeltaString"></Spanish>
					<Dutch d:type="cDeltaString"></Dutch>
					<Polish d:type="cDeltaString"></Polish>
					<Russian d:type="cDeltaString"></Russian>
					<Other/>
					<Key d:type="cDeltaString">db404235-8f53-46a4-aaa4-a8a57fe1df60</Key>
				</Localisation-cUserLocalisedString>
			</StartLocation>
			<LocoClass d:type="cDeltaString">LOCO_CLASS_DIESEL</LocoClass>
			<LocoAuthor d:type="cDeltaString">Thomson</LocoAuthor>
			<FilePath d:type="cDeltaString">Thomson\Class170Pack01\RailVehicles\Class170\AS Saltire EP\Engine</FilePath>
			<Longitude d:type="sFloat64" d:alt_encoding="EC0CA310F78D09C0" d:precision="string">-3.19432</Longitude>
			<Latitude d:type="sFloat64" d:alt_encoding="D43B9A6284F84B40" d:precision="string">55.9415</Latitude>
			<Height d:type="sFloat32" d:alt_encoding="00000020518E4A40" d:precision="string">53.1119</Height>
			<PlayerDriver d:type="bool">0</PlayerDriver>
		</sDriverFrontEndDetails>
		<sDriverFrontEndDetails d:id="489532388">
			<ServiceName>
				<Localisation-cUserLocalisedString>
					<English d:type="cDeltaString">1R65 13:30 Edinburgh - Glasgow Queen St</English>
					<French d:type="cDeltaString"></French>
					<Italian d:type="cDeltaString"></Italian>
					<German d:type="cDeltaString"></German>
					<Spanish d:type="cDeltaString"></Spanish>
					<Dutch d:type="cDeltaString"></Dutch>
					<Polish d:type="cDeltaString"></Polish>
					<Russian d:type="cDeltaString"></Russian>
					<Other/>
					<Key d:type="cDeltaString">7ecff26e-b8c9-41c1-a9f0-9c07a7cdba12</Key>
				</Localisation-cUserLocalisedString>
			</ServiceName>
			<LocoName>
				<Localisation-cUserLocalisedString>
					<English d:type="cDeltaString">Class 365 ScotRail AP</English>
					<French d:type="cDeltaString"></French>
					<Italian d:type="cDeltaString"></Italian>
					<German d:type="cDeltaString"></German>
					<Spanish d:type="cDeltaString"></Spanish>
					<Dutch d:type="cDeltaString"></Dutch>
					<Polish d:type="cDeltaString"></Polish>
					<Russian d:type="cDeltaString"></Russian>
					<Other/>
					<Key d:type="cDeltaString">2222a78b-193f-4d0a-8375-6220f5e6b592</Key>
				</Localisation-cUserLocalisedString>
			</LocoName>
			<LocoBP>
				<iBlueprintLibrary-cAbsoluteBlueprintID>
					<BlueprintSetID>
						<iBlueprintLibrary-cBlueprintSetID>
							<Provider d:type="cDeltaString">RSC</Provider>
							<Product d:type="cDeltaString">ECMLS</Product>
						</iBlueprintLibrary-cBlueprintSetID>
					</BlueprintSetID>
					<BlueprintID d:type="cDeltaString">RailVehicles\Electric\Class365\Class365\SR_AP\Class365_DMOC_B.xml</BlueprintID>
				</iBlueprintLibrary-cAbsoluteBlueprintID>
			</LocoBP>
			<StartLocation>
				<Localisation-cUserLocalisedString>
					<English d:type="cDeltaString">Waverley Platform 10</English>
					<French d:type="cDeltaString"></French>
					<Italian d:type="cDeltaString"></Italian>
					<German d:type="cDeltaString"></German>
					<Spanish d:type="cDeltaString"></Spanish>
					<Dutch d:type="cDeltaString"></Dutch>
					<Polish d:type="cDeltaString"></Polish>
					<Russian d:type="cDeltaString"></Russian>
					<Other/>
					<Key d:type="cDeltaString">2fc250a3-b31b-4f79-b112-2e0212f69bf0</Key>
				</Localisation-cUserLocalisedString>
			</StartLocation>
			<LocoClass d:type="cDeltaString">LOCO_CLASS_ELECTRIC</LocoClass>
			<LocoAuthor d:type="cDeltaString">RSC</LocoAuthor>
			<FilePath d:type="cDeltaString">RSC\ECMLS\RailVehicles\Electric\Class365\Class365\SR_AP</FilePath>
			<Longitude d:type="sFloat64" d:alt_encoding="F67D1C06AB8A09C0" d:precision="string">-3.19271</Longitude>
			<Latitude d:type="sFloat64" d:alt_encoding="FF5FEBF47BF84B40" d:precision="string">55.9413</Latitude>
			<Height d:type="sFloat32" d:alt_encoding="00000020518E4A40" d:precision="string">53.1119</Height>
			<PlayerDriver d:type="bool">0</PlayerDriver>
		</sDriverFrontEndDetails>
		<sDriverFrontEndDetails d:id="489533952">
			<ServiceName>
				<Localisation-cUserLocalisedString>
					<English d:type="cDeltaString">9M56 12:52 Edinburgh - Euston</English>
					<French d:type="cDeltaString"></French>
					<Italian d:type="cDeltaString"></Italian>
					<German d:type="cDeltaString"></German>
					<Spanish d:type="cDeltaString"></Spanish>
					<Dutch d:type="cDeltaString"></Dutch>
					<Polish d:type="cDeltaString"></Polish>
					<Russian d:type="cDeltaString"></Russian>
					<Other/>
					<Key d:type="cDeltaString">3fb9dd7a-af49-4c86-b423-e446ce0c97f9</Key>
				</Localisation-cUserLocalisedString>
			</ServiceName>
			<LocoName>
				<Localisation-cUserLocalisedString>
					<English d:type="cDeltaString">Class 390 &apos;Pendolino&apos;</English>
					<French d:type="cDeltaString"></French>
					<Italian d:type="cDeltaString"></Italian>
					<German d:type="cDeltaString"></German>
					<Spanish d:type="cDeltaString"></Spanish>
					<Dutch d:type="cDeltaString"></Dutch>
					<Polish d:type="cDeltaString"></Polish>
					<Russian d:type="cDeltaString"></Russian>
					<Other/>
					<Key d:type="cDeltaString">f238d02f-4fc2-4766-a4d5-321530cd6572</Key>
				</Localisation-cUserLocalisedString>
			</LocoName>
			<LocoBP>
				<iBlueprintLibrary-cAbsoluteBlueprintID>
					<BlueprintSetID>
						<iBlueprintLibrary-cBlueprintSetID>
							<Provider d:type="cDeltaString">DTG</Provider>
							<Product d:type="cDeltaString">Class390Pack01</Product>
						</iBlueprintLibrary-cBlueprintSetID>
					</BlueprintSetID>
					<BlueprintID d:type="cDeltaString">RailVehicles\Electric\Class390\VT POPPY\DMSO\Class390DMSO.xml</BlueprintID>
				</iBlueprintLibrary-cAbsoluteBlueprintID>
			</LocoBP>
			<StartLocation>
				<Localisation-cUserLocalisedString>
					<English d:type="cDeltaString">Kirknewton Platform 1</English>
					<French d:type="cDeltaString"></French>
					<Italian d:type="cDeltaString"></Italian>
					<German d:type="cDeltaString"></German>
					<Spanish d:type="cDeltaString"></Spanish>
					<Dutch d:type="cDeltaString"></Dutch>
					<Polish d:type="cDeltaString"></Polish>
					<Russian d:type="cDeltaString"></Russian>
					<Other/>
					<Key d:type="cDeltaString">301b68a1-3a79-47bb-943a-d7d7288fb6f2</Key>
				</Localisation-cUserLocalisedString>
			</StartLocation>
			<LocoClass d:type="cDeltaString">LOCO_CLASS_ELECTRIC</LocoClass>
			<LocoAuthor d:type="cDeltaString">DTG</LocoAuthor>
			<FilePath d:type="cDeltaString">DTG\Class390Pack01\RailVehicles\Electric\Class390\VT POPPY\DMSO</FilePath>
			<Longitude d:type="sFloat64" d:alt_encoding="B5BB54A860800BC0" d:precision="string">-3.43768</Longitude>
			<Latitude d:type="sFloat64" d:alt_encoding="FC0D307272F04B40" d:precision="string">55.8785</Latitude>
			<Height d:type="sFloat32" d:alt_encoding="00000080A8716340" d:precision="string">155.552</Height>
			<PlayerDriver d:type="bool">0</PlayerDriver>
		</sDriverFrontEndDetails>
		<sDriverFrontEndDetails d:id="489533544">
			<ServiceName>
				<Localisation-cUserLocalisedString>
					<English d:type="cDeltaString">1M13 12:40 Glasgow Central - Euston</English>
					<French d:type="cDeltaString"></French>
					<Italian d:type="cDeltaString"></Italian>
					<German d:type="cDeltaString"></German>
					<Spanish d:type="cDeltaString"></Spanish>
					<Dutch d:type="cDeltaString"></Dutch>
					<Polish d:type="cDeltaString"></Polish>
					<Russian d:type="cDeltaString"></Russian>
					<Other/>
					<Key d:type="cDeltaString">bf3a29c1-7948-4af0-801e-c752e5aa2090</Key>
				</Localisation-cUserLocalisedString>
			</ServiceName>
			<LocoName>
				<Localisation-cUserLocalisedString>
					<English d:type="cDeltaString">Class 390 &apos;Pendolino&apos;</English>
					<French d:type="cDeltaString"></French>
					<Italian d:type="cDeltaString"></Italian>
					<German d:type="cDeltaString"></German>
					<Spanish d:type="cDeltaString"></Spanish>
					<Dutch d:type="cDeltaString"></Dutch>
					<Polish d:type="cDeltaString"></Polish>
					<Russian d:type="cDeltaString"></Russian>
					<Other/>
					<Key d:type="cDeltaString">9b322780-d49f-4d0e-a6cd-927ca366343b</Key>
				</Localisation-cUserLocalisedString>
			</LocoName>
			<LocoBP>
				<iBlueprintLibrary-cAbsoluteBlueprintID>
					<BlueprintSetID>
						<iBlueprintLibrary-cBlueprintSetID>
							<Provider d:type="cDeltaString">DTG</Provider>
							<Product d:type="cDeltaString">Class390Pack01</Product>
						</iBlueprintLibrary-cBlueprintSetID>
					</BlueprintSetID>
					<BlueprintID d:type="cDeltaString">RailVehicles\Electric\Class390\Default\DMSO\Class390DMSO.xml</BlueprintID>
				</iBlueprintLibrary-cAbsoluteBlueprintID>
			</LocoBP>
			<StartLocation>
				<Localisation-cUserLocalisedString>
					<English d:type="cDeltaString">Carstairs North Yard Up Main</English>
					<French d:type="cDeltaString"></French>
					<Italian d:type="cDeltaString"></Italian>
					<German d:type="cDeltaString"></German>
					<Spanish d:type="cDeltaString"></Spanish>
					<Dutch d:type="cDeltaString"></Dutch>
					<Polish d:type="cDeltaString"></Polish>
					<Russian d:type="cDeltaString"></Russian>
					<Other/>
					<Key d:type="cDeltaString">23cb8462-cf4a-4e74-8f84-701b07f375bd</Key>
				</Localisation-cUserLocalisedString>
			</StartLocation>
			<LocoClass d:type="cDeltaString">LOCO_CLASS_ELECTRIC</LocoClass>
			<LocoAuthor d:type="cDeltaString">DTG</LocoAuthor>
			<FilePath d:type="cDeltaString">DTG\Class390Pack01\RailVehicles\Electric\Class390\Default\DMSO</FilePath>
			<Longitude d:type="sFloat64" d:alt_encoding="945C107FF86D0DC0" d:precision="string">-3.6787</Longitude>
			<Latitude d:type="sFloat64" d:alt_encoding="7E78435299D84B40" d:precision="string">55.6922</Latitude>
			<Height d:type="sFloat32" d:alt_encoding="000000200A366940" d:precision="string">201.689</Height>
			<PlayerDriver d:type="bool">0</PlayerDriver>
		</sDriverFrontEndDetails>
		<sDriverFrontEndDetails d:id="489532660">
			<ServiceName>
				<Localisation-cUserLocalisedString>
					<English d:type="cDeltaString">1M97 12:12 Edinburgh - Manchester Airport</English>
					<French d:type="cDeltaString"></French>
					<Italian d:type="cDeltaString"></Italian>
					<German d:type="cDeltaString"></German>
					<Spanish d:type="cDeltaString"></Spanish>
					<Dutch d:type="cDeltaString"></Dutch>
					<Polish d:type="cDeltaString"></Polish>
					<Russian d:type="cDeltaString"></Russian>
					<Other/>
					<Key d:type="cDeltaString">75c8fe91-3198-45b4-bafe-ce0e5f0a0063</Key>
				</Localisation-cUserLocalisedString>
			</ServiceName>
			<LocoName>
				<Localisation-cUserLocalisedString>
					<English d:type="cDeltaString">Class 350 Transpennine Express AP</English>
					<French d:type="cDeltaString"></French>
					<Italian d:type="cDeltaString"></Italian>
					<German d:type="cDeltaString"></German>
					<Spanish d:type="cDeltaString"></Spanish>
					<Dutch d:type="cDeltaString"></Dutch>
					<Polish d:type="cDeltaString"></Polish>
					<Russian d:type="cDeltaString"></Russian>
					<Other/>
					<Key d:type="cDeltaString">dd09da30-dfbc-4237-bc3d-3ffa71e16788</Key>
				</Localisation-cUserLocalisedString>
			</LocoName>
			<LocoBP>
				<iBlueprintLibrary-cAbsoluteBlueprintID>
					<BlueprintSetID>
						<iBlueprintLibrary-cBlueprintSetID>
							<Provider d:type="cDeltaString">DTG</Provider>
							<Product d:type="cDeltaString">PortsmouthDirect</Product>
						</iBlueprintLibrary-cBlueprintSetID>
					</BlueprintSetID>
					<BlueprintID d:type="cDeltaString">RailVehicles\Electric\Class450\TPE_AP\350_DMOS.xml</BlueprintID>
				</iBlueprintLibrary-cAbsoluteBlueprintID>
			</LocoBP>
			<StartLocation>
				<Localisation-cUserLocalisedString>
					<English d:type="cDeltaString">Midcalder Jcn Up Main</English>
					<French d:type="cDeltaString"></French>
					<Italian d:type="cDeltaString"></Italian>
					<German d:type="cDeltaString"></German>
					<Spanish d:type="cDeltaString"></Spanish>
					<Dutch d:type="cDeltaString"></Dutch>
					<Polish d:type="cDeltaString"></Polish>
					<Russian d:type="cDeltaString"></Russian>
					<Other/>
					<Key d:type="cDeltaString">7d146cc1-2c70-44af-a67c-a75c2b6b93d7</Key>
				</Localisation-cUserLocalisedString>
			</StartLocation>
			<LocoClass d:type="cDeltaString">LOCO_CLASS_ELECTRIC</LocoClass>
			<LocoAuthor d:type="cDeltaString">DTG</LocoAuthor>
			<FilePath d:type="cDeltaString">DTG\PortsmouthDirect\RailVehicles\Electric\Class450\TPE_AP</FilePath>
			<Longitude d:type="sFloat64" d:alt_encoding="C87ACA2974CC0BC0" d:precision="string">-3.47483</Longitude>
			<Latitude d:type="sFloat64" d:alt_encoding="277D6E2CB2EE4B40" d:precision="string">55.8648</Latitude>
			<Height d:type="sFloat32" d:alt_encoding="00000040F5E96540" d:precision="string">175.311</Height>
			<PlayerDriver d:type="bool">0</PlayerDriver>
		</sDriverFrontEndDetails>
		<sDriverFrontEndDetails d:id="489531164">
			<ServiceName>
				<Localisation-cUserLocalisedString>
					<English d:type="cDeltaString">9M55 12:00 Glasgow Central - Euston</English>
					<French d:type="cDeltaString"></French>
					<Italian d:type="cDeltaString"></Italian>
					<German d:type="cDeltaString"></German>
					<Spanish d:type="cDeltaString"></Spanish>
					<Dutch d:type="cDeltaString"></Dutch>
					<Polish d:type="cDeltaString"></Polish>
					<Russian d:type="cDeltaString"></Russian>
					<Other/>
					<Key d:type="cDeltaString">a9c290c8-8a98-442e-9a93-acae8e124e91</Key>
				</Localisation-cUserLocalisedString>
			</ServiceName>
			<LocoName>
				<Localisation-cUserLocalisedString>
					<English d:type="cDeltaString">Class 390 &apos;Pendolino&apos;</English>
					<French d:type="cDeltaString"></French>
					<Italian d:type="cDeltaString"></Italian>
					<German d:type="cDeltaString"></German>
					<Spanish d:type="cDeltaString"></Spanish>
					<Dutch d:type="cDeltaString"></Dutch>
					<Polish d:type="cDeltaString"></Polish>
					<Russian d:type="cDeltaString"></Russian>
					<Other/>
					<Key d:type="cDeltaString">72fa8739-fb91-4f99-b43b-aa7142f9ecb0</Key>
				</Localisation-cUserLocalisedString>
			</LocoName>
			<LocoBP>
				<iBlueprintLibrary-cAbsoluteBlueprintID>
					<BlueprintSetID>
						<iBlueprintLibrary-cBlueprintSetID>
							<Provider d:type="cDeltaString">DTG</Provider>
							<Product d:type="cDeltaString">Class390Pack01</Product>
						</iBlueprintLibrary-cBlueprintSetID>
					</BlueprintSetID>
					<BlueprintID d:type="cDeltaString">RailVehicles\Electric\Class390\VT 2017\DMSO\Class390DMSO.xml</BlueprintID>
				</iBlueprintLibrary-cAbsoluteBlueprintID>
			</LocoBP>
			<StartLocation>
				<Localisation-cUserLocalisedString>
					<English d:type="cDeltaString">Carstairs Platform 1</English>
					<French d:type="cDeltaString"></French>
					<Italian d:type="cDeltaString"></Italian>
					<German d:type="cDeltaString"></German>
					<Spanish d:type="cDeltaString"></Spanish>
					<Dutch d:type="cDeltaString"></Dutch>
					<Polish d:type="cDeltaString"></Polish>
					<Russian d:type="cDeltaString"></Russian>
					<Other/>
					<Key d:type="cDeltaString">5521ae97-382d-4e44-ba7e-840e0cd5b998</Key>
				</Localisation-cUserLocalisedString>
			</StartLocation>
			<LocoClass d:type="cDeltaString">LOCO_CLASS_ELECTRIC</LocoClass>
			<LocoAuthor d:type="cDeltaString">DTG</LocoAuthor>
			<FilePath d:type="cDeltaString">DTG\Class390Pack01\RailVehicles\Electric\Class390\VT 2017\DMSO</FilePath>
			<Longitude d:type="sFloat64" d:alt_encoding="DF8A2FB8E8580DC0" d:precision="string">-3.66841</Longitude>
			<Latitude d:type="sFloat64" d:alt_encoding="836628415ED84B40" d:precision="string">55.6904</Latitude>
			<Height d:type="sFloat32" d:alt_encoding="000000200A366940" d:precision="string">201.689</Height>
			<PlayerDriver d:type="bool">0</PlayerDriver>
		</sDriverFrontEndDetails>
		<sDriverFrontEndDetails d:id="489529872">
			<ServiceName>
				<Localisation-cUserLocalisedString>
					<English d:type="cDeltaString">1L53 10:13 Glasgow Central - Carlisle</English>
					<French d:type="cDeltaString"></French>
					<Italian d:type="cDeltaString"></Italian>
					<German d:type="cDeltaString"></German>
					<Spanish d:type="cDeltaString"></Spanish>
					<Dutch d:type="cDeltaString"></Dutch>
					<Polish d:type="cDeltaString"></Polish>
					<Russian d:type="cDeltaString"></Russian>
					<Other/>
					<Key d:type="cDeltaString">da714821-b943-4f6c-a4ae-212b9217d53a</Key>
				</Localisation-cUserLocalisedString>
			</ServiceName>
			<LocoName>
				<Localisation-cUserLocalisedString>
					<English d:type="cDeltaString">AP Class 156 ScotRail Saltire</English>
					<French d:type="cDeltaString"></French>
					<Italian d:type="cDeltaString"></Italian>
					<German d:type="cDeltaString"></German>
					<Spanish d:type="cDeltaString"></Spanish>
					<Dutch d:type="cDeltaString"></Dutch>
					<Polish d:type="cDeltaString"></Polish>
					<Russian d:type="cDeltaString"></Russian>
					<Other/>
					<Key d:type="cDeltaString">2dab5d96-4b8b-4ba0-9d02-1d24fe8d1d50</Key>
				</Localisation-cUserLocalisedString>
			</LocoName>
			<LocoBP>
				<iBlueprintLibrary-cAbsoluteBlueprintID>
					<BlueprintSetID>
						<iBlueprintLibrary-cBlueprintSetID>
							<Provider d:type="cDeltaString">AP</Provider>
							<Product d:type="cDeltaString">Class156Pack01</Product>
						</iBlueprintLibrary-cBlueprintSetID>
					</BlueprintSetID>
					<BlueprintID d:type="cDeltaString">RailVehicles\Diesel\Liveries\SR_Salt\156_DMSA_NL.xml</BlueprintID>
				</iBlueprintLibrary-cAbsoluteBlueprintID>
			</LocoBP>
			<StartLocation>
				<Localisation-cUserLocalisedString>
					<English d:type="cDeltaString">Annan Platform 1</English>
					<French d:type="cDeltaString"></French>
					<Italian d:type="cDeltaString"></Italian>
					<German d:type="cDeltaString"></German>
					<Spanish d:type="cDeltaString"></Spanish>
					<Dutch d:type="cDeltaString"></Dutch>
					<Polish d:type="cDeltaString"></Polish>
					<Russian d:type="cDeltaString"></Russian>
					<Other/>
					<Key d:type="cDeltaString">9ee1f86e-2c01-413e-b4ff-a015fea83e1e</Key>
				</Localisation-cUserLocalisedString>
			</StartLocation>
			<LocoClass d:type="cDeltaString">LOCO_CLASS_DIESEL</LocoClass>
			<LocoAuthor d:type="cDeltaString">AP</LocoAuthor>
			<FilePath d:type="cDeltaString">AP\Class156Pack01\RailVehicles\Diesel\Liveries\SR_Salt</FilePath>
			<Longitude d:type="sFloat64" d:alt_encoding="5023AA1FA81C0AC0" d:precision="string">-3.26399</Longitude>
			<Latitude d:type="sFloat64" d:alt_encoding="81ADD776EC7D4B40" d:precision="string">54.9838</Latitude>
			<Height d:type="sFloat32" d:alt_encoding="0000006079963040" d:precision="string">16.5878</Height>
			<PlayerDriver d:type="bool">0</PlayerDriver>
		</sDriverFrontEndDetails>
		<sDriverFrontEndDetails d:id="489531572">
			<ServiceName>
				<Localisation-cUserLocalisedString>
					<English d:type="cDeltaString">1M96 11:08 Glasgow Central - Manchester Airport</English>
					<French d:type="cDeltaString"></French>
					<Italian d:type="cDeltaString"></Italian>
					<German d:type="cDeltaString"></German>
					<Spanish d:type="cDeltaString"></Spanish>
					<Dutch d:type="cDeltaString"></Dutch>
					<Polish d:type="cDeltaString"></Polish>
					<Russian d:type="cDeltaString"></Russian>
					<Other/>
					<Key d:type="cDeltaString">78917cd2-3c1b-4731-9392-853b101b6e16</Key>
				</Localisation-cUserLocalisedString>
			</ServiceName>
			<LocoName>
				<Localisation-cUserLocalisedString>
					<English d:type="cDeltaString">Class 350 Transpennine Express AP</English>
					<French d:type="cDeltaString"></French>
					<Italian d:type="cDeltaString"></Italian>
					<German d:type="cDeltaString"></German>
					<Spanish d:type="cDeltaString"></Spanish>
					<Dutch d:type="cDeltaString"></Dutch>
					<Polish d:type="cDeltaString"></Polish>
					<Russian d:type="cDeltaString"></Russian>
					<Other/>
					<Key d:type="cDeltaString">147c3f78-1df3-4ae0-8929-736bdd1f6937</Key>
				</Localisation-cUserLocalisedString>
			</LocoName>
			<LocoBP>
				<iBlueprintLibrary-cAbsoluteBlueprintID>
					<BlueprintSetID>
						<iBlueprintLibrary-cBlueprintSetID>
							<Provider d:type="cDeltaString">DTG</Provider>
							<Product d:type="cDeltaString">PortsmouthDirect</Product>
						</iBlueprintLibrary-cBlueprintSetID>
					</BlueprintSetID>
					<BlueprintID d:type="cDeltaString">RailVehicles\Electric\Class450\TPE_AP\350_DMOSB.xml</BlueprintID>
				</iBlueprintLibrary-cAbsoluteBlueprintID>
			</LocoBP>
			<StartLocation>
				<Localisation-cUserLocalisedString>
					<English d:type="cDeltaString">Lockerbie platform 2</English>
					<French d:type="cDeltaString"></French>
					<Italian d:type="cDeltaString"></Italian>
					<German d:type="cDeltaString"></German>
					<Spanish d:type="cDeltaString"></Spanish>
					<Dutch d:type="cDeltaString"></Dutch>
					<Polish d:type="cDeltaString"></Polish>
					<Russian d:type="cDeltaString"></Russian>
					<Other/>
					<Key d:type="cDeltaString">01057789-9ede-42c2-bd50-bec24d44220f</Key>
				</Localisation-cUserLocalisedString>
			</StartLocation>
			<LocoClass d:type="cDeltaString">LOCO_CLASS_ELECTRIC</LocoClass>
			<LocoAuthor d:type="cDeltaString">DTG</LocoAuthor>
			<FilePath d:type="cDeltaString">DTG\PortsmouthDirect\RailVehicles\Electric\Class450\TPE_AP</FilePath>
			<Longitude d:type="sFloat64" d:alt_encoding="F4D7155A0AD60AC0" d:precision="string">-3.35451</Longitude>
			<Latitude d:type="sFloat64" d:alt_encoding="268DFC866F8F4B40" d:precision="string">55.1206</Latitude>
			<Height d:type="sFloat32" d:alt_encoding="000000A021585440" d:precision="string">81.3771</Height>
			<PlayerDriver d:type="bool">0</PlayerDriver>
		</sDriverFrontEndDetails>
		<sDriverFrontEndDetails d:id="489530144">
			<ServiceName>
				<Localisation-cUserLocalisedString>
					<English d:type="cDeltaString">9S47 07:43 Euston - Glasgow Central</English>
					<French d:type="cDeltaString"></French>
					<Italian d:type="cDeltaString"></Italian>
					<German d:type="cDeltaString"></German>
					<Spanish d:type="cDeltaString"></Spanish>
					<Dutch d:type="cDeltaString"></Dutch>
					<Polish d:type="cDeltaString"></Polish>
					<Russian d:type="cDeltaString"></Russian>
					<Other/>
					<Key d:type="cDeltaString">9efc331e-9a90-4123-8e0b-f61cf8d9dc06</Key>
				</Localisation-cUserLocalisedString>
			</ServiceName>
			<LocoName>
				<Localisation-cUserLocalisedString>
					<English d:type="cDeltaString">Class 390 &apos;Pendolino&apos;</English>
					<French d:type="cDeltaString"></French>
					<Italian d:type="cDeltaString"></Italian>
					<German d:type="cDeltaString"></German>
					<Spanish d:type="cDeltaString"></Spanish>
					<Dutch d:type="cDeltaString"></Dutch>
					<Polish d:type="cDeltaString"></Polish>
					<Russian d:type="cDeltaString"></Russian>
					<Other/>
					<Key d:type="cDeltaString">5fc4bcf2-d7c0-4756-8799-c322ba967ac0</Key>
				</Localisation-cUserLocalisedString>
			</LocoName>
			<LocoBP>
				<iBlueprintLibrary-cAbsoluteBlueprintID>
					<BlueprintSetID>
						<iBlueprintLibrary-cBlueprintSetID>
							<Provider d:type="cDeltaString">DTG</Provider>
							<Product d:type="cDeltaString">Class390Pack01</Product>
						</iBlueprintLibrary-cBlueprintSetID>
					</BlueprintSetID>
					<BlueprintID d:type="cDeltaString">RailVehicles\Electric\Class390\Default\DMSO\Class390DMSO.xml</BlueprintID>
				</iBlueprintLibrary-cAbsoluteBlueprintID>
			</LocoBP>
			<StartLocation>
				<Localisation-cUserLocalisedString>
					<English d:type="cDeltaString">Lancaster Platform 3</English>
					<French d:type="cDeltaString"></French>
					<Italian d:type="cDeltaString"></Italian>
					<German d:type="cDeltaString"></German>
					<Spanish d:type="cDeltaString"></Spanish>
					<Dutch d:type="cDeltaString"></Dutch>
					<Polish d:type="cDeltaString"></Polish>
					<Russian d:type="cDeltaString"></Russian>
					<Other/>
					<Key d:type="cDeltaString">f7131bcb-d6ce-4a0a-af67-fdacf7a188e3</Key>
				</Localisation-cUserLocalisedString>
			</StartLocation>
			<LocoClass d:type="cDeltaString">LOCO_CLASS_ELECTRIC</LocoClass>
			<LocoAuthor d:type="cDeltaString">DTG</LocoAuthor>
			<FilePath d:type="cDeltaString">DTG\Class390Pack01\RailVehicles\Electric\Class390\Default\DMSO</FilePath>
			<Longitude d:type="sFloat64" d:alt_encoding="5BAAC9CAF67906C0" d:precision="string">-2.80955</Longitude>
			<Latitude d:type="sFloat64" d:alt_encoding="4A527AB243064B40" d:precision="string">54.0489</Latitude>
			<Height d:type="sFloat32" d:alt_encoding="00000040D1193340" d:precision="string">19.1008</Height>
			<PlayerDriver d:type="bool">0</PlayerDriver>
		</sDriverFrontEndDetails>
		<sDriverFrontEndDetails d:id="489531912">
			<ServiceName>
				<Localisation-cUserLocalisedString>
					<English d:type="cDeltaString">9M54 10:52 Edinburgh - Euston</English>
					<French d:type="cDeltaString"></French>
					<Italian d:type="cDeltaString"></Italian>
					<German d:type="cDeltaString"></German>
					<Spanish d:type="cDeltaString"></Spanish>
					<Dutch d:type="cDeltaString"></Dutch>
					<Polish d:type="cDeltaString"></Polish>
					<Russian d:type="cDeltaString"></Russian>
					<Other/>
					<Key d:type="cDeltaString">6ef13d05-eb28-4b70-9d43-fbe4df69bdf0</Key>
				</Localisation-cUserLocalisedString>
			</ServiceName>
			<LocoName>
				<Localisation-cUserLocalisedString>
					<English d:type="cDeltaString">Class 390 &apos;Pendolino&apos;</English>
					<French d:type="cDeltaString"></French>
					<Italian d:type="cDeltaString"></Italian>
					<German d:type="cDeltaString"></German>
					<Spanish d:type="cDeltaString"></Spanish>
					<Dutch d:type="cDeltaString"></Dutch>
					<Polish d:type="cDeltaString"></Polish>
					<Russian d:type="cDeltaString"></Russian>
					<Other/>
					<Key d:type="cDeltaString">9ba7a953-c81f-4640-97c8-7f0642c626b9</Key>
				</Localisation-cUserLocalisedString>
			</LocoName>
			<LocoBP>
				<iBlueprintLibrary-cAbsoluteBlueprintID>
					<BlueprintSetID>
						<iBlueprintLibrary-cBlueprintSetID>
							<Provider d:type="cDeltaString">DTG</Provider>
							<Product d:type="cDeltaString">Class390Pack01</Product>
						</iBlueprintLibrary-cBlueprintSetID>
					</BlueprintSetID>
					<BlueprintID d:type="cDeltaString">RailVehicles\Electric\Class390\VT 2017\DMRF\Class390DMRF_ND.xml</BlueprintID>
				</iBlueprintLibrary-cAbsoluteBlueprintID>
			</LocoBP>
			<StartLocation>
				<Localisation-cUserLocalisedString>
					<English d:type="cDeltaString">Carlisle North Junc Up Main</English>
					<French d:type="cDeltaString"></French>
					<Italian d:type="cDeltaString"></Italian>
					<German d:type="cDeltaString"></German>
					<Spanish d:type="cDeltaString"></Spanish>
					<Dutch d:type="cDeltaString"></Dutch>
					<Polish d:type="cDeltaString"></Polish>
					<Russian d:type="cDeltaString"></Russian>
					<Other/>
					<Key d:type="cDeltaString">b180e5d9-424a-4622-8b98-925e48dd9fd6</Key>
				</Localisation-cUserLocalisedString>
			</StartLocation>
			<LocoClass d:type="cDeltaString">LOCO_CLASS_ELECTRIC</LocoClass>
			<LocoAuthor d:type="cDeltaString">DTG</LocoAuthor>
			<FilePath d:type="cDeltaString">DTG\Class390Pack01\RailVehicles\Electric\Class390\VT 2017\DMRF</FilePath>
			<Longitude d:type="sFloat64" d:alt_encoding="48F7435E608807C0" d:precision="string">-2.94159</Longitude>
			<Latitude d:type="sFloat64" d:alt_encoding="5F19C39385724B40" d:precision="string">54.8947</Latitude>
			<Height d:type="sFloat32" d:alt_encoding="0000008094453840" d:precision="string">24.2718</Height>
			<PlayerDriver d:type="bool">0</PlayerDriver>
		</sDriverFrontEndDetails>
		<sDriverFrontEndDetails d:id="489532796">
			<ServiceName>
				<Localisation-cUserLocalisedString>
					<English d:type="cDeltaString">1M11 10:40 Glasgow Central - Euston</English>
					<French d:type="cDeltaString"></French>
					<Italian d:type="cDeltaString"></Italian>
					<German d:type="cDeltaString"></German>
					<Spanish d:type="cDeltaString"></Spanish>
					<Dutch d:type="cDeltaString"></Dutch>
					<Polish d:type="cDeltaString"></Polish>
					<Russian d:type="cDeltaString"></Russian>
					<Other/>
					<Key d:type="cDeltaString">0f95d6a7-9b09-4f51-9657-18e503e44346</Key>
				</Localisation-cUserLocalisedString>
			</ServiceName>
			<LocoName>
				<Localisation-cUserLocalisedString>
					<English d:type="cDeltaString">Class 390 &apos;Pendolino&apos;</English>
					<French d:type="cDeltaString"></French>
					<Italian d:type="cDeltaString"></Italian>
					<German d:type="cDeltaString"></German>
					<Spanish d:type="cDeltaString"></Spanish>
					<Dutch d:type="cDeltaString"></Dutch>
					<Polish d:type="cDeltaString"></Polish>
					<Russian d:type="cDeltaString"></Russian>
					<Other/>
					<Key d:type="cDeltaString">2ca59331-895a-4679-8845-51857de8b9ae</Key>
				</Localisation-cUserLocalisedString>
			</LocoName>
			<LocoBP>
				<iBlueprintLibrary-cAbsoluteBlueprintID>
					<BlueprintSetID>
						<iBlueprintLibrary-cBlueprintSetID>
							<Provider d:type="cDeltaString">DTG</Provider>
							<Product d:type="cDeltaString">Class390Pack01</Product>
						</iBlueprintLibrary-cBlueprintSetID>
					</BlueprintSetID>
					<BlueprintID d:type="cDeltaString">RailVehicles\Electric\Class390\VT 2017\DMSO\Class390DMSO.xml</BlueprintID>
				</iBlueprintLibrary-cAbsoluteBlueprintID>
			</LocoBP>
			<StartLocation>
				<Localisation-cUserLocalisedString>
					<English d:type="cDeltaString">Carlisle Platform 4</English>
					<French d:type="cDeltaString"></French>
					<Italian d:type="cDeltaString"></Italian>
					<German d:type="cDeltaString"></German>
					<Spanish d:type="cDeltaString"></Spanish>
					<Dutch d:type="cDeltaString"></Dutch>
					<Polish d:type="cDeltaString"></Polish>
					<Russian d:type="cDeltaString"></Russian>
					<Other/>
					<Key d:type="cDeltaString">e2ddd785-b569-4d00-a80e-e1ebe650732c</Key>
				</Localisation-cUserLocalisedString>
			</StartLocation>
			<LocoClass d:type="cDeltaString">LOCO_CLASS_ELECTRIC</LocoClass>
			<LocoAuthor d:type="cDeltaString">DTG</LocoAuthor>
			<FilePath d:type="cDeltaString">DTG\Class390Pack01\RailVehicles\Electric\Class390\VT 2017\DMSO</FilePath>
			<Longitude d:type="sFloat64" d:alt_encoding="1B4296CA8E7807C0" d:precision="string">-2.93387</Longitude>
			<Latitude d:type="sFloat64" d:alt_encoding="2FD5F4C90C724B40" d:precision="string">54.891</Latitude>
			<Height d:type="sFloat32" d:alt_encoding="0000000000783840" d:precision="string">24.4688</Height>
			<PlayerDriver d:type="bool">0</PlayerDriver>
		</sDriverFrontEndDetails>
		<sDriverFrontEndDetails d:id="489531232">
			<ServiceName>
				<Localisation-cUserLocalisedString>
					<English d:type="cDeltaString">1M95 10:12 Edinburgh - Manchester Airport</English>
					<French d:type="cDeltaString"></French>
					<Italian d:type="cDeltaString"></Italian>
					<German d:type="cDeltaString"></German>
					<Spanish d:type="cDeltaString"></Spanish>
					<Dutch d:type="cDeltaString"></Dutch>
					<Polish d:type="cDeltaString"></Polish>
					<Russian d:type="cDeltaString"></Russian>
					<Other/>
					<Key d:type="cDeltaString">2621c1b2-ce41-4164-96e5-309e5ab95160</Key>
				</Localisation-cUserLocalisedString>
			</ServiceName>
			<LocoName>
				<Localisation-cUserLocalisedString>
					<English d:type="cDeltaString">Class 350 Transpennine Express AP</English>
					<French d:type="cDeltaString"></French>
					<Italian d:type="cDeltaString"></Italian>
					<German d:type="cDeltaString"></German>
					<Spanish d:type="cDeltaString"></Spanish>
					<Dutch d:type="cDeltaString"></Dutch>
					<Polish d:type="cDeltaString"></Polish>
					<Russian d:type="cDeltaString"></Russian>
					<Other/>
					<Key d:type="cDeltaString">5662fe89-a923-49a1-ab98-c3c1203c3e8b</Key>
				</Localisation-cUserLocalisedString>
			</LocoName>
			<LocoBP>
				<iBlueprintLibrary-cAbsoluteBlueprintID>
					<BlueprintSetID>
						<iBlueprintLibrary-cBlueprintSetID>
							<Provider d:type="cDeltaString">DTG</Provider>
							<Product d:type="cDeltaString">PortsmouthDirect</Product>
						</iBlueprintLibrary-cBlueprintSetID>
					</BlueprintSetID>
					<BlueprintID d:type="cDeltaString">RailVehicles\Electric\Class450\TPE_AP\350_DMOS.xml</BlueprintID>
				</iBlueprintLibrary-cAbsoluteBlueprintID>
			</LocoBP>
			<StartLocation>
				<Localisation-cUserLocalisedString>
					<English d:type="cDeltaString"></English>
					<French d:type="cDeltaString"></French>
					<Italian d:type="cDeltaString"></Italian>
					<German d:type="cDeltaString"></German>
					<Spanish d:type="cDeltaString"></Spanish>
					<Dutch d:type="cDeltaString"></Dutch>
					<Polish d:type="cDeltaString"></Polish>
					<Russian d:type="cDeltaString"></Russian>
					<Other/>
					<Key d:type="cDeltaString">568efeac-162f-4655-a125-1e1c8137c718</Key>
				</Localisation-cUserLocalisedString>
			</StartLocation>
			<LocoClass d:type="cDeltaString">LOCO_CLASS_ELECTRIC</LocoClass>
			<LocoAuthor d:type="cDeltaString">DTG</LocoAuthor>
			<FilePath d:type="cDeltaString">DTG\PortsmouthDirect\RailVehicles\Electric\Class450\TPE_AP</FilePath>
			<Longitude d:type="sFloat64" d:alt_encoding="E5C8CFC5B71806C0" d:precision="string">-2.76207</Longitude>
			<Latitude d:type="sFloat64" d:alt_encoding="2D0488017D554B40" d:precision="string">54.6679</Latitude>
			<Height d:type="sFloat32" d:alt_encoding="00000060B2D26140" d:precision="string">142.584</Height>
			<PlayerDriver d:type="bool">0</PlayerDriver>
		</sDriverFrontEndDetails>
		<sDriverFrontEndDetails d:id="489532116">
			<ServiceName>
				<Localisation-cUserLocalisedString>
					<English d:type="cDeltaString">9M53 10:00 Glasgow Central - Euston</English>
					<French d:type="cDeltaString"></French>
					<Italian d:type="cDeltaString"></Italian>
					<German d:type="cDeltaString"></German>
					<Spanish d:type="cDeltaString"></Spanish>
					<Dutch d:type="cDeltaString"></Dutch>
					<Polish d:type="cDeltaString"></Polish>
					<Russian d:type="cDeltaString"></Russian>
					<Other/>
					<Key d:type="cDeltaString">f3a916c2-460b-438a-9dbb-587dcaafc158</Key>
				</Localisation-cUserLocalisedString>
			</ServiceName>
			<LocoName>
				<Localisation-cUserLocalisedString>
					<English d:type="cDeltaString">JT Class 221 VT A (DMF)</English>
					<French d:type="cDeltaString">JT Class 221 VT A (DMF)</French>
					<Italian d:type="cDeltaString">JT Class 221 VT A (DMF)</Italian>
					<German d:type="cDeltaString">JT Class 221 VT A (DMF)</German>
					<Spanish d:type="cDeltaString">JT Class 221 VT A (DMF)</Spanish>
					<Dutch d:type="cDeltaString">JT Class 221 VT A (DMF)</Dutch>
					<Polish d:type="cDeltaString">JT Class 221 VT A (DMF)</Polish>
					<Russian d:type="cDeltaString">JT Class 221 VT A (DMF)</Russian>
					<Other/>
					<Key d:type="cDeltaString">ca3a6c2d-6ce4-4be3-b66f-2a43ad98a6ea</Key>
				</Localisation-cUserLocalisedString>
			</LocoName>
			<LocoBP>
				<iBlueprintLibrary-cAbsoluteBlueprintID>
					<BlueprintSetID>
						<iBlueprintLibrary-cBlueprintSetID>
							<Provider d:type="cDeltaString">JustTrains</Provider>
							<Product d:type="cDeltaString">Voyager</Product>
						</iBlueprintLibrary-cBlueprintSetID>
					</BlueprintSetID>
					<BlueprintID d:type="cDeltaString">RailVehicles\Diesel\221\Default\Engine\a25_locomotive_221_dmf.xml</BlueprintID>
				</iBlueprintLibrary-cAbsoluteBlueprintID>
			</LocoBP>
			<StartLocation>
				<Localisation-cUserLocalisedString>
					<English d:type="cDeltaString">Penrith Platform 1</English>
					<French d:type="cDeltaString"></French>
					<Italian d:type="cDeltaString"></Italian>
					<German d:type="cDeltaString"></German>
					<Spanish d:type="cDeltaString"></Spanish>
					<Dutch d:type="cDeltaString"></Dutch>
					<Polish d:type="cDeltaString"></Polish>
					<Russian d:type="cDeltaString"></Russian>
					<Other/>
					<Key d:type="cDeltaString">5a229dc6-0e58-4770-9bbb-6b5fe5d43247</Key>
				</Localisation-cUserLocalisedString>
			</StartLocation>
			<LocoClass d:type="cDeltaString">LOCO_CLASS_DIESEL</LocoClass>
			<LocoAuthor d:type="cDeltaString">JustTrains</LocoAuthor>
			<FilePath d:type="cDeltaString">JustTrains\Voyager\RailVehicles\Diesel\221\Default\Engine</FilePath>
			<Longitude d:type="sFloat64" d:alt_encoding="4D1C3892751606C0" d:precision="string">-2.76097</Longitude>
			<Latitude d:type="sFloat64" d:alt_encoding="4857BC90B9544B40" d:precision="string">54.6619</Latitude>
			<Height d:type="sFloat32" d:alt_encoding="000000E062F66140" d:precision="string">143.7</Height>
			<PlayerDriver d:type="bool">0</PlayerDriver>
		</sDriverFrontEndDetails>
		<sDriverFrontEndDetails d:id="489531368">
			<ServiceName>
				<Localisation-cUserLocalisedString>
					<English d:type="cDeltaString">1M94 09:06 Glasgow Central - Manchester Airport</English>
					<French d:type="cDeltaString"></French>
					<Italian d:type="cDeltaString"></Italian>
					<German d:type="cDeltaString"></German>
					<Spanish d:type="cDeltaString"></Spanish>
					<Dutch d:type="cDeltaString"></Dutch>
					<Polish d:type="cDeltaString"></Polish>
					<Russian d:type="cDeltaString"></Russian>
					<Other/>
					<Key d:type="cDeltaString">14fb134a-a2f9-4f9f-89c5-81e11f5f2ace</Key>
				</Localisation-cUserLocalisedString>
			</ServiceName>
			<LocoName>
				<Localisation-cUserLocalisedString>
					<English d:type="cDeltaString">Class 350 Transpennine Express AP</English>
					<French d:type="cDeltaString"></French>
					<Italian d:type="cDeltaString"></Italian>
					<German d:type="cDeltaString"></German>
					<Spanish d:type="cDeltaString"></Spanish>
					<Dutch d:type="cDeltaString"></Dutch>
					<Polish d:type="cDeltaString"></Polish>
					<Russian d:type="cDeltaString"></Russian>
					<Other/>
					<Key d:type="cDeltaString">a0164d1b-d2b2-481a-b71c-7759a6c2aca2</Key>
				</Localisation-cUserLocalisedString>
			</LocoName>
			<LocoBP>
				<iBlueprintLibrary-cAbsoluteBlueprintID>
					<BlueprintSetID>
						<iBlueprintLibrary-cBlueprintSetID>
							<Provider d:type="cDeltaString">DTG</Provider>
							<Product d:type="cDeltaString">PortsmouthDirect</Product>
						</iBlueprintLibrary-cBlueprintSetID>
					</BlueprintSetID>
					<BlueprintID d:type="cDeltaString">RailVehicles\Electric\Class450\TPE_AP\350_DMOS.xml</BlueprintID>
				</iBlueprintLibrary-cAbsoluteBlueprintID>
			</LocoBP>
			<StartLocation>
				<Localisation-cUserLocalisedString>
					<English d:type="cDeltaString"></English>
					<French d:type="cDeltaString"></French>
					<Italian d:type="cDeltaString"></Italian>
					<German d:type="cDeltaString"></German>
					<Spanish d:type="cDeltaString"></Spanish>
					<Dutch d:type="cDeltaString"></Dutch>
					<Polish d:type="cDeltaString"></Polish>
					<Russian d:type="cDeltaString"></Russian>
					<Other/>
					<Key d:type="cDeltaString">faf2665a-d357-43f1-a961-a0ef582a54ff</Key>
				</Localisation-cUserLocalisedString>
			</StartLocation>
			<LocoClass d:type="cDeltaString">LOCO_CLASS_ELECTRIC</LocoClass>
			<LocoAuthor d:type="cDeltaString">DTG</LocoAuthor>
			<FilePath d:type="cDeltaString">DTG\PortsmouthDirect\RailVehicles\Electric\Class450\TPE_AP</FilePath>
			<Longitude d:type="sFloat64" d:alt_encoding="E9C4186A192C06C0" d:precision="string">-2.77153</Longitude>
			<Latitude d:type="sFloat64" d:alt_encoding="3315D645C2104B40" d:precision="string">54.1309</Latitude>
			<Height d:type="sFloat32" d:alt_encoding="000000A0C5832540" d:precision="string">10.7574</Height>
			<PlayerDriver d:type="bool">0</PlayerDriver>
		</sDriverFrontEndDetails>
		<sDriverFrontEndDetails d:id="489531436">
			<ServiceName>
				<Localisation-cUserLocalisedString>
					<English d:type="cDeltaString">1M09 08:40 Glasgow Central - Euston</English>
					<French d:type="cDeltaString"></French>
					<Italian d:type="cDeltaString"></Italian>
					<German d:type="cDeltaString"></German>
					<Spanish d:type="cDeltaString"></Spanish>
					<Dutch d:type="cDeltaString"></Dutch>
					<Polish d:type="cDeltaString"></Polish>
					<Russian d:type="cDeltaString"></Russian>
					<Other/>
					<Key d:type="cDeltaString">40f573a5-8d66-41d4-b03e-e2f5e0de06f0</Key>
				</Localisation-cUserLocalisedString>
			</ServiceName>
			<LocoName>
				<Localisation-cUserLocalisedString>
					<English d:type="cDeltaString">Class 390 &apos;Pendolino&apos;</English>
					<French d:type="cDeltaString"></French>
					<Italian d:type="cDeltaString"></Italian>
					<German d:type="cDeltaString"></German>
					<Spanish d:type="cDeltaString"></Spanish>
					<Dutch d:type="cDeltaString"></Dutch>
					<Polish d:type="cDeltaString"></Polish>
					<Russian d:type="cDeltaString"></Russian>
					<Other/>
					<Key d:type="cDeltaString">09daf31a-dd58-413e-a4fb-e5d9a0f642d6</Key>
				</Localisation-cUserLocalisedString>
			</LocoName>
			<LocoBP>
				<iBlueprintLibrary-cAbsoluteBlueprintID>
					<BlueprintSetID>
						<iBlueprintLibrary-cBlueprintSetID>
							<Provider d:type="cDeltaString">DTG</Provider>
							<Product d:type="cDeltaString">Class390Pack01</Product>
						</iBlueprintLibrary-cBlueprintSetID>
					</BlueprintSetID>
					<BlueprintID d:type="cDeltaString">RailVehicles\Electric\Class390\VT ALSTOM 2\DMSO\Class390DMSO.xml</BlueprintID>
				</iBlueprintLibrary-cAbsoluteBlueprintID>
			</LocoBP>
			<StartLocation>
				<Localisation-cUserLocalisedString>
					<English d:type="cDeltaString">Preston Platform 4b</English>
					<French d:type="cDeltaString"></French>
					<Italian d:type="cDeltaString"></Italian>
					<German d:type="cDeltaString"></German>
					<Spanish d:type="cDeltaString"></Spanish>
					<Dutch d:type="cDeltaString"></Dutch>
					<Polish d:type="cDeltaString"></Polish>
					<Russian d:type="cDeltaString"></Russian>
					<Other/>
					<Key d:type="cDeltaString">42fa3f5a-46f6-4e9c-89d0-5361ea35ce89</Key>
				</Localisation-cUserLocalisedString>
			</StartLocation>
			<LocoClass d:type="cDeltaString">LOCO_CLASS_ELECTRIC</LocoClass>
			<LocoAuthor d:type="cDeltaString">DTG</LocoAuthor>
			<FilePath d:type="cDeltaString">DTG\Class390Pack01\RailVehicles\Electric\Class390\VT ALSTOM 2\DMSO</FilePath>
			<Longitude d:type="sFloat64" d:alt_encoding="DAC1C6AFEFAA05C0" d:precision="string">-2.70846</Longitude>
			<Latitude d:type="sFloat64" d:alt_encoding="E26D0AD68DE04A40" d:precision="string">53.7543</Latitude>
			<Height d:type="sFloat32" d:alt_encoding="0000000000783640" d:precision="string">22.4688</Height>
			<PlayerDriver d:type="bool">0</PlayerDriver>
		</sDriverFrontEndDetails>
		<sDriverFrontEndDetails d:id="489530008">
			<ServiceName>
				<Localisation-cUserLocalisedString>
					<English d:type="cDeltaString">9M52 08:52 Edinburgh - Euston</English>
					<French d:type="cDeltaString"></French>
					<Italian d:type="cDeltaString"></Italian>
					<German d:type="cDeltaString"></German>
					<Spanish d:type="cDeltaString"></Spanish>
					<Dutch d:type="cDeltaString"></Dutch>
					<Polish d:type="cDeltaString"></Polish>
					<Russian d:type="cDeltaString"></Russian>
					<Other/>
					<Key d:type="cDeltaString">317ac359-ade2-4885-b54f-4114141ffb1f</Key>
				</Localisation-cUserLocalisedString>
			</ServiceName>
			<LocoName>
				<Localisation-cUserLocalisedString>
					<English d:type="cDeltaString">JT Class 221 VT A (DMF)</English>
					<French d:type="cDeltaString">JT Class 221 VT A (DMF)</French>
					<Italian d:type="cDeltaString">JT Class 221 VT A (DMF)</Italian>
					<German d:type="cDeltaString">JT Class 221 VT A (DMF)</German>
					<Spanish d:type="cDeltaString">JT Class 221 VT A (DMF)</Spanish>
					<Dutch d:type="cDeltaString">JT Class 221 VT A (DMF)</Dutch>
					<Polish d:type="cDeltaString">JT Class 221 VT A (DMF)</Polish>
					<Russian d:type="cDeltaString">JT Class 221 VT A (DMF)</Russian>
					<Other/>
					<Key d:type="cDeltaString">d9eee565-ab30-4fd1-bf64-5ce6315795dc</Key>
				</Localisation-cUserLocalisedString>
			</LocoName>
			<LocoBP>
				<iBlueprintLibrary-cAbsoluteBlueprintID>
					<BlueprintSetID>
						<iBlueprintLibrary-cBlueprintSetID>
							<Provider d:type="cDeltaString">JustTrains</Provider>
							<Product d:type="cDeltaString">Voyager</Product>
						</iBlueprintLibrary-cBlueprintSetID>
					</BlueprintSetID>
					<BlueprintID d:type="cDeltaString">RailVehicles\Diesel\221\Default\Engine\a25_locomotive_221_dmf.xml</BlueprintID>
				</iBlueprintLibrary-cAbsoluteBlueprintID>
			</LocoBP>
			<StartLocation>
				<Localisation-cUserLocalisedString>
					<English d:type="cDeltaString">Barton and Broughton Up Main</English>
					<French d:type="cDeltaString"></French>
					<Italian d:type="cDeltaString"></Italian>
					<German d:type="cDeltaString"></German>
					<Spanish d:type="cDeltaString"></Spanish>
					<Dutch d:type="cDeltaString"></Dutch>
					<Polish d:type="cDeltaString"></Polish>
					<Russian d:type="cDeltaString"></Russian>
					<Other/>
					<Key d:type="cDeltaString">1e4b29e4-7e92-4380-90e4-67beb54e18d7</Key>
				</Localisation-cUserLocalisedString>
			</StartLocation>
			<LocoClass d:type="cDeltaString">LOCO_CLASS_DIESEL</LocoClass>
			<LocoAuthor d:type="cDeltaString">JustTrains</LocoAuthor>
			<FilePath d:type="cDeltaString">JustTrains\Voyager\RailVehicles\Diesel\221\Default\Engine</FilePath>
			<Longitude d:type="sFloat64" d:alt_encoding="A6A84D40B0E505C0" d:precision="string">-2.73715</Longitude>
			<Latitude d:type="sFloat64" d:alt_encoding="3E958721FDE74A40" d:precision="string">53.8124</Latitude>
			<Height d:type="sFloat32" d:alt_encoding="00000040F8814040" d:precision="string">33.0154</Height>
			<PlayerDriver d:type="bool">0</PlayerDriver>
		</sDriverFrontEndDetails>
		<sDriverFrontEndDetails d:id="489530076">
			<ServiceName>
				<Localisation-cUserLocalisedString>
					<English d:type="cDeltaString">1U80 09:56 Windermere - Manchester Airport</English>
					<French d:type="cDeltaString"></French>
					<Italian d:type="cDeltaString"></Italian>
					<German d:type="cDeltaString"></German>
					<Spanish d:type="cDeltaString"></Spanish>
					<Dutch d:type="cDeltaString"></Dutch>
					<Polish d:type="cDeltaString"></Polish>
					<Russian d:type="cDeltaString"></Russian>
					<Other/>
					<Key d:type="cDeltaString">82eb2afa-a66f-442c-8880-95cdee09b190</Key>
				</Localisation-cUserLocalisedString>
			</ServiceName>
			<LocoName>
				<Localisation-cUserLocalisedString>
					<English d:type="cDeltaString">Class 158 Northern Rail AP</English>
					<French d:type="cDeltaString"></French>
					<Italian d:type="cDeltaString"></Italian>
					<German d:type="cDeltaString"></German>
					<Spanish d:type="cDeltaString"></Spanish>
					<Dutch d:type="cDeltaString"></Dutch>
					<Polish d:type="cDeltaString"></Polish>
					<Russian d:type="cDeltaString"></Russian>
					<Other/>
					<Key d:type="cDeltaString">Description</Key>
				</Localisation-cUserLocalisedString>
			</LocoName>
			<LocoBP>
				<iBlueprintLibrary-cAbsoluteBlueprintID>
					<BlueprintSetID>
						<iBlueprintLibrary-cBlueprintSetID>
							<Provider d:type="cDeltaString">RSC</Provider>
							<Product d:type="cDeltaString">Class159Pack01</Product>
						</iBlueprintLibrary-cBlueprintSetID>
					</BlueprintSetID>
					<BlueprintID d:type="cDeltaString">RailVehicles\Diesel\Class159\NR_AP\DMSL\Class158C_DMSLB.xml</BlueprintID>
				</iBlueprintLibrary-cAbsoluteBlueprintID>
			</LocoBP>
			<StartLocation>
				<Localisation-cUserLocalisedString>
					<English d:type="cDeltaString">Preston Platform 6b</English>
					<French d:type="cDeltaString"></French>
					<Italian d:type="cDeltaString"></Italian>
					<German d:type="cDeltaString"></German>
					<Spanish d:type="cDeltaString"></Spanish>
					<Dutch d:type="cDeltaString"></Dutch>
					<Polish d:type="cDeltaString"></Polish>
					<Russian d:type="cDeltaString"></Russian>
					<Other/>
					<Key d:type="cDeltaString">50fff197-8df1-4a2a-94e2-ec700e90482b</Key>
				</Localisation-cUserLocalisedString>
			</StartLocation>
			<LocoClass d:type="cDeltaString">LOCO_CLASS_DIESEL</LocoClass>
			<LocoAuthor d:type="cDeltaString">RSC</LocoAuthor>
			<FilePath d:type="cDeltaString">RSC\Class159Pack01\RailVehicles\Diesel\Class159\NR_AP\DMSL</FilePath>
			<Longitude d:type="sFloat64" d:alt_encoding="C9EE32FCBAAA05C0" d:precision="string">-2.70836</Longitude>
			<Latitude d:type="sFloat64" d:alt_encoding="5C239333C5E04A40" d:precision="string">53.756</Latitude>
			<Height d:type="sFloat32" d:alt_encoding="0000000000783640" d:precision="string">22.4688</Height>
			<PlayerDriver d:type="bool">0</PlayerDriver>
		</sDriverFrontEndDetails>
		<sDriverFrontEndDetails d:id="489534088">
			<ServiceName>
				<Localisation-cUserLocalisedString>
					<English d:type="cDeltaString">1S46 10:07 Manchester Airport - Edinburgh</English>
					<French d:type="cDeltaString"></French>
					<Italian d:type="cDeltaString"></Italian>
					<German d:type="cDeltaString"></German>
					<Spanish d:type="cDeltaString"></Spanish>
					<Dutch d:type="cDeltaString"></Dutch>
					<Polish d:type="cDeltaString"></Polish>
					<Russian d:type="cDeltaString"></Russian>
					<Other/>
					<Key d:type="cDeltaString">27013a01-03d9-4d51-bab1-fa517ab526fc</Key>
				</Localisation-cUserLocalisedString>
			</ServiceName>
			<LocoName>
				<Localisation-cUserLocalisedString>
					<English d:type="cDeltaString">Class 350 Transpennine Express AP</English>
					<French d:type="cDeltaString"></French>
					<Italian d:type="cDeltaString"></Italian>
					<German d:type="cDeltaString"></German>
					<Spanish d:type="cDeltaString"></Spanish>
					<Dutch d:type="cDeltaString"></Dutch>
					<Polish d:type="cDeltaString"></Polish>
					<Russian d:type="cDeltaString"></Russian>
					<Other/>
					<Key d:type="cDeltaString">42269d4e-81e2-4742-8c63-6273b1c1ea29</Key>
				</Localisation-cUserLocalisedString>
			</LocoName>
			<LocoBP>
				<iBlueprintLibrary-cAbsoluteBlueprintID>
					<BlueprintSetID>
						<iBlueprintLibrary-cBlueprintSetID>
							<Provider d:type="cDeltaString">DTG</Provider>
							<Product d:type="cDeltaString">PortsmouthDirect</Product>
						</iBlueprintLibrary-cBlueprintSetID>
					</BlueprintSetID>
					<BlueprintID d:type="cDeltaString">RailVehicles\Electric\Class450\TPE_AP\350_DMOS.xml</BlueprintID>
				</iBlueprintLibrary-cAbsoluteBlueprintID>
			</LocoBP>
			<StartLocation>
				<Localisation-cUserLocalisedString>
					<English d:type="cDeltaString">Preston Platform 3a</English>
					<French d:type="cDeltaString"></French>
					<Italian d:type="cDeltaString"></Italian>
					<German d:type="cDeltaString"></German>
					<Spanish d:type="cDeltaString"></Spanish>
					<Dutch d:type="cDeltaString"></Dutch>
					<Polish d:type="cDeltaString"></Polish>
					<Russian d:type="cDeltaString"></Russian>
					<Other/>
					<Key d:type="cDeltaString">d3583756-f6b9-45fc-ac7a-1f036106db33</Key>
				</Localisation-cUserLocalisedString>
			</StartLocation>
			<LocoClass d:type="cDeltaString">LOCO_CLASS_ELECTRIC</LocoClass>
			<LocoAuthor d:type="cDeltaString">DTG</LocoAuthor>
			<FilePath d:type="cDeltaString">DTG\PortsmouthDirect\RailVehicles\Electric\Class450\TPE_AP</FilePath>
			<Longitude d:type="sFloat64" d:alt_encoding="D8BF8E3A84AC05C0" d:precision="string">-2.70924</Longitude>
			<Latitude d:type="sFloat64" d:alt_encoding="314E049BE1E04A40" d:precision="string">53.7569</Latitude>
			<Height d:type="sFloat32" d:alt_encoding="0000000000783640" d:precision="string">22.4688</Height>
			<PlayerDriver d:type="bool">1</PlayerDriver>
		</sDriverFrontEndDetails>
		<sDriverFrontEndDetails d:id="489534156">
			<ServiceName>
				<Localisation-cUserLocalisedString>
					<English d:type="cDeltaString">2Y63 13:26 Edinburgh - Glasgow Central</English>
					<French d:type="cDeltaString"></French>
					<Italian d:type="cDeltaString"></Italian>
					<German d:type="cDeltaString"></German>
					<Spanish d:type="cDeltaString"></Spanish>
					<Dutch d:type="cDeltaString"></Dutch>
					<Polish d:type="cDeltaString"></Polish>
					<Russian d:type="cDeltaString"></Russian>
					<Other/>
					<Key d:type="cDeltaString">e4c173d5-48d6-44e3-8441-a538882bbd0b</Key>
				</Localisation-cUserLocalisedString>
			</ServiceName>
			<LocoName>
				<Localisation-cUserLocalisedString>
					<English d:type="cDeltaString">AP Class 156 ScotRail Saltire</English>
					<French d:type="cDeltaString"></French>
					<Italian d:type="cDeltaString"></Italian>
					<German d:type="cDeltaString"></German>
					<Spanish d:type="cDeltaString"></Spanish>
					<Dutch d:type="cDeltaString"></Dutch>
					<Polish d:type="cDeltaString"></Polish>
					<Russian d:type="cDeltaString"></Russian>
					<Other/>
					<Key d:type="cDeltaString">82b033a1-6dfe-4f71-ae31-2eaff1a7fc3f</Key>
				</Localisation-cUserLocalisedString>
			</LocoName>
			<LocoBP>
				<iBlueprintLibrary-cAbsoluteBlueprintID>
					<BlueprintSetID>
						<iBlueprintLibrary-cBlueprintSetID>
							<Provider d:type="cDeltaString">AP</Provider>
							<Product d:type="cDeltaString">Class156Pack01</Product>
						</iBlueprintLibrary-cBlueprintSetID>
					</BlueprintSetID>
					<BlueprintID d:type="cDeltaString">RailVehicles\Diesel\Liveries\SR_Salt\156_DMSB_NL.xml</BlueprintID>
				</iBlueprintLibrary-cAbsoluteBlueprintID>
			</LocoBP>
			<StartLocation>
				<Localisation-cUserLocalisedString>
					<English d:type="cDeltaString">Waverley Platform 12</English>
					<French d:type="cDeltaString"></French>
					<Italian d:type="cDeltaString"></Italian>
					<German d:type="cDeltaString"></German>
					<Spanish d:type="cDeltaString"></Spanish>
					<Dutch d:type="cDeltaString"></Dutch>
					<Polish d:type="cDeltaString"></Polish>
					<Russian d:type="cDeltaString"></Russian>
					<Other/>
					<Key d:type="cDeltaString">793afa75-84f4-4705-b9b6-763deb83e622</Key>
				</Localisation-cUserLocalisedString>
			</StartLocation>
			<LocoClass d:type="cDeltaString">LOCO_CLASS_DIESEL</LocoClass>
			<LocoAuthor d:type="cDeltaString">AP</LocoAuthor>
			<FilePath d:type="cDeltaString">AP\Class156Pack01\RailVehicles\Diesel\Liveries\SR_Salt</FilePath>
			<Longitude d:type="sFloat64" d:alt_encoding="C63309BD418F09C0" d:precision="string">-3.19495</Longitude>
			<Latitude d:type="sFloat64" d:alt_encoding="58E0C75175F84B40" d:precision="string">55.9411</Latitude>
			<Height d:type="sFloat32" d:alt_encoding="00000020518E4A40" d:precision="string">53.1119</Height>
			<PlayerDriver d:type="bool">0</PlayerDriver>
		</sDriverFrontEndDetails>
		<sDriverFrontEndDetails d:id="489532728">
			<ServiceName>
				<Localisation-cUserLocalisedString>
					<English d:type="cDeltaString">1S35 06:10 Bath Spa - Glasgow Central</English>
					<French d:type="cDeltaString"></French>
					<Italian d:type="cDeltaString"></Italian>
					<German d:type="cDeltaString"></German>
					<Spanish d:type="cDeltaString"></Spanish>
					<Dutch d:type="cDeltaString"></Dutch>
					<Polish d:type="cDeltaString"></Polish>
					<Russian d:type="cDeltaString"></Russian>
					<Other/>
					<Key d:type="cDeltaString">f0f6c105-65ea-4a27-8e94-4c1fda7dc5bf</Key>
				</Localisation-cUserLocalisedString>
			</ServiceName>
			<LocoName>
				<Localisation-cUserLocalisedString>
					<English d:type="cDeltaString">JT Class 221 CC F (DMSL)</English>
					<French d:type="cDeltaString">JT Class 221 CC F (DMSL)</French>
					<Italian d:type="cDeltaString">JT Class 221 CC F (DMSL)</Italian>
					<German d:type="cDeltaString">JT Class 221 CC F (DMSL)</German>
					<Spanish d:type="cDeltaString">JT Class 221 CC F (DMSL)</Spanish>
					<Dutch d:type="cDeltaString">JT Class 221 CC F (DMSL)</Dutch>
					<Polish d:type="cDeltaString">JT Class 221 CC F (DMSL)</Polish>
					<Russian d:type="cDeltaString">JT Class 221 CC F (DMSL)</Russian>
					<Other/>
					<Key d:type="cDeltaString">131324e4-d400-4302-b71d-d3a496924d5d</Key>
				</Localisation-cUserLocalisedString>
			</LocoName>
			<LocoBP>
				<iBlueprintLibrary-cAbsoluteBlueprintID>
					<BlueprintSetID>
						<iBlueprintLibrary-cBlueprintSetID>
							<Provider d:type="cDeltaString">JustTrains</Provider>
							<Product d:type="cDeltaString">Voyager</Product>
						</iBlueprintLibrary-cBlueprintSetID>
					</BlueprintSetID>
					<BlueprintID d:type="cDeltaString">RailVehicles\Diesel\221\Brown\Engine\a25_locomotive_221_dmsl_xc.xml</BlueprintID>
				</iBlueprintLibrary-cAbsoluteBlueprintID>
			</LocoBP>
			<StartLocation>
				<Localisation-cUserLocalisedString>
					<English d:type="cDeltaString">Haymarket Platform 4</English>
					<French d:type="cDeltaString"></French>
					<Italian d:type="cDeltaString"></Italian>
					<German d:type="cDeltaString"></German>
					<Spanish d:type="cDeltaString"></Spanish>
					<Dutch d:type="cDeltaString"></Dutch>
					<Polish d:type="cDeltaString"></Polish>
					<Russian d:type="cDeltaString"></Russian>
					<Other/>
					<Key d:type="cDeltaString">a8d0e8e7-aeba-47f5-b432-ae7caaa57903</Key>
				</Localisation-cUserLocalisedString>
			</StartLocation>
			<LocoClass d:type="cDeltaString">LOCO_CLASS_DIESEL</LocoClass>
			<LocoAuthor d:type="cDeltaString">JustTrains</LocoAuthor>
			<FilePath d:type="cDeltaString">JustTrains\Voyager\RailVehicles\Diesel\221\Brown\Engine</FilePath>
			<Longitude d:type="sFloat64" d:alt_encoding="DC5A0DAA73C909C0" d:precision="string">-3.22337</Longitude>
			<Latitude d:type="sFloat64" d:alt_encoding="A6E820D6A2F74B40" d:precision="string">55.9347</Latitude>
			<Height d:type="sFloat32" d:alt_encoding="000000C0E18D4A40" d:precision="string">53.1085</Height>
			<PlayerDriver d:type="bool">0</PlayerDriver>
		</sDriverFrontEndDetails>
		<sDriverFrontEndDetails d:id="489532320">
			<ServiceName>
				<Localisation-cUserLocalisedString>
					<English d:type="cDeltaString">10:54 Mossend Up Yard - Daventry</English>
					<French d:type="cDeltaString"></French>
					<Italian d:type="cDeltaString"></Italian>
					<German d:type="cDeltaString"></German>
					<Spanish d:type="cDeltaString"></Spanish>
					<Dutch d:type="cDeltaString"></Dutch>
					<Polish d:type="cDeltaString"></Polish>
					<Russian d:type="cDeltaString"></Russian>
					<Other/>
					<Key d:type="cDeltaString">38a13677-2e1d-4a4f-9818-c18141e0fbfe</Key>
				</Localisation-cUserLocalisedString>
			</ServiceName>
			<LocoName>
				<Localisation-cUserLocalisedString>
					<English d:type="cDeltaString">Class 68 Direct Rail Services AP</English>
					<French d:type="cDeltaString"></French>
					<Italian d:type="cDeltaString"></Italian>
					<German d:type="cDeltaString"></German>
					<Spanish d:type="cDeltaString"></Spanish>
					<Dutch d:type="cDeltaString"></Dutch>
					<Polish d:type="cDeltaString"></Polish>
					<Russian d:type="cDeltaString"></Russian>
					<Other/>
					<Key d:type="cDeltaString">45bc086d-725a-4a1b-aef0-a0200d16857f</Key>
				</Localisation-cUserLocalisedString>
			</LocoName>
			<LocoBP>
				<iBlueprintLibrary-cAbsoluteBlueprintID>
					<BlueprintSetID>
						<iBlueprintLibrary-cBlueprintSetID>
							<Provider d:type="cDeltaString">DTG</Provider>
							<Product d:type="cDeltaString">Class68Pack01</Product>
						</iBlueprintLibrary-cBlueprintSetID>
					</BlueprintSetID>
					<BlueprintID d:type="cDeltaString">RailVehicles\Diesel\Class68\DRS_AP\Engine\Class68.xml</BlueprintID>
				</iBlueprintLibrary-cAbsoluteBlueprintID>
			</LocoBP>
			<StartLocation>
				<Localisation-cUserLocalisedString>
					<English d:type="cDeltaString">Lockerbie Upside Loop 3</English>
					<French d:type="cDeltaString"></French>
					<Italian d:type="cDeltaString"></Italian>
					<German d:type="cDeltaString"></German>
					<Spanish d:type="cDeltaString"></Spanish>
					<Dutch d:type="cDeltaString"></Dutch>
					<Polish d:type="cDeltaString"></Polish>
					<Russian d:type="cDeltaString"></Russian>
					<Other/>
					<Key d:type="cDeltaString">de7a9c0a-dbd8-4505-94d4-d40bcf406211</Key>
				</Localisation-cUserLocalisedString>
			</StartLocation>
			<LocoClass d:type="cDeltaString">LOCO_CLASS_DIESEL</LocoClass>
			<LocoAuthor d:type="cDeltaString">DTG</LocoAuthor>
			<FilePath d:type="cDeltaString">DTG\Class68Pack01\RailVehicles\Diesel\Class68\DRS_AP\Engine</FilePath>
			<Longitude d:type="sFloat64" d:alt_encoding="6A50B6E2D6D10AC0" d:precision="string">-3.35246</Longitude>
			<Latitude d:type="sFloat64" d:alt_encoding="DAA8BC71DA8E4B40" d:precision="string">55.116</Latitude>
			<Height d:type="sFloat32" d:alt_encoding="00000040B1555440" d:precision="string">81.3389</Height>
			<PlayerDriver d:type="bool">0</PlayerDriver>
		</sDriverFrontEndDetails>
	</FrontEndDriverList>
	<RequiredSet>
		<iBlueprintLibrary-cBlueprintSetID d:id="194526284">
			<Provider d:type="cDeltaString">AP</Provider>
			<Product d:type="cDeltaString">Class156Pack01</Product>
		</iBlueprintLibrary-cBlueprintSetID>
		<iBlueprintLibrary-cBlueprintSetID d:id="194526286">
			<Provider d:type="cDeltaString">AP_Waggonz</Provider>
			<Product d:type="cDeltaString">Class142Pack</Product>
		</iBlueprintLibrary-cBlueprintSetID>
		<iBlueprintLibrary-cBlueprintSetID d:id="194526288">
			<Provider d:type="cDeltaString">DTG</Provider>
			<Product d:type="cDeltaString">Class390Pack01</Product>
		</iBlueprintLibrary-cBlueprintSetID>
		<iBlueprintLibrary-cBlueprintSetID d:id="194526290">
			<Provider d:type="cDeltaString">DTG</Provider>
			<Product d:type="cDeltaString">Class68Pack01</Product>
		</iBlueprintLibrary-cBlueprintSetID>
		<iBlueprintLibrary-cBlueprintSetID d:id="194526292">
			<Provider d:type="cDeltaString">DTG</Provider>
			<Product d:type="cDeltaString">PortsmouthDirect</Product>
		</iBlueprintLibrary-cBlueprintSetID>
		<iBlueprintLibrary-cBlueprintSetID d:id="194526294">
			<Provider d:type="cDeltaString">JustTrains</Provider>
			<Product d:type="cDeltaString">Voyager</Product>
		</iBlueprintLibrary-cBlueprintSetID>
		<iBlueprintLibrary-cBlueprintSetID d:id="194526296">
			<Provider d:type="cDeltaString">RSC</Provider>
			<Product d:type="cDeltaString">Class159Pack01</Product>
		</iBlueprintLibrary-cBlueprintSetID>
		<iBlueprintLibrary-cBlueprintSetID d:id="194526298">
			<Provider d:type="cDeltaString">RSC</Provider>
			<Product d:type="cDeltaString">Class92Pack01</Product>
		</iBlueprintLibrary-cBlueprintSetID>
		<iBlueprintLibrary-cBlueprintSetID d:id="194526300">
			<Provider d:type="cDeltaString">RSC</Provider>
			<Product d:type="cDeltaString">ECMLS</Product>
		</iBlueprintLibrary-cBlueprintSetID>
		<iBlueprintLibrary-cBlueprintSetID d:id="194526302">
			<Provider d:type="cDeltaString">Thomson</Provider>
			<Product d:type="cDeltaString">Class170Pack01</Product>
		</iBlueprintLibrary-cBlueprintSetID>
		<iBlueprintLibrary-cBlueprintSetID d:id="194526304">
			<Provider d:type="cDeltaString">TotalizeMedia</Provider>
			<Product d:type="cDeltaString">Class380Pack01</Product>
		</iBlueprintLibrary-cBlueprintSetID>
	</RequiredSet>
	<Gizmo>
		<cOwnedEntity d:id="495556270">
			<Component>
				<cEditorSceneryRender d:id="257105656">
					<DetailLevel d:type="sInt32">10</DetailLevel>
					<Global d:type="bool">0</Global>
					<Saved d:type="bool">1</Saved>
					<Palette0Index d:type="sUInt8">217</Palette0Index>
					<Palette1Index d:type="sUInt8">227</Palette1Index>
					<Palette2Index d:type="sUInt8">127</Palette2Index>
				</cEditorSceneryRender>
				<cPosOri d:id="240249498">
					<Scale d:numElements="4" d:elementType="sFloat32" d:precision="string">1.0000000 1.0000000 1.0000000 0.0000000</Scale>
					<RFarMatrix>
						<cFarMatrix d:id="240249504">
							<Height d:type="sFloat32" d:alt_encoding="00000000E9B73840" d:precision="string">24.7184</Height>
							<RXAxis d:numElements="4" d:elementType="sFloat32" d:precision="string">1.0000000 0.0000000 0.0000000 0.0000000</RXAxis>
							<RYAxis d:numElements="4" d:elementType="sFloat32" d:precision="string">0.0000000 1.0000000 0.0000000 0.0000000</RYAxis>
							<RZAxis d:numElements="4" d:elementType="sFloat32" d:precision="string">0.0000000 0.0000000 1.0000000 0.0000000</RZAxis>
							<RFarPosition>
								<cFarVector2 d:id="240249511">
									<X>
										<cFarCoordinate>
											<RouteCoordinate>
												<cRouteCoordinate>
													<Distance d:type="sInt32">-1</Distance>
												</cRouteCoordinate>
											</RouteCoordinate>
											<TileCoordinate>
												<cTileCoordinate>
													<Distance d:type="sFloat32" d:alt_encoding="000000C01EF18F40" d:precision="string">1022.14</Distance>
												</cTileCoordinate>
											</TileCoordinate>
										</cFarCoordinate>
									</X>
									<Z>
										<cFarCoordinate>
											<RouteCoordinate>
												<cRouteCoordinate>
													<Distance d:type="sInt32">-1</Distance>
												</cRouteCoordinate>
											</RouteCoordinate>
											<TileCoordinate>
												<cTileCoordinate>
													<Distance d:type="sFloat32" d:alt_encoding="0000008014E78D40" d:precision="string">956.885</Distance>
												</cTileCoordinate>
											</TileCoordinate>
										</cFarCoordinate>
									</Z>
								</cFarVector2>
							</RFarPosition>
						</cFarMatrix>
					</RFarMatrix>
				</cPosOri>
				<cScriptComponent d:id="209728686">
					<DebugDisplay d:type="bool">1</DebugDisplay>
					<StateName d:type="cDeltaString"></StateName>
				</cScriptComponent>
			</Component>
			<BlueprintID>
				<iBlueprintLibrary-cAbsoluteBlueprintID>
					<BlueprintSetID>
						<iBlueprintLibrary-cBlueprintSetID>
							<Provider d:type="cDeltaString">Kuju</Provider>
							<Product d:type="cDeltaString">RailSimulatorCore</Product>
						</iBlueprintLibrary-cBlueprintSetID>
					</BlueprintSetID>
					<BlueprintID d:type="cDeltaString">Editor\Gizmo\Scenario Markers\Standard Scenario Marker.xml</BlueprintID>
				</iBlueprintLibrary-cAbsoluteBlueprintID>
			</BlueprintID>
			<ReskinBlueprintID>
				<iBlueprintLibrary-cAbsoluteBlueprintID>
					<BlueprintSetID>
						<iBlueprintLibrary-cBlueprintSetID>
							<Provider d:type="cDeltaString"></Provider>
							<Product d:type="cDeltaString"></Product>
						</iBlueprintLibrary-cBlueprintSetID>
					</BlueprintSetID>
					<BlueprintID d:type="cDeltaString"></BlueprintID>
				</iBlueprintLibrary-cAbsoluteBlueprintID>
			</ReskinBlueprintID>
			<Name d:type="cDeltaString">Standard Scenario Marker</Name>
			<EntityID>
				<cGUID>
					<UUID>
						<e d:type="sUInt64">5545346784896223519</e>
						<e d:type="sUInt64">7685852047315625621</e>
					</UUID>
					<DevString d:type="cDeltaString">3618091f-0785-4cf5-95e6-7434b7a1a96a</DevString>
				</cGUID>
			</EntityID>
		</cOwnedEntity>
	</Gizmo>
	<SimulationTime d:type="sFloat32" d:alt_encoding="0000000000000000" d:precision="string">0</SimulationTime>
	<AuthoredLanguage d:type="cDeltaString">en</AuthoredLanguage>
	<Version d:type="sFloat32" d:alt_encoding="000000000000F03F" d:precision="string">1</Version>
	<Author d:type="cDeltaString">Cynx</Author>
	<DispatcherVersion d:type="cDeltaString">V1</DispatcherVersion>
	<RBlueprintSetPreLoad>
		<iBlueprintLibrary-cBlueprintSetID d:id="33176136">
			<Provider d:type="cDeltaString">DTG</Provider>
			<Product d:type="cDeltaString">PortsmouthDirect</Product>
		</iBlueprintLibrary-cBlueprintSetID>
		<iBlueprintLibrary-cBlueprintSetID d:id="33176138">
			<Provider d:type="cDeltaString">AP</Provider>
			<Product d:type="cDeltaString">C450EP</Product>
		</iBlueprintLibrary-cBlueprintSetID>
		<iBlueprintLibrary-cBlueprintSetID d:id="33176140">
			<Provider d:type="cDeltaString">RSC</Provider>
			<Product d:type="cDeltaString">Class159Pack01</Product>
		</iBlueprintLibrary-cBlueprintSetID>
		<iBlueprintLibrary-cBlueprintSetID d:id="33176142">
			<Provider d:type="cDeltaString">AP</Provider>
			<Product d:type="cDeltaString">C158EP</Product>
		</iBlueprintLibrary-cBlueprintSetID>
		<iBlueprintLibrary-cBlueprintSetID d:id="33176144">
			<Provider d:type="cDeltaString">DTG</Provider>
			<Product d:type="cDeltaString">Class390Pack01</Product>
		</iBlueprintLibrary-cBlueprintSetID>
		<iBlueprintLibrary-cBlueprintSetID d:id="33176146">
			<Provider d:type="cDeltaString">JustTrains</Provider>
			<Product d:type="cDeltaString">Voyager</Product>
		</iBlueprintLibrary-cBlueprintSetID>
		<iBlueprintLibrary-cBlueprintSetID d:id="33176148">
			<Provider d:type="cDeltaString">AP_Waggonz</Provider>
			<Product d:type="cDeltaString">Class142Pack</Product>
		</iBlueprintLibrary-cBlueprintSetID>
		<iBlueprintLibrary-cBlueprintSetID d:id="33176150">
			<Provider d:type="cDeltaString">AP</Provider>
			<Product d:type="cDeltaString">Class156Pack01</Product>
		</iBlueprintLibrary-cBlueprintSetID>
		<iBlueprintLibrary-cBlueprintSetID d:id="33176152">
			<Provider d:type="cDeltaString">DTG</Provider>
			<Product d:type="cDeltaString">Class68Pack01</Product>
		</iBlueprintLibrary-cBlueprintSetID>
		<iBlueprintLibrary-cBlueprintSetID d:id="33176154">
			<Provider d:type="cDeltaString">RSC</Provider>
			<Product d:type="cDeltaString">Class92Pack01</Product>
		</iBlueprintLibrary-cBlueprintSetID>
		<iBlueprintLibrary-cBlueprintSetID d:id="33176156">
			<Provider d:type="cDeltaString">RSC</Provider>
			<Product d:type="cDeltaString">ECMLS</Product>
		</iBlueprintLibrary-cBlueprintSetID>
		<iBlueprintLibrary-cBlueprintSetID d:id="33176158">
			<Provider d:type="cDeltaString">AP</Provider>
			<Product d:type="cDeltaString">C365EP</Product>
		</iBlueprintLibrary-cBlueprintSetID>
		<iBlueprintLibrary-cBlueprintSetID d:id="33176160">
			<Provider d:type="cDeltaString">Thomson</Provider>
			<Product d:type="cDeltaString">Class170Pack01</Product>
		</iBlueprintLibrary-cBlueprintSetID>
		<iBlueprintLibrary-cBlueprintSetID d:id="33176162">
			<Provider d:type="cDeltaString">AP</Provider>
			<Product d:type="cDeltaString">C170EP</Product>
		</iBlueprintLibrary-cBlueprintSetID>
		<iBlueprintLibrary-cBlueprintSetID d:id="33176164">
			<Provider d:type="cDeltaString">AP</Provider>
			<Product d:type="cDeltaString">Class321Pack01</Product>
		</iBlueprintLibrary-cBlueprintSetID>
		<iBlueprintLibrary-cBlueprintSetID d:id="33176166">
			<Provider d:type="cDeltaString">TotalizeMedia</Provider>
			<Product d:type="cDeltaString">Class380Pack01</Product>
		</iBlueprintLibrary-cBlueprintSetID>
	</RBlueprintSetPreLoad>
	<NamedEntity/>
	<Condition/>
	<DeferredEvent/>
	<CheckedCondition/>
	<CareerRules>
		<d:nil/>
	</CareerRules>
	<MD5 d:type="cDeltaString">843DF6CF1EE59D9A1ABD54062ADB9C7B</MD5>
	<MessageEvent>
		<cScenarioProperties-cMessageEvent d:id="326464726">
			<Name d:type="cDeltaString">0</Name>
			<Id d:type="sInt32">1005</Id>
		</cScenarioProperties-cMessageEvent>
		<cScenarioProperties-cMessageEvent d:id="362527760">
			<Name d:type="cDeltaString">0</Name>
			<Id d:type="sInt32">1006</Id>
		</cScenarioProperties-cMessageEvent>
	</MessageEvent>
	<SimpleControlsOnly d:type="bool">0</SimpleControlsOnly>
	<ExpertControlsOnly d:type="bool">0</ExpertControlsOnly>
	<LocksScenario/>
	<StartDestString/>
	<TemplateStartDestMapping/>
	<IsTemplateGenerated d:type="bool">0</IsTemplateGenerated>
	<TemplateScenarioGUID>
		<cGUID>
			<UUID>
				<e d:type="sUInt64">0</e>
				<e d:type="sUInt64">0</e>
			</UUID>
			<DevString d:type="cDeltaString">00000000-0000-0000-0000-000000000000</DevString>
		</cGUID>
	</TemplateScenarioGUID>
	<WorkshopId d:type="sUInt64">0</WorkshopId>
	<WorkshopBy d:type="sUInt64">0</WorkshopBy>
	<WorkshopTags d:type="cDeltaString"></WorkshopTags>
	<StartInCab d:type="bool">0</StartInCab>
	<IsClonedDLC d:type="bool">0</IsClonedDLC>
	<StartLongitude d:type="sFloat64" d:alt_encoding="0000000000000000" d:precision="string">0</StartLongitude>
	<StartLatitude d:type="sFloat64" d:alt_encoding="0000000000000000" d:precision="string">0</StartLatitude>
	<StartHeight d:type="sFloat32" d:alt_encoding="0000000000000000" d:precision="string">0</StartHeight>
	<QuickDriveStartName d:type="cDeltaString"></QuickDriveStartName>
	<QuickDriveEndName d:type="cDeltaString"></QuickDriveEndName>
	<QuickDrivePlayerConsistName d:type="cDeltaString"></QuickDrivePlayerConsistName>
</cScenarioProperties>
