<?xml version="1.0" encoding="utf-8"?>
<cBlueprintLoader xmlns:d="http://www.kuju.com/TnT/2003/Delta" d:version="1.0">
	<Blueprint>
		<cNamedTextureSetBlueprint xmlns:d="http://www.kuju.com/TnT/2003/Delta" d:version="1.0">
			<Name d:type="cDeltaString">PrimaryNumberSet</Name>
			<TextureEntry>
				<cNamedTextureSetBlueprint-sTextureEntry d:id="375">
					<TextureName d:type="cDeltaString">0</TextureName>
					<TextureID d:type="cDeltaString">Cynx\SpeedSignage\Scenery\SpeedSigns\Textures\[00]WhiteNum0</TextureID>
				</cNamedTextureSetBlueprint-sTextureEntry>
				<cNamedTextureSetBlueprint-sTextureEntry d:id="378">
					<TextureName d:type="cDeltaString">1</TextureName>
					<TextureID d:type="cDeltaString">Cynx\SpeedSignage\Scenery\SpeedSigns\Textures\[00]WhiteNum1</TextureID>
				</cNamedTextureSetBlueprint-sTextureEntry>
				<cNamedTextureSetBlueprint-sTextureEntry d:id="381">
					<TextureName d:type="cDeltaString">2</TextureName>
					<TextureID d:type="cDeltaString">Cynx\SpeedSignage\Scenery\SpeedSigns\Textures\[00]WhiteNum2</TextureID>
				</cNamedTextureSetBlueprint-sTextureEntry>
				<cNamedTextureSetBlueprint-sTextureEntry d:id="384">
					<TextureName d:type="cDeltaString">3</TextureName>
					<TextureID d:type="cDeltaString">Cynx\SpeedSignage\Scenery\SpeedSigns\Textures\[00]WhiteNum3</TextureID>
				</cNamedTextureSetBlueprint-sTextureEntry>
				<cNamedTextureSetBlueprint-sTextureEntry d:id="387">
					<TextureName d:type="cDeltaString">4</TextureName>
					<TextureID d:type="cDeltaString">Cynx\SpeedSignage\Scenery\SpeedSigns\Textures\[00]WhiteNum4</TextureID>
				</cNamedTextureSetBlueprint-sTextureEntry>
				<cNamedTextureSetBlueprint-sTextureEntry d:id="390">
					<TextureName d:type="cDeltaString">5</TextureName>
					<TextureID d:type="cDeltaString">Cynx\SpeedSignage\Scenery\SpeedSigns\Textures\[00]WhiteNum5</TextureID>
				</cNamedTextureSetBlueprint-sTextureEntry>
				<cNamedTextureSetBlueprint-sTextureEntry d:id="393">
					<TextureName d:type="cDeltaString">6</TextureName>
					<TextureID d:type="cDeltaString">Cynx\SpeedSignage\Scenery\SpeedSigns\Textures\[00]WhiteNum6</TextureID>
				</cNamedTextureSetBlueprint-sTextureEntry>
				<cNamedTextureSetBlueprint-sTextureEntry d:id="396">
					<TextureName d:type="cDeltaString">7</TextureName>
					<TextureID d:type="cDeltaString">Cynx\SpeedSignage\Scenery\SpeedSigns\Textures\[00]WhiteNum7</TextureID>
				</cNamedTextureSetBlueprint-sTextureEntry>
				<cNamedTextureSetBlueprint-sTextureEntry d:id="399">
					<TextureName d:type="cDeltaString">8</TextureName>
					<TextureID d:type="cDeltaString">Cynx\SpeedSignage\Scenery\SpeedSigns\Textures\[00]WhiteNum8</TextureID>
				</cNamedTextureSetBlueprint-sTextureEntry>
				<cNamedTextureSetBlueprint-sTextureEntry d:id="402">
					<TextureName d:type="cDeltaString">9</TextureName>
					<TextureID d:type="cDeltaString">Cynx\SpeedSignage\Scenery\SpeedSigns\Textures\[00]WhiteNum9</TextureID>
				</cNamedTextureSetBlueprint-sTextureEntry>
			</TextureEntry>
		</cNamedTextureSetBlueprint>
	</Blueprint>
</cBlueprintLoader>
