<?xml version="1.0" encoding="utf-8"?>
<cBlueprintLoader xmlns:d="http://www.kuju.com/TnT/2003/Delta" d:version="1.0">
	<Blueprint>
		<cNamedTextureSetBlueprint xmlns:d="http://www.kuju.com/TnT/2003/Delta" d:version="1.0">
			<Name d:type="cDeltaString">PrimaryNumberSet</Name>
			<TextureEntry>
				<cNamedTextureSetBlueprint-sTextureEntry d:id="162">
					<TextureName d:type="cDeltaString">0</TextureName>
					<TextureID d:type="cDeltaString">Cynx\SpeedSignage\Scenery\SpeedSigns\Textures\[00]BlackNum0</TextureID>
				</cNamedTextureSetBlueprint-sTextureEntry>
				<cNamedTextureSetBlueprint-sTextureEntry d:id="165">
					<TextureName d:type="cDeltaString">1</TextureName>
					<TextureID d:type="cDeltaString">Cynx\SpeedSignage\Scenery\SpeedSigns\Textures\[00]BlackNum1</TextureID>
				</cNamedTextureSetBlueprint-sTextureEntry>
				<cNamedTextureSetBlueprint-sTextureEntry d:id="168">
					<TextureName d:type="cDeltaString">2</TextureName>
					<TextureID d:type="cDeltaString">Cynx\SpeedSignage\Scenery\SpeedSigns\Textures\[00]BlackNum2</TextureID>
				</cNamedTextureSetBlueprint-sTextureEntry>
				<cNamedTextureSetBlueprint-sTextureEntry d:id="171">
					<TextureName d:type="cDeltaString">3</TextureName>
					<TextureID d:type="cDeltaString">Cynx\SpeedSignage\Scenery\SpeedSigns\Textures\[00]BlackNum3</TextureID>
				</cNamedTextureSetBlueprint-sTextureEntry>
				<cNamedTextureSetBlueprint-sTextureEntry d:id="174">
					<TextureName d:type="cDeltaString">4</TextureName>
					<TextureID d:type="cDeltaString">Cynx\SpeedSignage\Scenery\SpeedSigns\Textures\[00]BlackNum4</TextureID>
				</cNamedTextureSetBlueprint-sTextureEntry>
				<cNamedTextureSetBlueprint-sTextureEntry d:id="177">
					<TextureName d:type="cDeltaString">5</TextureName>
					<TextureID d:type="cDeltaString">Cynx\SpeedSignage\Scenery\SpeedSigns\Textures\[00]BlackNum5</TextureID>
				</cNamedTextureSetBlueprint-sTextureEntry>
				<cNamedTextureSetBlueprint-sTextureEntry d:id="180">
					<TextureName d:type="cDeltaString">6</TextureName>
					<TextureID d:type="cDeltaString">Cynx\SpeedSignage\Scenery\SpeedSigns\Textures\[00]BlackNum6</TextureID>
				</cNamedTextureSetBlueprint-sTextureEntry>
				<cNamedTextureSetBlueprint-sTextureEntry d:id="183">
					<TextureName d:type="cDeltaString">7</TextureName>
					<TextureID d:type="cDeltaString">Cynx\SpeedSignage\Scenery\SpeedSigns\Textures\[00]BlackNum7</TextureID>
				</cNamedTextureSetBlueprint-sTextureEntry>
				<cNamedTextureSetBlueprint-sTextureEntry d:id="186">
					<TextureName d:type="cDeltaString">8</TextureName>
					<TextureID d:type="cDeltaString">Cynx\SpeedSignage\Scenery\SpeedSigns\Textures\[00]BlackNum8</TextureID>
				</cNamedTextureSetBlueprint-sTextureEntry>
				<cNamedTextureSetBlueprint-sTextureEntry d:id="189">
					<TextureName d:type="cDeltaString">9</TextureName>
					<TextureID d:type="cDeltaString">Cynx\SpeedSignage\Scenery\SpeedSigns\Textures\[00]BlackNum9</TextureID>
				</cNamedTextureSetBlueprint-sTextureEntry>
			</TextureEntry>
		</cNamedTextureSetBlueprint>
	</Blueprint>
</cBlueprintLoader>
