<?xml version="1.0" encoding="utf-8"?>
<cScenarioProperties xmlns:d="http://www.kuju.com/TnT/2003/Delta" d:version="1.0" d:id="213021428">
	<ID>
		<cGUID>
			<UUID>
				<e d:type="sUInt64">5421844446906268879</e>
				<e d:type="sUInt64">17561432398856599730</e>
			</UUID>
			<DevString d:type="cDeltaString">5d45bccf-42cc-4b3e-b238-e2e8b8bdb6f3</DevString>
		</cGUID>
	</ID>
	<String/>
	<DisplayName>
		<Localisation-cUserLocalisedString>
			<English d:type="cDeltaString">[CW] 1P23 09:03 Norwich - London Liverpool St (Part 1)</English>
			<French d:type="cDeltaString"></French>
			<Italian d:type="cDeltaString"></Italian>
			<German d:type="cDeltaString"></German>
			<Spanish d:type="cDeltaString"></Spanish>
			<Dutch d:type="cDeltaString"></Dutch>
			<Polish d:type="cDeltaString"></Polish>
			<Russian d:type="cDeltaString"></Russian>
			<Other/>
			<Key d:type="cDeltaString">640ff729-f18c-4a8a-92c9-0cbfd8be88a3</Key>
		</Localisation-cUserLocalisedString>
	</DisplayName>
	<Description>
		<Localisation-cUserLocalisedString>
			<English d:type="cDeltaString">Drive 900xx on a routine Greater Anglia service from Norwich to London Liverpool St. Of course, this being the tail end of the rush hour, there isn&apos;t much promise that things will go smoothly...
</English>
			<French d:type="cDeltaString"></French>
			<Italian d:type="cDeltaString"></Italian>
			<German d:type="cDeltaString"></German>
			<Spanish d:type="cDeltaString"></Spanish>
			<Dutch d:type="cDeltaString"></Dutch>
			<Polish d:type="cDeltaString"></Polish>
			<Russian d:type="cDeltaString"></Russian>
			<Other/>
			<Key d:type="cDeltaString">3522f7dc-306e-469d-b932-de2c7f289bdf</Key>
		</Localisation-cUserLocalisedString>
	</Description>
	<Briefing>
		<Localisation-cUserLocalisedString>
			<English d:type="cDeltaString">Hello driver, first things first, please open the doors here at Norwich to let your last passengers on. Once you have the right away, you will depart at 09:03 calling at Diss (09:21), Stowmarket (09:33), Ipswich (09:45-09:47), Colchester (10:02-10:04), Chelmsford (10:21), and Stratford (10:46, drop-off only) to arrive at Liverpool Street at 10:56. The morning&apos;s &quot;Norwich in 90&quot; train (9P91) will be departing Norwich 2 minutes late, so you may be chasing yellows for a bit. There&apos;s also a bit of rain although this should clear up by the time you reach London. Other than that, we anticipate no other disruption. Enjoy! </English>
			<French d:type="cDeltaString"></French>
			<Italian d:type="cDeltaString"></Italian>
			<German d:type="cDeltaString"></German>
			<Spanish d:type="cDeltaString"></Spanish>
			<Dutch d:type="cDeltaString"></Dutch>
			<Polish d:type="cDeltaString"></Polish>
			<Russian d:type="cDeltaString"></Russian>
			<Other/>
			<Key d:type="cDeltaString">895def06-2bca-40a4-9bae-69ebdc84eaad</Key>
		</Localisation-cUserLocalisedString>
	</Briefing>
	<StartLocation>
		<Localisation-cUserLocalisedString>
			<English d:type="cDeltaString">NRW</English>
			<French d:type="cDeltaString"></French>
			<Italian d:type="cDeltaString"></Italian>
			<German d:type="cDeltaString"></German>
			<Spanish d:type="cDeltaString"></Spanish>
			<Dutch d:type="cDeltaString"></Dutch>
			<Polish d:type="cDeltaString"></Polish>
			<Russian d:type="cDeltaString"></Russian>
			<Other/>
			<Key d:type="cDeltaString">b5979907-14e2-4747-8e46-93b91e1051c2</Key>
		</Localisation-cUserLocalisedString>
	</StartLocation>
	<ScenarioClass d:type="cDeltaString">eStandardScenarioClass</ScenarioClass>
	<StartTime d:type="sFloat32" d:alt_encoding="0000000000A4DF40" d:precision="string">32400</StartTime>
	<DurationMins d:type="sInt32">130</DurationMins>
	<StartDD d:type="sInt32">21</StartDD>
	<StartMM d:type="sInt32">10</StartMM>
	<StartYYYY d:type="sInt32">2019</StartYYYY>
	<Season d:type="cDeltaString">SEASON_AUTUMN</Season>
	<WeatherBlueprint>
		<iBlueprintLibrary-cAbsoluteBlueprintID>
			<BlueprintSetID>
				<iBlueprintLibrary-cBlueprintSetID>
					<Provider d:type="cDeltaString">Thomson</Provider>
					<Product d:type="cDeltaString">WCMLTrentValley</Product>
				</iBlueprintLibrary-cBlueprintSetID>
			</BlueprintSetID>
			<BlueprintID d:type="cDeltaString">WCMLTrentValleyAssets\Weather\AP Moderate Rain.xml</BlueprintID>
		</iBlueprintLibrary-cAbsoluteBlueprintID>
	</WeatherBlueprint>
	<WeatherExtensionBlueprint>
		<iBlueprintLibrary-cAbsoluteBlueprintID>
			<BlueprintSetID>
				<iBlueprintLibrary-cBlueprintSetID>
					<Provider d:type="cDeltaString">Thomson</Provider>
					<Product d:type="cDeltaString">WCMLTrentValley</Product>
				</iBlueprintLibrary-cBlueprintSetID>
			</BlueprintSetID>
			<BlueprintID d:type="cDeltaString">Weather\AP Rain to Fair Cloud.xml</BlueprintID>
		</iBlueprintLibrary-cAbsoluteBlueprintID>
	</WeatherExtensionBlueprint>
	<Rating d:type="sInt32">3</Rating>
	<LocoClass d:type="cDeltaString">LOCO_CLASS_ELECTRIC</LocoClass>
	<HasRollingStart d:type="bool">0</HasRollingStart>
	<LoadedFromRollingStart d:type="bool">0</LoadedFromRollingStart>
	<FrontEndDriverList>
		<sDriverFrontEndDetails d:id="253398882">
			<ServiceName>
				<Localisation-cUserLocalisedString>
					<English d:type="cDeltaString">2R16</English>
					<French d:type="cDeltaString"></French>
					<Italian d:type="cDeltaString"></Italian>
					<German d:type="cDeltaString"></German>
					<Spanish d:type="cDeltaString"></Spanish>
					<Dutch d:type="cDeltaString"></Dutch>
					<Polish d:type="cDeltaString"></Polish>
					<Russian d:type="cDeltaString"></Russian>
					<Other/>
					<Key d:type="cDeltaString">c8539112-9178-492c-923a-3a608fb486f6</Key>
				</Localisation-cUserLocalisedString>
			</ServiceName>
			<LocoName>
				<Localisation-cUserLocalisedString>
					<English d:type="cDeltaString">JT Class 153 Abellio Greater Anglia AP</English>
					<French d:type="cDeltaString">JT Class 153 Abellio Greater Anglia AP</French>
					<Italian d:type="cDeltaString">JT Class 153 Abellio Greater Anglia AP</Italian>
					<German d:type="cDeltaString">JT Class 153 Abellio Greater Anglia AP</German>
					<Spanish d:type="cDeltaString">JT Class 153 Abellio Greater Anglia AP</Spanish>
					<Dutch d:type="cDeltaString">JT Class 153 Abellio Greater Anglia AP</Dutch>
					<Polish d:type="cDeltaString">JT Class 153 Abellio Greater Anglia AP</Polish>
					<Russian d:type="cDeltaString">JT Class 153 Abellio Greater Anglia AP</Russian>
					<Other/>
					<Key d:type="cDeltaString">96709006-feae-4f54-be82-73c4037a1884</Key>
				</Localisation-cUserLocalisedString>
			</LocoName>
			<LocoBP>
				<iBlueprintLibrary-cAbsoluteBlueprintID>
					<BlueprintSetID>
						<iBlueprintLibrary-cBlueprintSetID>
							<Provider d:type="cDeltaString">JustTrains</Provider>
							<Product d:type="cDeltaString">Class153</Product>
						</iBlueprintLibrary-cBlueprintSetID>
					</BlueprintSetID>
					<BlueprintID d:type="cDeltaString">RailVehicles\Diesel\Class153\AGA_AP\Engine\jt_class_153.xml</BlueprintID>
				</iBlueprintLibrary-cAbsoluteBlueprintID>
			</LocoBP>
			<StartLocation>
				<Localisation-cUserLocalisedString>
					<English d:type="cDeltaString">Ipswich P1</English>
					<French d:type="cDeltaString"></French>
					<Italian d:type="cDeltaString"></Italian>
					<German d:type="cDeltaString"></German>
					<Spanish d:type="cDeltaString"></Spanish>
					<Dutch d:type="cDeltaString"></Dutch>
					<Polish d:type="cDeltaString"></Polish>
					<Russian d:type="cDeltaString"></Russian>
					<Other/>
					<Key d:type="cDeltaString">503597cb-0af9-482f-9204-127ef2763fdc</Key>
				</Localisation-cUserLocalisedString>
			</StartLocation>
			<LocoClass d:type="cDeltaString">LOCO_CLASS_DIESEL</LocoClass>
			<LocoAuthor d:type="cDeltaString">JustTrains</LocoAuthor>
			<FilePath d:type="cDeltaString">JustTrains\Class153\RailVehicles\Diesel\Class153\AGA_AP\Engine</FilePath>
			<Longitude d:type="sFloat64" d:alt_encoding="4400BC024A4CF23F" d:precision="string">1.14363</Longitude>
			<Latitude d:type="sFloat64" d:alt_encoding="367854F183064A40" d:precision="string">52.0509</Latitude>
			<Height d:type="sFloat32" d:alt_encoding="00000080BDB70940" d:precision="string">3.21472</Height>
			<PlayerDriver d:type="bool">0</PlayerDriver>
		</sDriverFrontEndDetails>
		<sDriverFrontEndDetails d:id="253398406">
			<ServiceName>
				<Localisation-cUserLocalisedString>
					<English d:type="cDeltaString">6Z85 0828 Stowmarket D.G.L. to Dereham U.K.F.</English>
					<French d:type="cDeltaString"></French>
					<Italian d:type="cDeltaString"></Italian>
					<German d:type="cDeltaString"></German>
					<Spanish d:type="cDeltaString"></Spanish>
					<Dutch d:type="cDeltaString"></Dutch>
					<Polish d:type="cDeltaString"></Polish>
					<Russian d:type="cDeltaString"></Russian>
					<Other/>
					<Key d:type="cDeltaString">fe2f9080-5c46-4f6e-8323-c79fcba63b9a</Key>
				</Localisation-cUserLocalisedString>
			</ServiceName>
			<LocoName>
				<Localisation-cUserLocalisedString>
					<English d:type="cDeltaString">Class 37 BR Large Logo</English>
					<French d:type="cDeltaString"></French>
					<Italian d:type="cDeltaString"></Italian>
					<German d:type="cDeltaString"></German>
					<Spanish d:type="cDeltaString"></Spanish>
					<Dutch d:type="cDeltaString"></Dutch>
					<Polish d:type="cDeltaString"></Polish>
					<Russian d:type="cDeltaString"></Russian>
					<Other/>
					<Key d:type="cDeltaString">c84ad7e8-c71b-4802-af30-2cb1c82d58f4</Key>
				</Localisation-cUserLocalisedString>
			</LocoName>
			<LocoBP>
				<iBlueprintLibrary-cAbsoluteBlueprintID>
					<BlueprintSetID>
						<iBlueprintLibrary-cBlueprintSetID>
							<Provider d:type="cDeltaString">AP</Provider>
							<Product d:type="cDeltaString">Class37Pack01</Product>
						</iBlueprintLibrary-cBlueprintSetID>
					</BlueprintSetID>
					<BlueprintID d:type="cDeltaString">RailVehicles\Diesel\Class37\BR_Blue_LL_2_W3\37_GSMR.xml</BlueprintID>
				</iBlueprintLibrary-cAbsoluteBlueprintID>
			</LocoBP>
			<StartLocation>
				<Localisation-cUserLocalisedString>
					<English d:type="cDeltaString"></English>
					<French d:type="cDeltaString"></French>
					<Italian d:type="cDeltaString"></Italian>
					<German d:type="cDeltaString"></German>
					<Spanish d:type="cDeltaString"></Spanish>
					<Dutch d:type="cDeltaString"></Dutch>
					<Polish d:type="cDeltaString"></Polish>
					<Russian d:type="cDeltaString"></Russian>
					<Other/>
					<Key d:type="cDeltaString">9cd5033c-28b6-4dcf-93ed-81d7d40c641e</Key>
				</Localisation-cUserLocalisedString>
			</StartLocation>
			<LocoClass d:type="cDeltaString">LOCO_CLASS_DIESEL</LocoClass>
			<LocoAuthor d:type="cDeltaString">AP</LocoAuthor>
			<FilePath d:type="cDeltaString">AP\Class37Pack01\RailVehicles\Diesel\Class37\BR_Blue_LL_2_W3</FilePath>
			<Longitude d:type="sFloat64" d:alt_encoding="69428A9F8F0FF33F" d:precision="string">1.1913</Longitude>
			<Latitude d:type="sFloat64" d:alt_encoding="54841A45C43D4A40" d:precision="string">52.4826</Latitude>
			<Height d:type="sFloat32" d:alt_encoding="000000E0F1904940" d:precision="string">51.1324</Height>
			<PlayerDriver d:type="bool">0</PlayerDriver>
		</sDriverFrontEndDetails>
		<sDriverFrontEndDetails d:id="253396434">
			<ServiceName>
				<Localisation-cUserLocalisedString>
					<English d:type="cDeltaString">9P91 0900 Norwich to London Liverpool Street</English>
					<French d:type="cDeltaString"></French>
					<Italian d:type="cDeltaString"></Italian>
					<German d:type="cDeltaString"></German>
					<Spanish d:type="cDeltaString"></Spanish>
					<Dutch d:type="cDeltaString"></Dutch>
					<Polish d:type="cDeltaString"></Polish>
					<Russian d:type="cDeltaString"></Russian>
					<Other/>
					<Key d:type="cDeltaString">2a5d27e9-af0e-451e-831e-b3aed054a135</Key>
				</Localisation-cUserLocalisedString>
			</ServiceName>
			<LocoName>
				<Localisation-cUserLocalisedString>
					<English d:type="cDeltaString">Class 90 AGA AP ADV</English>
					<French d:type="cDeltaString">Class 90 AGA AP ADV</French>
					<Italian d:type="cDeltaString">Class 90 AGA AP ADV</Italian>
					<German d:type="cDeltaString">Class 90 AGA AP ADV</German>
					<Spanish d:type="cDeltaString">Class 90 AGA AP ADV</Spanish>
					<Dutch d:type="cDeltaString">Class 90 AGA AP ADV</Dutch>
					<Polish d:type="cDeltaString">Class 90 AGA AP ADV</Polish>
					<Russian d:type="cDeltaString">Class 90 AGA AP ADV</Russian>
					<Other/>
					<Key d:type="cDeltaString">264e9953-54fb-4af9-b7dc-b6b1acf79129</Key>
				</Localisation-cUserLocalisedString>
			</LocoName>
			<LocoBP>
				<iBlueprintLibrary-cAbsoluteBlueprintID>
					<BlueprintSetID>
						<iBlueprintLibrary-cBlueprintSetID>
							<Provider d:type="cDeltaString">AP_Waggonz</Provider>
							<Product d:type="cDeltaString">Class90Pack01</Product>
						</iBlueprintLibrary-cBlueprintSetID>
					</BlueprintSetID>
					<BlueprintID d:type="cDeltaString">RailVehicles\Class90\AGA_AP\Class 90.xml</BlueprintID>
				</iBlueprintLibrary-cAbsoluteBlueprintID>
			</LocoBP>
			<StartLocation>
				<Localisation-cUserLocalisedString>
					<English d:type="cDeltaString">Norwich P2</English>
					<French d:type="cDeltaString"></French>
					<Italian d:type="cDeltaString"></Italian>
					<German d:type="cDeltaString"></German>
					<Spanish d:type="cDeltaString"></Spanish>
					<Dutch d:type="cDeltaString"></Dutch>
					<Polish d:type="cDeltaString"></Polish>
					<Russian d:type="cDeltaString"></Russian>
					<Other/>
					<Key d:type="cDeltaString">3e7da749-d6cf-401f-ab93-45232004220f</Key>
				</Localisation-cUserLocalisedString>
			</StartLocation>
			<LocoClass d:type="cDeltaString">LOCO_CLASS_ELECTRIC</LocoClass>
			<LocoAuthor d:type="cDeltaString">AP_Waggonz</LocoAuthor>
			<FilePath d:type="cDeltaString">AP_Waggonz\Class90Pack01\RailVehicles\Class90\AGA_AP</FilePath>
			<Longitude d:type="sFloat64" d:alt_encoding="E40A74686BE9F43F" d:precision="string">1.30699</Longitude>
			<Latitude d:type="sFloat64" d:alt_encoding="44C79AA934504A40" d:precision="string">52.6266</Latitude>
			<Height d:type="sFloat32" d:alt_encoding="000000A099791140" d:precision="string">4.36875</Height>
			<PlayerDriver d:type="bool">0</PlayerDriver>
		</sDriverFrontEndDetails>
		<sDriverFrontEndDetails d:id="253397454">
			<ServiceName>
				<Localisation-cUserLocalisedString>
					<English d:type="cDeltaString">1P23 0903 Norwich to London Liverpool Street</English>
					<French d:type="cDeltaString"></French>
					<Italian d:type="cDeltaString"></Italian>
					<German d:type="cDeltaString"></German>
					<Spanish d:type="cDeltaString"></Spanish>
					<Dutch d:type="cDeltaString"></Dutch>
					<Polish d:type="cDeltaString"></Polish>
					<Russian d:type="cDeltaString"></Russian>
					<Other/>
					<Key d:type="cDeltaString">1c3c1fd3-283c-4cbc-b97b-0bc3be3b1c1e</Key>
				</Localisation-cUserLocalisedString>
			</ServiceName>
			<LocoName>
				<Localisation-cUserLocalisedString>
					<English d:type="cDeltaString">Class 90 AGA AP ADV</English>
					<French d:type="cDeltaString">Class 90 AGA AP ADV</French>
					<Italian d:type="cDeltaString">Class 90 AGA AP ADV</Italian>
					<German d:type="cDeltaString">Class 90 AGA AP ADV</German>
					<Spanish d:type="cDeltaString">Class 90 AGA AP ADV</Spanish>
					<Dutch d:type="cDeltaString">Class 90 AGA AP ADV</Dutch>
					<Polish d:type="cDeltaString">Class 90 AGA AP ADV</Polish>
					<Russian d:type="cDeltaString">Class 90 AGA AP ADV</Russian>
					<Other/>
					<Key d:type="cDeltaString">9c2bad5e-c291-4673-a94b-856c2196793b</Key>
				</Localisation-cUserLocalisedString>
			</LocoName>
			<LocoBP>
				<iBlueprintLibrary-cAbsoluteBlueprintID>
					<BlueprintSetID>
						<iBlueprintLibrary-cBlueprintSetID>
							<Provider d:type="cDeltaString">AP_Waggonz</Provider>
							<Product d:type="cDeltaString">Class90Pack01</Product>
						</iBlueprintLibrary-cBlueprintSetID>
					</BlueprintSetID>
					<BlueprintID d:type="cDeltaString">RailVehicles\Class90\AGA_AP\Class 90.xml</BlueprintID>
				</iBlueprintLibrary-cAbsoluteBlueprintID>
			</LocoBP>
			<StartLocation>
				<Localisation-cUserLocalisedString>
					<English d:type="cDeltaString">Norwich P4</English>
					<French d:type="cDeltaString"></French>
					<Italian d:type="cDeltaString"></Italian>
					<German d:type="cDeltaString"></German>
					<Spanish d:type="cDeltaString"></Spanish>
					<Dutch d:type="cDeltaString"></Dutch>
					<Polish d:type="cDeltaString"></Polish>
					<Russian d:type="cDeltaString"></Russian>
					<Other/>
					<Key d:type="cDeltaString">275d4a03-bf6e-4f45-a0fa-a536d8b3f42b</Key>
				</Localisation-cUserLocalisedString>
			</StartLocation>
			<LocoClass d:type="cDeltaString">LOCO_CLASS_ELECTRIC</LocoClass>
			<LocoAuthor d:type="cDeltaString">AP_Waggonz</LocoAuthor>
			<FilePath d:type="cDeltaString">AP_Waggonz\Class90Pack01\RailVehicles\Class90\AGA_AP</FilePath>
			<Longitude d:type="sFloat64" d:alt_encoding="7D838B9DFCE9F43F" d:precision="string">1.30713</Longitude>
			<Latitude d:type="sFloat64" d:alt_encoding="195182D937504A40" d:precision="string">52.6267</Latitude>
			<Height d:type="sFloat32" d:alt_encoding="000000A099791140" d:precision="string">4.36875</Height>
			<PlayerDriver d:type="bool">1</PlayerDriver>
		</sDriverFrontEndDetails>
		<sDriverFrontEndDetails d:id="253396502">
			<ServiceName>
				<Localisation-cUserLocalisedString>
					<English d:type="cDeltaString">1P12 0830 London Liverpool Street to Norwich</English>
					<French d:type="cDeltaString"></French>
					<Italian d:type="cDeltaString"></Italian>
					<German d:type="cDeltaString"></German>
					<Spanish d:type="cDeltaString"></Spanish>
					<Dutch d:type="cDeltaString"></Dutch>
					<Polish d:type="cDeltaString"></Polish>
					<Russian d:type="cDeltaString"></Russian>
					<Other/>
					<Key d:type="cDeltaString">2bce77fe-1fc4-440a-8014-77ccd2e937d4</Key>
				</Localisation-cUserLocalisedString>
			</ServiceName>
			<LocoName>
				<Localisation-cUserLocalisedString>
					<English d:type="cDeltaString">MK3 DVT AGA AP ADV</English>
					<French d:type="cDeltaString">MK3 DVT AGA AP ADV</French>
					<Italian d:type="cDeltaString">MK3 DVT AGA AP ADV</Italian>
					<German d:type="cDeltaString">MK3 DVT AGA AP ADV</German>
					<Spanish d:type="cDeltaString">MK3 DVT AGA AP ADV</Spanish>
					<Dutch d:type="cDeltaString">MK3 DVT AGA AP ADV</Dutch>
					<Polish d:type="cDeltaString">MK3 DVT AGA AP ADV</Polish>
					<Russian d:type="cDeltaString">MK3 DVT AGA AP ADV</Russian>
					<Other/>
					<Key d:type="cDeltaString">5276c9b0-e0c0-45ca-973a-4931698bc18f</Key>
				</Localisation-cUserLocalisedString>
			</LocoName>
			<LocoBP>
				<iBlueprintLibrary-cAbsoluteBlueprintID>
					<BlueprintSetID>
						<iBlueprintLibrary-cBlueprintSetID>
							<Provider d:type="cDeltaString">AP_Waggonz</Provider>
							<Product d:type="cDeltaString">Class90Pack01</Product>
						</iBlueprintLibrary-cBlueprintSetID>
					</BlueprintSetID>
					<BlueprintID d:type="cDeltaString">RailVehicles\MK3DVT\AGA_AP\DVT.xml</BlueprintID>
				</iBlueprintLibrary-cAbsoluteBlueprintID>
			</LocoBP>
			<StartLocation>
				<Localisation-cUserLocalisedString>
					<English d:type="cDeltaString">Ipswich P3</English>
					<French d:type="cDeltaString"></French>
					<Italian d:type="cDeltaString"></Italian>
					<German d:type="cDeltaString"></German>
					<Spanish d:type="cDeltaString"></Spanish>
					<Dutch d:type="cDeltaString"></Dutch>
					<Polish d:type="cDeltaString"></Polish>
					<Russian d:type="cDeltaString"></Russian>
					<Other/>
					<Key d:type="cDeltaString">a1767199-4b10-4fc6-8d8c-1d8868a11ef5</Key>
				</Localisation-cUserLocalisedString>
			</StartLocation>
			<LocoClass d:type="cDeltaString">LOCO_CLASS_ELECTRIC</LocoClass>
			<LocoAuthor d:type="cDeltaString">AP_Waggonz</LocoAuthor>
			<FilePath d:type="cDeltaString">AP_Waggonz\Class90Pack01\RailVehicles\MK3DVT\AGA_AP</FilePath>
			<Longitude d:type="sFloat64" d:alt_encoding="4B3F1D1EB244F23F" d:precision="string">1.14177</Longitude>
			<Latitude d:type="sFloat64" d:alt_encoding="E99A8F018A064A40" d:precision="string">52.0511</Latitude>
			<Height d:type="sFloat32" d:alt_encoding="000000405F6D0B40" d:precision="string">3.4284</Height>
			<PlayerDriver d:type="bool">0</PlayerDriver>
		</sDriverFrontEndDetails>
		<sDriverFrontEndDetails d:id="253398338">
			<ServiceName>
				<Localisation-cUserLocalisedString>
					<English d:type="cDeltaString">1P10 0755 London Liverpool Street to Norwich</English>
					<French d:type="cDeltaString"></French>
					<Italian d:type="cDeltaString"></Italian>
					<German d:type="cDeltaString"></German>
					<Spanish d:type="cDeltaString"></Spanish>
					<Dutch d:type="cDeltaString"></Dutch>
					<Polish d:type="cDeltaString"></Polish>
					<Russian d:type="cDeltaString"></Russian>
					<Other/>
					<Key d:type="cDeltaString">b9d0e179-eb11-4085-9de3-5c614b6f9e96</Key>
				</Localisation-cUserLocalisedString>
			</ServiceName>
			<LocoName>
				<Localisation-cUserLocalisedString>
					<English d:type="cDeltaString">MK3 DVT AGA AP ADV</English>
					<French d:type="cDeltaString">MK3 DVT AGA AP ADV</French>
					<Italian d:type="cDeltaString">MK3 DVT AGA AP ADV</Italian>
					<German d:type="cDeltaString">MK3 DVT AGA AP ADV</German>
					<Spanish d:type="cDeltaString">MK3 DVT AGA AP ADV</Spanish>
					<Dutch d:type="cDeltaString">MK3 DVT AGA AP ADV</Dutch>
					<Polish d:type="cDeltaString">MK3 DVT AGA AP ADV</Polish>
					<Russian d:type="cDeltaString">MK3 DVT AGA AP ADV</Russian>
					<Other/>
					<Key d:type="cDeltaString">9ebb946c-d2b9-4555-a23a-265d7de4b1ca</Key>
				</Localisation-cUserLocalisedString>
			</LocoName>
			<LocoBP>
				<iBlueprintLibrary-cAbsoluteBlueprintID>
					<BlueprintSetID>
						<iBlueprintLibrary-cBlueprintSetID>
							<Provider d:type="cDeltaString">AP_Waggonz</Provider>
							<Product d:type="cDeltaString">Class90Pack01</Product>
						</iBlueprintLibrary-cBlueprintSetID>
					</BlueprintSetID>
					<BlueprintID d:type="cDeltaString">RailVehicles\MK3DVT\AGA_AP\DVT.xml</BlueprintID>
				</iBlueprintLibrary-cAbsoluteBlueprintID>
			</LocoBP>
			<StartLocation>
				<Localisation-cUserLocalisedString>
					<English d:type="cDeltaString">Stowmarket P2</English>
					<French d:type="cDeltaString"></French>
					<Italian d:type="cDeltaString"></Italian>
					<German d:type="cDeltaString"></German>
					<Spanish d:type="cDeltaString"></Spanish>
					<Dutch d:type="cDeltaString"></Dutch>
					<Polish d:type="cDeltaString"></Polish>
					<Russian d:type="cDeltaString"></Russian>
					<Other/>
					<Key d:type="cDeltaString">e45de361-ff61-47c3-a798-1c2d6f8de40e</Key>
				</Localisation-cUserLocalisedString>
			</StartLocation>
			<LocoClass d:type="cDeltaString">LOCO_CLASS_ELECTRIC</LocoClass>
			<LocoAuthor d:type="cDeltaString">AP_Waggonz</LocoAuthor>
			<FilePath d:type="cDeltaString">AP_Waggonz\Class90Pack01\RailVehicles\MK3DVT\AGA_AP</FilePath>
			<Longitude d:type="sFloat64" d:alt_encoding="7CA39ACB78FEEF3F" d:precision="string">0.999813</Longitude>
			<Latitude d:type="sFloat64" d:alt_encoding="9C47BC8E5D184A40" d:precision="string">52.1904</Latitude>
			<Height d:type="sFloat32" d:alt_encoding="0000000043D33A40" d:precision="string">26.8252</Height>
			<PlayerDriver d:type="bool">0</PlayerDriver>
		</sDriverFrontEndDetails>
		<sDriverFrontEndDetails d:id="253396570">
			<ServiceName>
				<Localisation-cUserLocalisedString>
					<English d:type="cDeltaString">1P08 0730 London Liverpool Street to Norwich</English>
					<French d:type="cDeltaString"></French>
					<Italian d:type="cDeltaString"></Italian>
					<German d:type="cDeltaString"></German>
					<Spanish d:type="cDeltaString"></Spanish>
					<Dutch d:type="cDeltaString"></Dutch>
					<Polish d:type="cDeltaString"></Polish>
					<Russian d:type="cDeltaString"></Russian>
					<Other/>
					<Key d:type="cDeltaString">f0d1232d-3126-4427-a3f4-88133d40f0f0</Key>
				</Localisation-cUserLocalisedString>
			</ServiceName>
			<LocoName>
				<Localisation-cUserLocalisedString>
					<English d:type="cDeltaString">MK3 DVT AGA AP ADV</English>
					<French d:type="cDeltaString">MK3 DVT AGA AP ADV</French>
					<Italian d:type="cDeltaString">MK3 DVT AGA AP ADV</Italian>
					<German d:type="cDeltaString">MK3 DVT AGA AP ADV</German>
					<Spanish d:type="cDeltaString">MK3 DVT AGA AP ADV</Spanish>
					<Dutch d:type="cDeltaString">MK3 DVT AGA AP ADV</Dutch>
					<Polish d:type="cDeltaString">MK3 DVT AGA AP ADV</Polish>
					<Russian d:type="cDeltaString">MK3 DVT AGA AP ADV</Russian>
					<Other/>
					<Key d:type="cDeltaString">e43c3797-cc5f-4490-a1bc-773281769af1</Key>
				</Localisation-cUserLocalisedString>
			</LocoName>
			<LocoBP>
				<iBlueprintLibrary-cAbsoluteBlueprintID>
					<BlueprintSetID>
						<iBlueprintLibrary-cBlueprintSetID>
							<Provider d:type="cDeltaString">AP_Waggonz</Provider>
							<Product d:type="cDeltaString">Class90Pack01</Product>
						</iBlueprintLibrary-cBlueprintSetID>
					</BlueprintSetID>
					<BlueprintID d:type="cDeltaString">RailVehicles\MK3DVT\AGA_AP\DVT.xml</BlueprintID>
				</iBlueprintLibrary-cAbsoluteBlueprintID>
			</LocoBP>
			<StartLocation>
				<Localisation-cUserLocalisedString>
					<English d:type="cDeltaString">Diss P1</English>
					<French d:type="cDeltaString"></French>
					<Italian d:type="cDeltaString"></Italian>
					<German d:type="cDeltaString"></German>
					<Spanish d:type="cDeltaString"></Spanish>
					<Dutch d:type="cDeltaString"></Dutch>
					<Polish d:type="cDeltaString"></Polish>
					<Russian d:type="cDeltaString"></Russian>
					<Other/>
					<Key d:type="cDeltaString">cfb5022a-4edb-45c0-b881-73e6081f1f0b</Key>
				</Localisation-cUserLocalisedString>
			</StartLocation>
			<LocoClass d:type="cDeltaString">LOCO_CLASS_ELECTRIC</LocoClass>
			<LocoAuthor d:type="cDeltaString">AP_Waggonz</LocoAuthor>
			<FilePath d:type="cDeltaString">AP_Waggonz\Class90Pack01\RailVehicles\MK3DVT\AGA_AP</FilePath>
			<Longitude d:type="sFloat64" d:alt_encoding="5973DC45B4FBF13F" d:precision="string">1.12395</Longitude>
			<Latitude d:type="sFloat64" d:alt_encoding="23C1636AE12F4A40" d:precision="string">52.3741</Latitude>
			<Height d:type="sFloat32" d:alt_encoding="00000020367D4040" d:precision="string">32.9782</Height>
			<PlayerDriver d:type="bool">0</PlayerDriver>
		</sDriverFrontEndDetails>
		<sDriverFrontEndDetails d:id="253397930">
			<ServiceName>
				<Localisation-cUserLocalisedString>
					<English d:type="cDeltaString">2W08 0920 Ipswich to Cambridge</English>
					<French d:type="cDeltaString"></French>
					<Italian d:type="cDeltaString"></Italian>
					<German d:type="cDeltaString"></German>
					<Spanish d:type="cDeltaString"></Spanish>
					<Dutch d:type="cDeltaString"></Dutch>
					<Polish d:type="cDeltaString"></Polish>
					<Russian d:type="cDeltaString"></Russian>
					<Other/>
					<Key d:type="cDeltaString">ba0c5ffb-d9f6-4f5d-b65f-3b766a9384b8</Key>
				</Localisation-cUserLocalisedString>
			</ServiceName>
			<LocoName>
				<Localisation-cUserLocalisedString>
					<English d:type="cDeltaString">Class 170 Greater Anglia AP</English>
					<French d:type="cDeltaString"></French>
					<Italian d:type="cDeltaString"></Italian>
					<German d:type="cDeltaString"></German>
					<Spanish d:type="cDeltaString"></Spanish>
					<Dutch d:type="cDeltaString"></Dutch>
					<Polish d:type="cDeltaString"></Polish>
					<Russian d:type="cDeltaString"></Russian>
					<Other/>
					<Key d:type="cDeltaString">Description</Key>
				</Localisation-cUserLocalisedString>
			</LocoName>
			<LocoBP>
				<iBlueprintLibrary-cAbsoluteBlueprintID>
					<BlueprintSetID>
						<iBlueprintLibrary-cBlueprintSetID>
							<Provider d:type="cDeltaString">Thomson</Provider>
							<Product d:type="cDeltaString">Class170Pack01</Product>
						</iBlueprintLibrary-cBlueprintSetID>
					</BlueprintSetID>
					<BlueprintID d:type="cDeltaString">RailVehicles\Class170\GA_AP\Engine\Class170_DMCL.xml</BlueprintID>
				</iBlueprintLibrary-cAbsoluteBlueprintID>
			</LocoBP>
			<StartLocation>
				<Localisation-cUserLocalisedString>
					<English d:type="cDeltaString">Needham Market P1</English>
					<French d:type="cDeltaString"></French>
					<Italian d:type="cDeltaString"></Italian>
					<German d:type="cDeltaString"></German>
					<Spanish d:type="cDeltaString"></Spanish>
					<Dutch d:type="cDeltaString"></Dutch>
					<Polish d:type="cDeltaString"></Polish>
					<Russian d:type="cDeltaString"></Russian>
					<Other/>
					<Key d:type="cDeltaString">2f84776f-a847-41ad-a544-ad150133df93</Key>
				</Localisation-cUserLocalisedString>
			</StartLocation>
			<LocoClass d:type="cDeltaString">LOCO_CLASS_DIESEL</LocoClass>
			<LocoAuthor d:type="cDeltaString">Thomson</LocoAuthor>
			<FilePath d:type="cDeltaString">Thomson\Class170Pack01\RailVehicles\Class170\GA_AP\Engine</FilePath>
			<Longitude d:type="sFloat64" d:alt_encoding="47E82ADCC9E3F03F" d:precision="string">1.05561</Longitude>
			<Latitude d:type="sFloat64" d:alt_encoding="5726A7C38A134A40" d:precision="string">52.1527</Latitude>
			<Height d:type="sFloat32" d:alt_encoding="000000E0A3C33640" d:precision="string">22.7642</Height>
			<PlayerDriver d:type="bool">0</PlayerDriver>
		</sDriverFrontEndDetails>
	</FrontEndDriverList>
	<RequiredSet>
		<iBlueprintLibrary-cBlueprintSetID d:id="32463920">
			<Provider d:type="cDeltaString">AP</Provider>
			<Product d:type="cDeltaString">Class37Pack01</Product>
		</iBlueprintLibrary-cBlueprintSetID>
		<iBlueprintLibrary-cBlueprintSetID d:id="32463922">
			<Provider d:type="cDeltaString">AP_Waggonz</Provider>
			<Product d:type="cDeltaString">Class90Pack01</Product>
		</iBlueprintLibrary-cBlueprintSetID>
		<iBlueprintLibrary-cBlueprintSetID d:id="32463924">
			<Provider d:type="cDeltaString">JustTrains</Provider>
			<Product d:type="cDeltaString">Class153</Product>
		</iBlueprintLibrary-cBlueprintSetID>
		<iBlueprintLibrary-cBlueprintSetID d:id="32463926">
			<Provider d:type="cDeltaString">JustTrains</Provider>
			<Product d:type="cDeltaString">RHTT</Product>
		</iBlueprintLibrary-cBlueprintSetID>
		<iBlueprintLibrary-cBlueprintSetID d:id="32463928">
			<Provider d:type="cDeltaString">Thomson</Provider>
			<Product d:type="cDeltaString">Class170Pack01</Product>
		</iBlueprintLibrary-cBlueprintSetID>
	</RequiredSet>
	<Gizmo>
		<cOwnedEntity d:id="163787476">
			<Component>
				<cEditorSceneryRender d:id="163311126">
					<DetailLevel d:type="sInt32">10</DetailLevel>
					<Global d:type="bool">0</Global>
					<Saved d:type="bool">1</Saved>
					<Palette0Index d:type="sUInt8">194</Palette0Index>
					<Palette1Index d:type="sUInt8">17</Palette1Index>
					<Palette2Index d:type="sUInt8">120</Palette2Index>
				</cEditorSceneryRender>
				<cPosOri d:id="161863272">
					<Scale d:numElements="4" d:elementType="sFloat32" d:precision="string">1.0000000 1.0000000 1.0000000 0.0000000</Scale>
					<RFarMatrix>
						<cFarMatrix d:id="161863278">
							<Height d:type="sFloat32" d:alt_encoding="0000000000001240" d:precision="string">4.5</Height>
							<RXAxis d:numElements="4" d:elementType="sFloat32" d:precision="string">1.0000000 0.0000000 0.0000000 0.0000000</RXAxis>
							<RYAxis d:numElements="4" d:elementType="sFloat32" d:precision="string">0.0000000 1.0000000 0.0000000 0.0000000</RYAxis>
							<RZAxis d:numElements="4" d:elementType="sFloat32" d:precision="string">0.0000000 0.0000000 1.0000000 0.0000000</RZAxis>
							<RFarPosition>
								<cFarVector2 d:id="161863285">
									<X>
										<cFarCoordinate>
											<RouteCoordinate>
												<cRouteCoordinate>
													<Distance d:type="sInt32">29</Distance>
												</cRouteCoordinate>
											</RouteCoordinate>
											<TileCoordinate>
												<cTileCoordinate>
													<Distance d:type="sFloat32" d:alt_encoding="0000000000AC8B40" d:precision="string">885.5</Distance>
												</cTileCoordinate>
											</TileCoordinate>
										</cFarCoordinate>
									</X>
									<Z>
										<cFarCoordinate>
											<RouteCoordinate>
												<cRouteCoordinate>
													<Distance d:type="sInt32">77</Distance>
												</cRouteCoordinate>
											</RouteCoordinate>
											<TileCoordinate>
												<cTileCoordinate>
													<Distance d:type="sFloat32" d:alt_encoding="000000C0200B8E40" d:precision="string">961.391</Distance>
												</cTileCoordinate>
											</TileCoordinate>
										</cFarCoordinate>
									</Z>
								</cFarVector2>
							</RFarPosition>
						</cFarMatrix>
					</RFarMatrix>
				</cPosOri>
				<cScriptComponent d:id="158426050">
					<DebugDisplay d:type="bool">1</DebugDisplay>
					<StateName d:type="cDeltaString"></StateName>
				</cScriptComponent>
			</Component>
			<BlueprintID>
				<iBlueprintLibrary-cAbsoluteBlueprintID>
					<BlueprintSetID>
						<iBlueprintLibrary-cBlueprintSetID>
							<Provider d:type="cDeltaString">Kuju</Provider>
							<Product d:type="cDeltaString">RailSimulatorCore</Product>
						</iBlueprintLibrary-cBlueprintSetID>
					</BlueprintSetID>
					<BlueprintID d:type="cDeltaString">Editor\Gizmo\Scenario Markers\Standard Scenario Marker.xml</BlueprintID>
				</iBlueprintLibrary-cAbsoluteBlueprintID>
			</BlueprintID>
			<ReskinBlueprintID>
				<iBlueprintLibrary-cAbsoluteBlueprintID>
					<BlueprintSetID>
						<iBlueprintLibrary-cBlueprintSetID>
							<Provider d:type="cDeltaString"></Provider>
							<Product d:type="cDeltaString"></Product>
						</iBlueprintLibrary-cBlueprintSetID>
					</BlueprintSetID>
					<BlueprintID d:type="cDeltaString"></BlueprintID>
				</iBlueprintLibrary-cAbsoluteBlueprintID>
			</ReskinBlueprintID>
			<Name d:type="cDeltaString">Standard Scenario Marker</Name>
			<EntityID>
				<cGUID>
					<UUID>
						<e d:type="sUInt64">5003494182884112763</e>
						<e d:type="sUInt64">9061366872767373237</e>
					</UUID>
					<DevString d:type="cDeltaString">1e8a797b-fb73-456f-b59f-ca5e2971c07d</DevString>
				</cGUID>
			</EntityID>
		</cOwnedEntity>
	</Gizmo>
	<SimulationTime d:type="sFloat32" d:alt_encoding="0000000000000000" d:precision="string">0</SimulationTime>
	<AuthoredLanguage d:type="cDeltaString">en</AuthoredLanguage>
	<Version d:type="sFloat32" d:alt_encoding="000000000000F03F" d:precision="string">1</Version>
	<Author d:type="cDeltaString">Cynx</Author>
	<DispatcherVersion d:type="cDeltaString">V1</DispatcherVersion>
	<RBlueprintSetPreLoad>
		<iBlueprintLibrary-cBlueprintSetID d:id="213103140">
			<Provider d:type="cDeltaString">AP</Provider>
			<Product d:type="cDeltaString">Class321Pack01</Product>
		</iBlueprintLibrary-cBlueprintSetID>
		<iBlueprintLibrary-cBlueprintSetID d:id="213103142">
			<Provider d:type="cDeltaString">AP_Waggonz</Provider>
			<Product d:type="cDeltaString">Class90Pack01</Product>
		</iBlueprintLibrary-cBlueprintSetID>
		<iBlueprintLibrary-cBlueprintSetID d:id="213103144">
			<Provider d:type="cDeltaString">AP_Waggonz</Provider>
			<Product d:type="cDeltaString">Class315Pack01</Product>
		</iBlueprintLibrary-cBlueprintSetID>
		<iBlueprintLibrary-cBlueprintSetID d:id="213103146">
			<Provider d:type="cDeltaString">AP</Provider>
			<Product d:type="cDeltaString">Class37Pack01</Product>
		</iBlueprintLibrary-cBlueprintSetID>
		<iBlueprintLibrary-cBlueprintSetID d:id="213103148">
			<Provider d:type="cDeltaString">JustTrains</Provider>
			<Product d:type="cDeltaString">RHTT</Product>
		</iBlueprintLibrary-cBlueprintSetID>
		<iBlueprintLibrary-cBlueprintSetID d:id="213103150">
			<Provider d:type="cDeltaString">Thomson</Provider>
			<Product d:type="cDeltaString">Class170Pack01</Product>
		</iBlueprintLibrary-cBlueprintSetID>
		<iBlueprintLibrary-cBlueprintSetID d:id="213103152">
			<Provider d:type="cDeltaString">AP</Provider>
			<Product d:type="cDeltaString">C170EP</Product>
		</iBlueprintLibrary-cBlueprintSetID>
		<iBlueprintLibrary-cBlueprintSetID d:id="213103154">
			<Provider d:type="cDeltaString">JustTrains</Provider>
			<Product d:type="cDeltaString">Class153</Product>
		</iBlueprintLibrary-cBlueprintSetID>
	</RBlueprintSetPreLoad>
	<NamedEntity/>
	<Condition/>
	<DeferredEvent/>
	<CheckedCondition/>
	<CareerRules>
		<d:nil/>
	</CareerRules>
	<MD5 d:type="cDeltaString">F35DC18A19C859D6362C5C969105A674</MD5>
	<MessageEvent/>
	<SimpleControlsOnly d:type="bool">0</SimpleControlsOnly>
	<ExpertControlsOnly d:type="bool">0</ExpertControlsOnly>
	<LocksScenario/>
	<StartDestString/>
	<TemplateStartDestMapping/>
	<IsTemplateGenerated d:type="bool">0</IsTemplateGenerated>
	<TemplateScenarioGUID>
		<cGUID>
			<UUID>
				<e d:type="sUInt64">0</e>
				<e d:type="sUInt64">0</e>
			</UUID>
			<DevString d:type="cDeltaString">00000000-0000-0000-0000-000000000000</DevString>
		</cGUID>
	</TemplateScenarioGUID>
	<WorkshopId d:type="sUInt64">0</WorkshopId>
	<WorkshopBy d:type="sUInt64">0</WorkshopBy>
	<WorkshopTags d:type="cDeltaString"></WorkshopTags>
	<StartInCab d:type="bool">0</StartInCab>
	<IsClonedDLC d:type="bool">0</IsClonedDLC>
	<StartLongitude d:type="sFloat64" d:alt_encoding="0000000000000000" d:precision="string">0</StartLongitude>
	<StartLatitude d:type="sFloat64" d:alt_encoding="0000000000000000" d:precision="string">0</StartLatitude>
	<StartHeight d:type="sFloat32" d:alt_encoding="0000000000000000" d:precision="string">0</StartHeight>
	<QuickDriveStartName d:type="cDeltaString"></QuickDriveStartName>
	<QuickDriveEndName d:type="cDeltaString"></QuickDriveEndName>
	<QuickDrivePlayerConsistName d:type="cDeltaString"></QuickDrivePlayerConsistName>
</cScenarioProperties>
