<?xml version="1.0" encoding="utf-8"?>
<cBlueprintLoader xmlns:d="http://www.kuju.com/TnT/2003/Delta" d:version="1.0">
	<Blueprint>
		<cNamedTextureSetBlueprint xmlns:d="http://www.kuju.com/TnT/2003/Delta" d:version="1.0">
			<Name d:type="cDeltaString">PrimaryNumberSet</Name>
			<TextureEntry>
				<cNamedTextureSetBlueprint-sTextureEntry d:id="135">
					<TextureName d:type="cDeltaString">0</TextureName>
					<TextureID d:type="cDeltaString">4AS\SignagePack\Generic\Textures\OldSign\[00]Yellow0</TextureID>
				</cNamedTextureSetBlueprint-sTextureEntry>
				<cNamedTextureSetBlueprint-sTextureEntry d:id="138">
					<TextureName d:type="cDeltaString">1</TextureName>
					<TextureID d:type="cDeltaString">4AS\SignagePack\Generic\Textures\OldSign\[00]Yellow1</TextureID>
				</cNamedTextureSetBlueprint-sTextureEntry>
				<cNamedTextureSetBlueprint-sTextureEntry d:id="141">
					<TextureName d:type="cDeltaString">2</TextureName>
					<TextureID d:type="cDeltaString">4AS\SignagePack\Generic\Textures\OldSign\[00]Yellow2</TextureID>
				</cNamedTextureSetBlueprint-sTextureEntry>
				<cNamedTextureSetBlueprint-sTextureEntry d:id="144">
					<TextureName d:type="cDeltaString">3</TextureName>
					<TextureID d:type="cDeltaString">4AS\SignagePack\Generic\Textures\OldSign\[00]Yellow3</TextureID>
				</cNamedTextureSetBlueprint-sTextureEntry>
				<cNamedTextureSetBlueprint-sTextureEntry d:id="147">
					<TextureName d:type="cDeltaString">4</TextureName>
					<TextureID d:type="cDeltaString">4AS\SignagePack\Generic\Textures\OldSign\[00]Yellow4</TextureID>
				</cNamedTextureSetBlueprint-sTextureEntry>
				<cNamedTextureSetBlueprint-sTextureEntry d:id="150">
					<TextureName d:type="cDeltaString">5</TextureName>
					<TextureID d:type="cDeltaString">4AS\SignagePack\Generic\Textures\OldSign\[00]Yellow5</TextureID>
				</cNamedTextureSetBlueprint-sTextureEntry>
				<cNamedTextureSetBlueprint-sTextureEntry d:id="153">
					<TextureName d:type="cDeltaString">6</TextureName>
					<TextureID d:type="cDeltaString">4AS\SignagePack\Generic\Textures\OldSign\[00]Yellow6</TextureID>
				</cNamedTextureSetBlueprint-sTextureEntry>
				<cNamedTextureSetBlueprint-sTextureEntry d:id="156">
					<TextureName d:type="cDeltaString">7</TextureName>
					<TextureID d:type="cDeltaString">4AS\SignagePack\Generic\Textures\OldSign\[00]Yellow7</TextureID>
				</cNamedTextureSetBlueprint-sTextureEntry>
				<cNamedTextureSetBlueprint-sTextureEntry d:id="159">
					<TextureName d:type="cDeltaString">8</TextureName>
					<TextureID d:type="cDeltaString">4AS\SignagePack\Generic\Textures\OldSign\[00]Yellow8</TextureID>
				</cNamedTextureSetBlueprint-sTextureEntry>
				<cNamedTextureSetBlueprint-sTextureEntry d:id="162">
					<TextureName d:type="cDeltaString">9</TextureName>
					<TextureID d:type="cDeltaString">4AS\SignagePack\Generic\Textures\OldSign\[00]Yellow9</TextureID>
				</cNamedTextureSetBlueprint-sTextureEntry>
			</TextureEntry>
		</cNamedTextureSetBlueprint>
	</Blueprint>
</cBlueprintLoader>
