<?xml version="1.0" encoding="utf-8"?>
<cBlueprintLoader xmlns:d="http://www.kuju.com/TnT/2003/Delta" d:version="1.0">
	<Blueprint>
		<cNamedTextureSetBlueprint xmlns:d="http://www.kuju.com/TnT/2003/Delta" d:version="1.0">
			<Name d:type="cDeltaString">PrimaryNumberSet</Name>
			<TextureEntry>
				<cNamedTextureSetBlueprint-sTextureEntry d:id="8833">
					<TextureName d:type="cDeltaString">0</TextureName>
					<TextureID d:type="cDeltaString">4AS\SignagePack\Generic\Textures\RA Black\[00]0</TextureID>
				</cNamedTextureSetBlueprint-sTextureEntry>
				<cNamedTextureSetBlueprint-sTextureEntry d:id="8836">
					<TextureName d:type="cDeltaString">1</TextureName>
					<TextureID d:type="cDeltaString">4AS\SignagePack\Generic\Textures\RA Black\[00]1</TextureID>
				</cNamedTextureSetBlueprint-sTextureEntry>
				<cNamedTextureSetBlueprint-sTextureEntry d:id="8839">
					<TextureName d:type="cDeltaString">2</TextureName>
					<TextureID d:type="cDeltaString">4AS\SignagePack\Generic\Textures\RA Black\[00]2</TextureID>
				</cNamedTextureSetBlueprint-sTextureEntry>
				<cNamedTextureSetBlueprint-sTextureEntry d:id="8842">
					<TextureName d:type="cDeltaString">3</TextureName>
					<TextureID d:type="cDeltaString">4AS\SignagePack\Generic\Textures\RA Black\[00]3</TextureID>
				</cNamedTextureSetBlueprint-sTextureEntry>
				<cNamedTextureSetBlueprint-sTextureEntry d:id="8845">
					<TextureName d:type="cDeltaString">4</TextureName>
					<TextureID d:type="cDeltaString">4AS\SignagePack\Generic\Textures\RA Black\[00]4</TextureID>
				</cNamedTextureSetBlueprint-sTextureEntry>
				<cNamedTextureSetBlueprint-sTextureEntry d:id="8848">
					<TextureName d:type="cDeltaString">5</TextureName>
					<TextureID d:type="cDeltaString">4AS\SignagePack\Generic\Textures\RA Black\[00]5</TextureID>
				</cNamedTextureSetBlueprint-sTextureEntry>
				<cNamedTextureSetBlueprint-sTextureEntry d:id="8851">
					<TextureName d:type="cDeltaString">6</TextureName>
					<TextureID d:type="cDeltaString">4AS\SignagePack\Generic\Textures\RA Black\[00]6</TextureID>
				</cNamedTextureSetBlueprint-sTextureEntry>
				<cNamedTextureSetBlueprint-sTextureEntry d:id="8854">
					<TextureName d:type="cDeltaString">7</TextureName>
					<TextureID d:type="cDeltaString">4AS\SignagePack\Generic\Textures\RA Black\[00]7</TextureID>
				</cNamedTextureSetBlueprint-sTextureEntry>
				<cNamedTextureSetBlueprint-sTextureEntry d:id="8857">
					<TextureName d:type="cDeltaString">8</TextureName>
					<TextureID d:type="cDeltaString">4AS\SignagePack\Generic\Textures\RA Black\[00]8</TextureID>
				</cNamedTextureSetBlueprint-sTextureEntry>
				<cNamedTextureSetBlueprint-sTextureEntry d:id="8860">
					<TextureName d:type="cDeltaString">9</TextureName>
					<TextureID d:type="cDeltaString">4AS\SignagePack\Generic\Textures\RA Black\[00]9</TextureID>
				</cNamedTextureSetBlueprint-sTextureEntry>
				<cNamedTextureSetBlueprint-sTextureEntry d:id="8863">
					<TextureName d:type="cDeltaString">A</TextureName>
					<TextureID d:type="cDeltaString">4AS\SignagePack\Generic\Textures\RA Black\[00]A</TextureID>
				</cNamedTextureSetBlueprint-sTextureEntry>
				<cNamedTextureSetBlueprint-sTextureEntry d:id="8866">
					<TextureName d:type="cDeltaString">B</TextureName>
					<TextureID d:type="cDeltaString">4AS\SignagePack\Generic\Textures\RA Black\[00]B</TextureID>
				</cNamedTextureSetBlueprint-sTextureEntry>
				<cNamedTextureSetBlueprint-sTextureEntry d:id="8869">
					<TextureName d:type="cDeltaString">C</TextureName>
					<TextureID d:type="cDeltaString">4AS\SignagePack\Generic\Textures\RA Black\[00]C</TextureID>
				</cNamedTextureSetBlueprint-sTextureEntry>
				<cNamedTextureSetBlueprint-sTextureEntry d:id="8872">
					<TextureName d:type="cDeltaString">D</TextureName>
					<TextureID d:type="cDeltaString">4AS\SignagePack\Generic\Textures\RA Black\[00]D</TextureID>
				</cNamedTextureSetBlueprint-sTextureEntry>
				<cNamedTextureSetBlueprint-sTextureEntry d:id="8875">
					<TextureName d:type="cDeltaString">E</TextureName>
					<TextureID d:type="cDeltaString">4AS\SignagePack\Generic\Textures\RA Black\[00]E</TextureID>
				</cNamedTextureSetBlueprint-sTextureEntry>
				<cNamedTextureSetBlueprint-sTextureEntry d:id="8878">
					<TextureName d:type="cDeltaString">F</TextureName>
					<TextureID d:type="cDeltaString">4AS\SignagePack\Generic\Textures\RA Black\[00]F</TextureID>
				</cNamedTextureSetBlueprint-sTextureEntry>
				<cNamedTextureSetBlueprint-sTextureEntry d:id="8881">
					<TextureName d:type="cDeltaString">G</TextureName>
					<TextureID d:type="cDeltaString">4AS\SignagePack\Generic\Textures\RA Black\[00]G</TextureID>
				</cNamedTextureSetBlueprint-sTextureEntry>
				<cNamedTextureSetBlueprint-sTextureEntry d:id="8884">
					<TextureName d:type="cDeltaString">H</TextureName>
					<TextureID d:type="cDeltaString">4AS\SignagePack\Generic\Textures\RA Black\[00]H</TextureID>
				</cNamedTextureSetBlueprint-sTextureEntry>
				<cNamedTextureSetBlueprint-sTextureEntry d:id="8887">
					<TextureName d:type="cDeltaString">I</TextureName>
					<TextureID d:type="cDeltaString">4AS\SignagePack\Generic\Textures\RA Black\[00]I</TextureID>
				</cNamedTextureSetBlueprint-sTextureEntry>
				<cNamedTextureSetBlueprint-sTextureEntry d:id="8890">
					<TextureName d:type="cDeltaString">J</TextureName>
					<TextureID d:type="cDeltaString">4AS\SignagePack\Generic\Textures\RA Black\[00]J</TextureID>
				</cNamedTextureSetBlueprint-sTextureEntry>
				<cNamedTextureSetBlueprint-sTextureEntry d:id="8893">
					<TextureName d:type="cDeltaString">K</TextureName>
					<TextureID d:type="cDeltaString">4AS\SignagePack\Generic\Textures\RA Black\[00]K</TextureID>
				</cNamedTextureSetBlueprint-sTextureEntry>
				<cNamedTextureSetBlueprint-sTextureEntry d:id="8896">
					<TextureName d:type="cDeltaString">L</TextureName>
					<TextureID d:type="cDeltaString">4AS\SignagePack\Generic\Textures\RA Black\[00]L</TextureID>
				</cNamedTextureSetBlueprint-sTextureEntry>
				<cNamedTextureSetBlueprint-sTextureEntry d:id="8899">
					<TextureName d:type="cDeltaString">M</TextureName>
					<TextureID d:type="cDeltaString">4AS\SignagePack\Generic\Textures\RA Black\[00]M</TextureID>
				</cNamedTextureSetBlueprint-sTextureEntry>
				<cNamedTextureSetBlueprint-sTextureEntry d:id="8902">
					<TextureName d:type="cDeltaString">N</TextureName>
					<TextureID d:type="cDeltaString">4AS\SignagePack\Generic\Textures\RA Black\[00]N</TextureID>
				</cNamedTextureSetBlueprint-sTextureEntry>
				<cNamedTextureSetBlueprint-sTextureEntry d:id="8905">
					<TextureName d:type="cDeltaString">O</TextureName>
					<TextureID d:type="cDeltaString">4AS\SignagePack\Generic\Textures\RA Black\[00]O</TextureID>
				</cNamedTextureSetBlueprint-sTextureEntry>
				<cNamedTextureSetBlueprint-sTextureEntry d:id="8908">
					<TextureName d:type="cDeltaString">P</TextureName>
					<TextureID d:type="cDeltaString">4AS\SignagePack\Generic\Textures\RA Black\[00]P</TextureID>
				</cNamedTextureSetBlueprint-sTextureEntry>
				<cNamedTextureSetBlueprint-sTextureEntry d:id="8911">
					<TextureName d:type="cDeltaString">Q</TextureName>
					<TextureID d:type="cDeltaString">4AS\SignagePack\Generic\Textures\RA Black\[00]Q</TextureID>
				</cNamedTextureSetBlueprint-sTextureEntry>
				<cNamedTextureSetBlueprint-sTextureEntry d:id="8914">
					<TextureName d:type="cDeltaString">R</TextureName>
					<TextureID d:type="cDeltaString">4AS\SignagePack\Generic\Textures\RA Black\[00]R</TextureID>
				</cNamedTextureSetBlueprint-sTextureEntry>
				<cNamedTextureSetBlueprint-sTextureEntry d:id="8917">
					<TextureName d:type="cDeltaString">S</TextureName>
					<TextureID d:type="cDeltaString">4AS\SignagePack\Generic\Textures\RA Black\[00]S</TextureID>
				</cNamedTextureSetBlueprint-sTextureEntry>
				<cNamedTextureSetBlueprint-sTextureEntry d:id="8920">
					<TextureName d:type="cDeltaString">T</TextureName>
					<TextureID d:type="cDeltaString">4AS\SignagePack\Generic\Textures\RA Black\[00]T</TextureID>
				</cNamedTextureSetBlueprint-sTextureEntry>
				<cNamedTextureSetBlueprint-sTextureEntry d:id="8923">
					<TextureName d:type="cDeltaString">U</TextureName>
					<TextureID d:type="cDeltaString">4AS\SignagePack\Generic\Textures\RA Black\[00]U</TextureID>
				</cNamedTextureSetBlueprint-sTextureEntry>
				<cNamedTextureSetBlueprint-sTextureEntry d:id="8926">
					<TextureName d:type="cDeltaString">V</TextureName>
					<TextureID d:type="cDeltaString">4AS\SignagePack\Generic\Textures\RA Black\[00]V</TextureID>
				</cNamedTextureSetBlueprint-sTextureEntry>
				<cNamedTextureSetBlueprint-sTextureEntry d:id="8929">
					<TextureName d:type="cDeltaString">W</TextureName>
					<TextureID d:type="cDeltaString">4AS\SignagePack\Generic\Textures\RA Black\[00]W</TextureID>
				</cNamedTextureSetBlueprint-sTextureEntry>
				<cNamedTextureSetBlueprint-sTextureEntry d:id="8932">
					<TextureName d:type="cDeltaString">X</TextureName>
					<TextureID d:type="cDeltaString">4AS\SignagePack\Generic\Textures\RA Black\[00]X</TextureID>
				</cNamedTextureSetBlueprint-sTextureEntry>
				<cNamedTextureSetBlueprint-sTextureEntry d:id="8935">
					<TextureName d:type="cDeltaString">Y</TextureName>
					<TextureID d:type="cDeltaString">4AS\SignagePack\Generic\Textures\RA Black\[00]Y</TextureID>
				</cNamedTextureSetBlueprint-sTextureEntry>
				<cNamedTextureSetBlueprint-sTextureEntry d:id="8938">
					<TextureName d:type="cDeltaString">Z</TextureName>
					<TextureID d:type="cDeltaString">4AS\SignagePack\Generic\Textures\RA Black\[00]Z</TextureID>
				</cNamedTextureSetBlueprint-sTextureEntry>
				<cNamedTextureSetBlueprint-sTextureEntry d:id="8941">
					<TextureName d:type="cDeltaString">a</TextureName>
					<TextureID d:type="cDeltaString">4AS\SignagePack\Generic\Textures\RA Black\[00]aa</TextureID>
				</cNamedTextureSetBlueprint-sTextureEntry>
				<cNamedTextureSetBlueprint-sTextureEntry d:id="8944">
					<TextureName d:type="cDeltaString">b</TextureName>
					<TextureID d:type="cDeltaString">4AS\SignagePack\Generic\Textures\RA Black\[00]bb</TextureID>
				</cNamedTextureSetBlueprint-sTextureEntry>
				<cNamedTextureSetBlueprint-sTextureEntry d:id="8947">
					<TextureName d:type="cDeltaString">c</TextureName>
					<TextureID d:type="cDeltaString">4AS\SignagePack\Generic\Textures\RA Black\[00]cc</TextureID>
				</cNamedTextureSetBlueprint-sTextureEntry>
				<cNamedTextureSetBlueprint-sTextureEntry d:id="8950">
					<TextureName d:type="cDeltaString">d</TextureName>
					<TextureID d:type="cDeltaString">4AS\SignagePack\Generic\Textures\RA Black\[00]dd</TextureID>
				</cNamedTextureSetBlueprint-sTextureEntry>
				<cNamedTextureSetBlueprint-sTextureEntry d:id="8953">
					<TextureName d:type="cDeltaString">e</TextureName>
					<TextureID d:type="cDeltaString">4AS\SignagePack\Generic\Textures\RA Black\[00]ee</TextureID>
				</cNamedTextureSetBlueprint-sTextureEntry>
				<cNamedTextureSetBlueprint-sTextureEntry d:id="8956">
					<TextureName d:type="cDeltaString">f</TextureName>
					<TextureID d:type="cDeltaString">4AS\SignagePack\Generic\Textures\RA Black\[00]ff</TextureID>
				</cNamedTextureSetBlueprint-sTextureEntry>
				<cNamedTextureSetBlueprint-sTextureEntry d:id="8959">
					<TextureName d:type="cDeltaString">g</TextureName>
					<TextureID d:type="cDeltaString">4AS\SignagePack\Generic\Textures\RA Black\[00]gg</TextureID>
				</cNamedTextureSetBlueprint-sTextureEntry>
				<cNamedTextureSetBlueprint-sTextureEntry d:id="8962">
					<TextureName d:type="cDeltaString">h</TextureName>
					<TextureID d:type="cDeltaString">4AS\SignagePack\Generic\Textures\RA Black\[00]hh</TextureID>
				</cNamedTextureSetBlueprint-sTextureEntry>
				<cNamedTextureSetBlueprint-sTextureEntry d:id="8965">
					<TextureName d:type="cDeltaString">i</TextureName>
					<TextureID d:type="cDeltaString">4AS\SignagePack\Generic\Textures\RA Black\[00]ii</TextureID>
				</cNamedTextureSetBlueprint-sTextureEntry>
				<cNamedTextureSetBlueprint-sTextureEntry d:id="8968">
					<TextureName d:type="cDeltaString">j</TextureName>
					<TextureID d:type="cDeltaString">4AS\SignagePack\Generic\Textures\RA Black\[00]jj</TextureID>
				</cNamedTextureSetBlueprint-sTextureEntry>
				<cNamedTextureSetBlueprint-sTextureEntry d:id="8971">
					<TextureName d:type="cDeltaString">k</TextureName>
					<TextureID d:type="cDeltaString">4AS\SignagePack\Generic\Textures\RA Black\[00]kk</TextureID>
				</cNamedTextureSetBlueprint-sTextureEntry>
				<cNamedTextureSetBlueprint-sTextureEntry d:id="8974">
					<TextureName d:type="cDeltaString">l</TextureName>
					<TextureID d:type="cDeltaString">4AS\SignagePack\Generic\Textures\RA Black\[00]ll</TextureID>
				</cNamedTextureSetBlueprint-sTextureEntry>
				<cNamedTextureSetBlueprint-sTextureEntry d:id="8977">
					<TextureName d:type="cDeltaString">m</TextureName>
					<TextureID d:type="cDeltaString">4AS\SignagePack\Generic\Textures\RA Black\[00]mm</TextureID>
				</cNamedTextureSetBlueprint-sTextureEntry>
				<cNamedTextureSetBlueprint-sTextureEntry d:id="8980">
					<TextureName d:type="cDeltaString">n</TextureName>
					<TextureID d:type="cDeltaString">4AS\SignagePack\Generic\Textures\RA Black\[00]nn</TextureID>
				</cNamedTextureSetBlueprint-sTextureEntry>
				<cNamedTextureSetBlueprint-sTextureEntry d:id="8983">
					<TextureName d:type="cDeltaString">o</TextureName>
					<TextureID d:type="cDeltaString">4AS\SignagePack\Generic\Textures\RA Black\[00]oo</TextureID>
				</cNamedTextureSetBlueprint-sTextureEntry>
				<cNamedTextureSetBlueprint-sTextureEntry d:id="8986">
					<TextureName d:type="cDeltaString">p</TextureName>
					<TextureID d:type="cDeltaString">4AS\SignagePack\Generic\Textures\RA Black\[00]pp</TextureID>
				</cNamedTextureSetBlueprint-sTextureEntry>
				<cNamedTextureSetBlueprint-sTextureEntry d:id="8989">
					<TextureName d:type="cDeltaString">q</TextureName>
					<TextureID d:type="cDeltaString">4AS\SignagePack\Generic\Textures\RA Black\[00]qq</TextureID>
				</cNamedTextureSetBlueprint-sTextureEntry>
				<cNamedTextureSetBlueprint-sTextureEntry d:id="8992">
					<TextureName d:type="cDeltaString">r</TextureName>
					<TextureID d:type="cDeltaString">4AS\SignagePack\Generic\Textures\RA Black\[00]rr</TextureID>
				</cNamedTextureSetBlueprint-sTextureEntry>
				<cNamedTextureSetBlueprint-sTextureEntry d:id="8995">
					<TextureName d:type="cDeltaString">s</TextureName>
					<TextureID d:type="cDeltaString">4AS\SignagePack\Generic\Textures\RA Black\[00]ss</TextureID>
				</cNamedTextureSetBlueprint-sTextureEntry>
				<cNamedTextureSetBlueprint-sTextureEntry d:id="8998">
					<TextureName d:type="cDeltaString">t</TextureName>
					<TextureID d:type="cDeltaString">4AS\SignagePack\Generic\Textures\RA Black\[00]tt</TextureID>
				</cNamedTextureSetBlueprint-sTextureEntry>
				<cNamedTextureSetBlueprint-sTextureEntry d:id="9001">
					<TextureName d:type="cDeltaString">u</TextureName>
					<TextureID d:type="cDeltaString">4AS\SignagePack\Generic\Textures\RA Black\[00]uu</TextureID>
				</cNamedTextureSetBlueprint-sTextureEntry>
				<cNamedTextureSetBlueprint-sTextureEntry d:id="9004">
					<TextureName d:type="cDeltaString">v</TextureName>
					<TextureID d:type="cDeltaString">4AS\SignagePack\Generic\Textures\RA Black\[00]vv</TextureID>
				</cNamedTextureSetBlueprint-sTextureEntry>
				<cNamedTextureSetBlueprint-sTextureEntry d:id="9007">
					<TextureName d:type="cDeltaString">w</TextureName>
					<TextureID d:type="cDeltaString">4AS\SignagePack\Generic\Textures\RA Black\[00]ww</TextureID>
				</cNamedTextureSetBlueprint-sTextureEntry>
				<cNamedTextureSetBlueprint-sTextureEntry d:id="9010">
					<TextureName d:type="cDeltaString">x</TextureName>
					<TextureID d:type="cDeltaString">4AS\SignagePack\Generic\Textures\RA Black\[00]xx</TextureID>
				</cNamedTextureSetBlueprint-sTextureEntry>
				<cNamedTextureSetBlueprint-sTextureEntry d:id="9013">
					<TextureName d:type="cDeltaString">y</TextureName>
					<TextureID d:type="cDeltaString">4AS\SignagePack\Generic\Textures\RA Black\[00]y</TextureID>
				</cNamedTextureSetBlueprint-sTextureEntry>
				<cNamedTextureSetBlueprint-sTextureEntry d:id="9016">
					<TextureName d:type="cDeltaString">z</TextureName>
					<TextureID d:type="cDeltaString">4AS\SignagePack\Generic\Textures\RA Black\[00]zz</TextureID>
				</cNamedTextureSetBlueprint-sTextureEntry>
				<cNamedTextureSetBlueprint-sTextureEntry d:id="9019">
					<TextureName d:type="cDeltaString">\</TextureName>
					<TextureID d:type="cDeltaString">4AS\SignagePack\Generic\Textures\RA Black\[00]xx</TextureID>
				</cNamedTextureSetBlueprint-sTextureEntry>
			</TextureEntry>
		</cNamedTextureSetBlueprint>
	</Blueprint>
</cBlueprintLoader>
