<?xml version="1.0" encoding="utf-8"?>
<cBlueprintLoader xmlns:d="http://www.kuju.com/TnT/2003/Delta" d:version="1.0">
	<Blueprint>
		<cNamedTextureSetBlueprint xmlns:d="http://www.kuju.com/TnT/2003/Delta" d:version="1.0">
			<Name d:type="cDeltaString">PrimaryNumberSet</Name>
			<TextureEntry>
				<cNamedTextureSetBlueprint-sTextureEntry d:id="325">
					<TextureName d:type="cDeltaString">0</TextureName>
					<TextureID d:type="cDeltaString">4AS\SignagePack\Generic\Textures\RA White\[00]0</TextureID>
				</cNamedTextureSetBlueprint-sTextureEntry>
				<cNamedTextureSetBlueprint-sTextureEntry d:id="328">
					<TextureName d:type="cDeltaString">1</TextureName>
					<TextureID d:type="cDeltaString">4AS\SignagePack\Generic\Textures\RA White\[00]1</TextureID>
				</cNamedTextureSetBlueprint-sTextureEntry>
				<cNamedTextureSetBlueprint-sTextureEntry d:id="331">
					<TextureName d:type="cDeltaString">2</TextureName>
					<TextureID d:type="cDeltaString">4AS\SignagePack\Generic\Textures\RA White\[00]2</TextureID>
				</cNamedTextureSetBlueprint-sTextureEntry>
				<cNamedTextureSetBlueprint-sTextureEntry d:id="334">
					<TextureName d:type="cDeltaString">3</TextureName>
					<TextureID d:type="cDeltaString">4AS\SignagePack\Generic\Textures\RA White\[00]3</TextureID>
				</cNamedTextureSetBlueprint-sTextureEntry>
				<cNamedTextureSetBlueprint-sTextureEntry d:id="337">
					<TextureName d:type="cDeltaString">4</TextureName>
					<TextureID d:type="cDeltaString">4AS\SignagePack\Generic\Textures\RA White\[00]4</TextureID>
				</cNamedTextureSetBlueprint-sTextureEntry>
				<cNamedTextureSetBlueprint-sTextureEntry d:id="340">
					<TextureName d:type="cDeltaString">5</TextureName>
					<TextureID d:type="cDeltaString">4AS\SignagePack\Generic\Textures\RA White\[00]5</TextureID>
				</cNamedTextureSetBlueprint-sTextureEntry>
				<cNamedTextureSetBlueprint-sTextureEntry d:id="343">
					<TextureName d:type="cDeltaString">6</TextureName>
					<TextureID d:type="cDeltaString">4AS\SignagePack\Generic\Textures\RA White\[00]6</TextureID>
				</cNamedTextureSetBlueprint-sTextureEntry>
				<cNamedTextureSetBlueprint-sTextureEntry d:id="346">
					<TextureName d:type="cDeltaString">7</TextureName>
					<TextureID d:type="cDeltaString">4AS\SignagePack\Generic\Textures\RA White\[00]7</TextureID>
				</cNamedTextureSetBlueprint-sTextureEntry>
				<cNamedTextureSetBlueprint-sTextureEntry d:id="349">
					<TextureName d:type="cDeltaString">8</TextureName>
					<TextureID d:type="cDeltaString">4AS\SignagePack\Generic\Textures\RA White\[00]8</TextureID>
				</cNamedTextureSetBlueprint-sTextureEntry>
				<cNamedTextureSetBlueprint-sTextureEntry d:id="352">
					<TextureName d:type="cDeltaString">9</TextureName>
					<TextureID d:type="cDeltaString">4AS\SignagePack\Generic\Textures\RA White\[00]9</TextureID>
				</cNamedTextureSetBlueprint-sTextureEntry>
				<cNamedTextureSetBlueprint-sTextureEntry d:id="355">
					<TextureName d:type="cDeltaString">A</TextureName>
					<TextureID d:type="cDeltaString">4AS\SignagePack\Generic\Textures\RA White\[00]A</TextureID>
				</cNamedTextureSetBlueprint-sTextureEntry>
				<cNamedTextureSetBlueprint-sTextureEntry d:id="358">
					<TextureName d:type="cDeltaString">B</TextureName>
					<TextureID d:type="cDeltaString">4AS\SignagePack\Generic\Textures\RA White\[00]B</TextureID>
				</cNamedTextureSetBlueprint-sTextureEntry>
				<cNamedTextureSetBlueprint-sTextureEntry d:id="361">
					<TextureName d:type="cDeltaString">C</TextureName>
					<TextureID d:type="cDeltaString">4AS\SignagePack\Generic\Textures\RA White\[00]C</TextureID>
				</cNamedTextureSetBlueprint-sTextureEntry>
				<cNamedTextureSetBlueprint-sTextureEntry d:id="364">
					<TextureName d:type="cDeltaString">D</TextureName>
					<TextureID d:type="cDeltaString">4AS\SignagePack\Generic\Textures\RA White\[00]D</TextureID>
				</cNamedTextureSetBlueprint-sTextureEntry>
				<cNamedTextureSetBlueprint-sTextureEntry d:id="367">
					<TextureName d:type="cDeltaString">E</TextureName>
					<TextureID d:type="cDeltaString">4AS\SignagePack\Generic\Textures\RA White\[00]E</TextureID>
				</cNamedTextureSetBlueprint-sTextureEntry>
				<cNamedTextureSetBlueprint-sTextureEntry d:id="370">
					<TextureName d:type="cDeltaString">F</TextureName>
					<TextureID d:type="cDeltaString">4AS\SignagePack\Generic\Textures\RA White\[00]F</TextureID>
				</cNamedTextureSetBlueprint-sTextureEntry>
				<cNamedTextureSetBlueprint-sTextureEntry d:id="373">
					<TextureName d:type="cDeltaString">G</TextureName>
					<TextureID d:type="cDeltaString">4AS\SignagePack\Generic\Textures\RA White\[00]G</TextureID>
				</cNamedTextureSetBlueprint-sTextureEntry>
				<cNamedTextureSetBlueprint-sTextureEntry d:id="376">
					<TextureName d:type="cDeltaString">H</TextureName>
					<TextureID d:type="cDeltaString">4AS\SignagePack\Generic\Textures\RA White\[00]H</TextureID>
				</cNamedTextureSetBlueprint-sTextureEntry>
				<cNamedTextureSetBlueprint-sTextureEntry d:id="379">
					<TextureName d:type="cDeltaString">I</TextureName>
					<TextureID d:type="cDeltaString">4AS\SignagePack\Generic\Textures\RA White\[00]I</TextureID>
				</cNamedTextureSetBlueprint-sTextureEntry>
				<cNamedTextureSetBlueprint-sTextureEntry d:id="382">
					<TextureName d:type="cDeltaString">J</TextureName>
					<TextureID d:type="cDeltaString">4AS\SignagePack\Generic\Textures\RA White\[00]J</TextureID>
				</cNamedTextureSetBlueprint-sTextureEntry>
				<cNamedTextureSetBlueprint-sTextureEntry d:id="385">
					<TextureName d:type="cDeltaString">K</TextureName>
					<TextureID d:type="cDeltaString">4AS\SignagePack\Generic\Textures\RA White\[00]K</TextureID>
				</cNamedTextureSetBlueprint-sTextureEntry>
				<cNamedTextureSetBlueprint-sTextureEntry d:id="388">
					<TextureName d:type="cDeltaString">L</TextureName>
					<TextureID d:type="cDeltaString">4AS\SignagePack\Generic\Textures\RA White\[00]L</TextureID>
				</cNamedTextureSetBlueprint-sTextureEntry>
				<cNamedTextureSetBlueprint-sTextureEntry d:id="391">
					<TextureName d:type="cDeltaString">M</TextureName>
					<TextureID d:type="cDeltaString">4AS\SignagePack\Generic\Textures\RA White\[00]M</TextureID>
				</cNamedTextureSetBlueprint-sTextureEntry>
				<cNamedTextureSetBlueprint-sTextureEntry d:id="394">
					<TextureName d:type="cDeltaString">N</TextureName>
					<TextureID d:type="cDeltaString">4AS\SignagePack\Generic\Textures\RA White\[00]N</TextureID>
				</cNamedTextureSetBlueprint-sTextureEntry>
				<cNamedTextureSetBlueprint-sTextureEntry d:id="397">
					<TextureName d:type="cDeltaString">O</TextureName>
					<TextureID d:type="cDeltaString">4AS\SignagePack\Generic\Textures\RA White\[00]O</TextureID>
				</cNamedTextureSetBlueprint-sTextureEntry>
				<cNamedTextureSetBlueprint-sTextureEntry d:id="400">
					<TextureName d:type="cDeltaString">P</TextureName>
					<TextureID d:type="cDeltaString">4AS\SignagePack\Generic\Textures\RA White\[00]P</TextureID>
				</cNamedTextureSetBlueprint-sTextureEntry>
				<cNamedTextureSetBlueprint-sTextureEntry d:id="403">
					<TextureName d:type="cDeltaString">Q</TextureName>
					<TextureID d:type="cDeltaString">4AS\SignagePack\Generic\Textures\RA White\[00]Q</TextureID>
				</cNamedTextureSetBlueprint-sTextureEntry>
				<cNamedTextureSetBlueprint-sTextureEntry d:id="406">
					<TextureName d:type="cDeltaString">R</TextureName>
					<TextureID d:type="cDeltaString">4AS\SignagePack\Generic\Textures\RA White\[00]R</TextureID>
				</cNamedTextureSetBlueprint-sTextureEntry>
				<cNamedTextureSetBlueprint-sTextureEntry d:id="409">
					<TextureName d:type="cDeltaString">S</TextureName>
					<TextureID d:type="cDeltaString">4AS\SignagePack\Generic\Textures\RA White\[00]S</TextureID>
				</cNamedTextureSetBlueprint-sTextureEntry>
				<cNamedTextureSetBlueprint-sTextureEntry d:id="412">
					<TextureName d:type="cDeltaString">T</TextureName>
					<TextureID d:type="cDeltaString">4AS\SignagePack\Generic\Textures\RA White\[00]T</TextureID>
				</cNamedTextureSetBlueprint-sTextureEntry>
				<cNamedTextureSetBlueprint-sTextureEntry d:id="415">
					<TextureName d:type="cDeltaString">U</TextureName>
					<TextureID d:type="cDeltaString">4AS\SignagePack\Generic\Textures\RA White\[00]U</TextureID>
				</cNamedTextureSetBlueprint-sTextureEntry>
				<cNamedTextureSetBlueprint-sTextureEntry d:id="418">
					<TextureName d:type="cDeltaString">V</TextureName>
					<TextureID d:type="cDeltaString">4AS\SignagePack\Generic\Textures\RA White\[00]V</TextureID>
				</cNamedTextureSetBlueprint-sTextureEntry>
				<cNamedTextureSetBlueprint-sTextureEntry d:id="421">
					<TextureName d:type="cDeltaString">W</TextureName>
					<TextureID d:type="cDeltaString">4AS\SignagePack\Generic\Textures\RA White\[00]W</TextureID>
				</cNamedTextureSetBlueprint-sTextureEntry>
				<cNamedTextureSetBlueprint-sTextureEntry d:id="424">
					<TextureName d:type="cDeltaString">X</TextureName>
					<TextureID d:type="cDeltaString">4AS\SignagePack\Generic\Textures\RA White\[00]X</TextureID>
				</cNamedTextureSetBlueprint-sTextureEntry>
				<cNamedTextureSetBlueprint-sTextureEntry d:id="427">
					<TextureName d:type="cDeltaString">Y</TextureName>
					<TextureID d:type="cDeltaString">4AS\SignagePack\Generic\Textures\RA White\[00]Y</TextureID>
				</cNamedTextureSetBlueprint-sTextureEntry>
				<cNamedTextureSetBlueprint-sTextureEntry d:id="430">
					<TextureName d:type="cDeltaString">Z</TextureName>
					<TextureID d:type="cDeltaString">4AS\SignagePack\Generic\Textures\RA White\[00]Z</TextureID>
				</cNamedTextureSetBlueprint-sTextureEntry>
				<cNamedTextureSetBlueprint-sTextureEntry d:id="433">
					<TextureName d:type="cDeltaString">a</TextureName>
					<TextureID d:type="cDeltaString">4AS\SignagePack\Generic\Textures\RA White\[00]aa</TextureID>
				</cNamedTextureSetBlueprint-sTextureEntry>
				<cNamedTextureSetBlueprint-sTextureEntry d:id="436">
					<TextureName d:type="cDeltaString">b</TextureName>
					<TextureID d:type="cDeltaString">4AS\SignagePack\Generic\Textures\RA White\[00]bb</TextureID>
				</cNamedTextureSetBlueprint-sTextureEntry>
				<cNamedTextureSetBlueprint-sTextureEntry d:id="439">
					<TextureName d:type="cDeltaString">c</TextureName>
					<TextureID d:type="cDeltaString">4AS\SignagePack\Generic\Textures\RA White\[00]cc</TextureID>
				</cNamedTextureSetBlueprint-sTextureEntry>
				<cNamedTextureSetBlueprint-sTextureEntry d:id="442">
					<TextureName d:type="cDeltaString">d</TextureName>
					<TextureID d:type="cDeltaString">4AS\SignagePack\Generic\Textures\RA White\[00]dd</TextureID>
				</cNamedTextureSetBlueprint-sTextureEntry>
				<cNamedTextureSetBlueprint-sTextureEntry d:id="445">
					<TextureName d:type="cDeltaString">e</TextureName>
					<TextureID d:type="cDeltaString">4AS\SignagePack\Generic\Textures\RA White\[00]ee</TextureID>
				</cNamedTextureSetBlueprint-sTextureEntry>
				<cNamedTextureSetBlueprint-sTextureEntry d:id="448">
					<TextureName d:type="cDeltaString">f</TextureName>
					<TextureID d:type="cDeltaString">4AS\SignagePack\Generic\Textures\RA White\[00]ff</TextureID>
				</cNamedTextureSetBlueprint-sTextureEntry>
				<cNamedTextureSetBlueprint-sTextureEntry d:id="451">
					<TextureName d:type="cDeltaString">g</TextureName>
					<TextureID d:type="cDeltaString">4AS\SignagePack\Generic\Textures\RA White\[00]gg</TextureID>
				</cNamedTextureSetBlueprint-sTextureEntry>
				<cNamedTextureSetBlueprint-sTextureEntry d:id="454">
					<TextureName d:type="cDeltaString">h</TextureName>
					<TextureID d:type="cDeltaString">4AS\SignagePack\Generic\Textures\RA White\[00]hh</TextureID>
				</cNamedTextureSetBlueprint-sTextureEntry>
				<cNamedTextureSetBlueprint-sTextureEntry d:id="457">
					<TextureName d:type="cDeltaString">i</TextureName>
					<TextureID d:type="cDeltaString">4AS\SignagePack\Generic\Textures\RA White\[00]ii</TextureID>
				</cNamedTextureSetBlueprint-sTextureEntry>
				<cNamedTextureSetBlueprint-sTextureEntry d:id="460">
					<TextureName d:type="cDeltaString">j</TextureName>
					<TextureID d:type="cDeltaString">4AS\SignagePack\Generic\Textures\RA White\[00]jj</TextureID>
				</cNamedTextureSetBlueprint-sTextureEntry>
				<cNamedTextureSetBlueprint-sTextureEntry d:id="463">
					<TextureName d:type="cDeltaString">k</TextureName>
					<TextureID d:type="cDeltaString">4AS\SignagePack\Generic\Textures\RA White\[00]kk</TextureID>
				</cNamedTextureSetBlueprint-sTextureEntry>
				<cNamedTextureSetBlueprint-sTextureEntry d:id="466">
					<TextureName d:type="cDeltaString">l</TextureName>
					<TextureID d:type="cDeltaString">4AS\SignagePack\Generic\Textures\RA White\[00]ll</TextureID>
				</cNamedTextureSetBlueprint-sTextureEntry>
				<cNamedTextureSetBlueprint-sTextureEntry d:id="469">
					<TextureName d:type="cDeltaString">m</TextureName>
					<TextureID d:type="cDeltaString">4AS\SignagePack\Generic\Textures\RA White\[00]mm</TextureID>
				</cNamedTextureSetBlueprint-sTextureEntry>
				<cNamedTextureSetBlueprint-sTextureEntry d:id="472">
					<TextureName d:type="cDeltaString">n</TextureName>
					<TextureID d:type="cDeltaString">4AS\SignagePack\Generic\Textures\RA White\[00]nn</TextureID>
				</cNamedTextureSetBlueprint-sTextureEntry>
				<cNamedTextureSetBlueprint-sTextureEntry d:id="475">
					<TextureName d:type="cDeltaString">o</TextureName>
					<TextureID d:type="cDeltaString">4AS\SignagePack\Generic\Textures\RA White\[00]oo</TextureID>
				</cNamedTextureSetBlueprint-sTextureEntry>
				<cNamedTextureSetBlueprint-sTextureEntry d:id="478">
					<TextureName d:type="cDeltaString">p</TextureName>
					<TextureID d:type="cDeltaString">4AS\SignagePack\Generic\Textures\RA White\[00]pp</TextureID>
				</cNamedTextureSetBlueprint-sTextureEntry>
				<cNamedTextureSetBlueprint-sTextureEntry d:id="481">
					<TextureName d:type="cDeltaString">q</TextureName>
					<TextureID d:type="cDeltaString">4AS\SignagePack\Generic\Textures\RA White\[00]qq</TextureID>
				</cNamedTextureSetBlueprint-sTextureEntry>
				<cNamedTextureSetBlueprint-sTextureEntry d:id="484">
					<TextureName d:type="cDeltaString">r</TextureName>
					<TextureID d:type="cDeltaString">4AS\SignagePack\Generic\Textures\RA White\[00]rr</TextureID>
				</cNamedTextureSetBlueprint-sTextureEntry>
				<cNamedTextureSetBlueprint-sTextureEntry d:id="487">
					<TextureName d:type="cDeltaString">s</TextureName>
					<TextureID d:type="cDeltaString">4AS\SignagePack\Generic\Textures\RA White\[00]ss</TextureID>
				</cNamedTextureSetBlueprint-sTextureEntry>
				<cNamedTextureSetBlueprint-sTextureEntry d:id="490">
					<TextureName d:type="cDeltaString">t</TextureName>
					<TextureID d:type="cDeltaString">4AS\SignagePack\Generic\Textures\RA White\[00]tt</TextureID>
				</cNamedTextureSetBlueprint-sTextureEntry>
				<cNamedTextureSetBlueprint-sTextureEntry d:id="493">
					<TextureName d:type="cDeltaString">u</TextureName>
					<TextureID d:type="cDeltaString">4AS\SignagePack\Generic\Textures\RA White\[00]uu</TextureID>
				</cNamedTextureSetBlueprint-sTextureEntry>
				<cNamedTextureSetBlueprint-sTextureEntry d:id="496">
					<TextureName d:type="cDeltaString">v</TextureName>
					<TextureID d:type="cDeltaString">4AS\SignagePack\Generic\Textures\RA White\[00]vv</TextureID>
				</cNamedTextureSetBlueprint-sTextureEntry>
				<cNamedTextureSetBlueprint-sTextureEntry d:id="499">
					<TextureName d:type="cDeltaString">w</TextureName>
					<TextureID d:type="cDeltaString">4AS\SignagePack\Generic\Textures\RA White\[00]ww</TextureID>
				</cNamedTextureSetBlueprint-sTextureEntry>
				<cNamedTextureSetBlueprint-sTextureEntry d:id="502">
					<TextureName d:type="cDeltaString">x</TextureName>
					<TextureID d:type="cDeltaString">4AS\SignagePack\Generic\Textures\RA White\[00]xx</TextureID>
				</cNamedTextureSetBlueprint-sTextureEntry>
				<cNamedTextureSetBlueprint-sTextureEntry d:id="505">
					<TextureName d:type="cDeltaString">y</TextureName>
					<TextureID d:type="cDeltaString">4AS\SignagePack\Generic\Textures\RA White\[00]y</TextureID>
				</cNamedTextureSetBlueprint-sTextureEntry>
				<cNamedTextureSetBlueprint-sTextureEntry d:id="508">
					<TextureName d:type="cDeltaString">z</TextureName>
					<TextureID d:type="cDeltaString">4AS\SignagePack\Generic\Textures\RA White\[00]zz</TextureID>
				</cNamedTextureSetBlueprint-sTextureEntry>
			</TextureEntry>
		</cNamedTextureSetBlueprint>
	</Blueprint>
</cBlueprintLoader>
