<?xml version="1.0" encoding="utf-8"?>
<cScenarioProperties xmlns:d="http://www.kuju.com/TnT/2003/Delta" d:version="1.0" d:id="208039948">
	<ID>
		<cGUID>
			<UUID>
				<e d:type="sUInt64">4731788871203918835</e>
				<e d:type="sUInt64">11197006589548076176</e>
			</UUID>
			<DevString d:type="cDeltaString">844193f3-b0e8-41aa-909c-b83d2bc2639b</DevString>
		</cGUID>
	</ID>
	<String/>
	<DisplayName>
		<Localisation-cUserLocalisedString>
			<English d:type="cDeltaString">[CW] 1W60 11:01 Carmarthen - Manchester Piccadilly</English>
			<French d:type="cDeltaString"></French>
			<Italian d:type="cDeltaString"></Italian>
			<German d:type="cDeltaString"></German>
			<Spanish d:type="cDeltaString"></Spanish>
			<Dutch d:type="cDeltaString"></Dutch>
			<Polish d:type="cDeltaString"></Polish>
			<Russian d:type="cDeltaString"></Russian>
			<Other/>
			<Key d:type="cDeltaString">a7b477ee-784b-488f-a9de-dfe301ffd4e8</Key>
		</Localisation-cUserLocalisedString>
	</DisplayName>
	<Description>
		<Localisation-cUserLocalisedString>
			<English d:type="cDeltaString">Drive a 2-Car Class 175 on a semi-fast service from Carmarthen to Manchester Piccadilly. You will be in charge from Swansea to Shrewsbury. Currently, you are running on time but that may change later on!</English>
			<French d:type="cDeltaString"></French>
			<Italian d:type="cDeltaString"></Italian>
			<German d:type="cDeltaString"></German>
			<Spanish d:type="cDeltaString"></Spanish>
			<Dutch d:type="cDeltaString"></Dutch>
			<Polish d:type="cDeltaString"></Polish>
			<Russian d:type="cDeltaString"></Russian>
			<Other/>
			<Key d:type="cDeltaString">e10b80b9-628e-4f3d-ad5c-607dd2c28655</Key>
		</Localisation-cUserLocalisedString>
	</Description>
	<Briefing>
		<Localisation-cUserLocalisedString>
			<English d:type="cDeltaString"></English>
			<French d:type="cDeltaString"></French>
			<Italian d:type="cDeltaString"></Italian>
			<German d:type="cDeltaString"></German>
			<Spanish d:type="cDeltaString"></Spanish>
			<Dutch d:type="cDeltaString"></Dutch>
			<Polish d:type="cDeltaString"></Polish>
			<Russian d:type="cDeltaString"></Russian>
			<Other/>
			<Key d:type="cDeltaString">ecd7fa45-1e7d-486c-a7de-be36a9c0bf91</Key>
		</Localisation-cUserLocalisedString>
	</Briefing>
	<StartLocation>
		<Localisation-cUserLocalisedString>
			<English d:type="cDeltaString">SWA</English>
			<French d:type="cDeltaString"></French>
			<Italian d:type="cDeltaString"></Italian>
			<German d:type="cDeltaString"></German>
			<Spanish d:type="cDeltaString"></Spanish>
			<Dutch d:type="cDeltaString"></Dutch>
			<Polish d:type="cDeltaString"></Polish>
			<Russian d:type="cDeltaString"></Russian>
			<Other/>
			<Key d:type="cDeltaString">7e749017-95c2-41c9-9d53-8a66e7702e70</Key>
		</Localisation-cUserLocalisedString>
	</StartLocation>
	<ScenarioClass d:type="cDeltaString">eStandardScenarioClass</ScenarioClass>
	<StartTime d:type="sFloat32" d:alt_encoding="0000000000DCE440" d:precision="string">42720</StartTime>
	<DurationMins d:type="sInt32">180</DurationMins>
	<StartDD d:type="sInt32">1</StartDD>
	<StartMM d:type="sInt32">7</StartMM>
	<StartYYYY d:type="sInt32">2010</StartYYYY>
	<Season d:type="cDeltaString">SEASON_SUMMER</Season>
	<WeatherBlueprint>
		<iBlueprintLibrary-cAbsoluteBlueprintID>
			<BlueprintSetID>
				<iBlueprintLibrary-cBlueprintSetID>
					<Provider d:type="cDeltaString">Kuju</Provider>
					<Product d:type="cDeltaString">RailSimulatorCore</Product>
				</iBlueprintLibrary-cBlueprintSetID>
			</BlueprintSetID>
			<BlueprintID d:type="cDeltaString">Weather\RW_Cloudy.xml</BlueprintID>
		</iBlueprintLibrary-cAbsoluteBlueprintID>
	</WeatherBlueprint>
	<WeatherExtensionBlueprint>
		<iBlueprintLibrary-cAbsoluteBlueprintID>
			<BlueprintSetID>
				<iBlueprintLibrary-cBlueprintSetID>
					<Provider d:type="cDeltaString"></Provider>
					<Product d:type="cDeltaString"></Product>
				</iBlueprintLibrary-cBlueprintSetID>
			</BlueprintSetID>
			<BlueprintID d:type="cDeltaString"></BlueprintID>
		</iBlueprintLibrary-cAbsoluteBlueprintID>
	</WeatherExtensionBlueprint>
	<Rating d:type="sInt32">2</Rating>
	<LocoClass d:type="cDeltaString">LOCO_CLASS_DIESEL</LocoClass>
	<HasRollingStart d:type="bool">0</HasRollingStart>
	<LoadedFromRollingStart d:type="bool">0</LoadedFromRollingStart>
	<FrontEndDriverList>
		<sDriverFrontEndDetails d:id="292715912">
			<ServiceName>
				<Localisation-cUserLocalisedString>
					<English d:type="cDeltaString">1V96 11:34 Holyhead - Cardiff Central</English>
					<French d:type="cDeltaString"></French>
					<Italian d:type="cDeltaString"></Italian>
					<German d:type="cDeltaString"></German>
					<Spanish d:type="cDeltaString"></Spanish>
					<Dutch d:type="cDeltaString"></Dutch>
					<Polish d:type="cDeltaString"></Polish>
					<Russian d:type="cDeltaString"></Russian>
					<Other/>
					<Key d:type="cDeltaString">0ce6702f-03a6-4760-8bac-5b0f69f93bc5</Key>
				</Localisation-cUserLocalisedString>
			</ServiceName>
			<LocoName>
				<Localisation-cUserLocalisedString>
					<English d:type="cDeltaString">Class 175 Ex-ATW</English>
					<French d:type="cDeltaString"></French>
					<Italian d:type="cDeltaString"></Italian>
					<German d:type="cDeltaString"></German>
					<Spanish d:type="cDeltaString"></Spanish>
					<Dutch d:type="cDeltaString"></Dutch>
					<Polish d:type="cDeltaString"></Polish>
					<Russian d:type="cDeltaString"></Russian>
					<Other/>
					<Key d:type="cDeltaString">8abc5e41-0e34-4f26-8bfc-a5657a53a275</Key>
				</Localisation-cUserLocalisedString>
			</LocoName>
			<LocoBP>
				<iBlueprintLibrary-cAbsoluteBlueprintID>
					<BlueprintSetID>
						<iBlueprintLibrary-cBlueprintSetID>
							<Provider d:type="cDeltaString">DTG</Provider>
							<Product d:type="cDeltaString">BristolCardiff</Product>
						</iBlueprintLibrary-cBlueprintSetID>
					</BlueprintSetID>
					<BlueprintID d:type="cDeltaString">RailVehicles\Diesel\Class175_Ex-ATW\DMSL\175_DMSL_AP.xml</BlueprintID>
				</iBlueprintLibrary-cAbsoluteBlueprintID>
			</LocoBP>
			<StartLocation>
				<Localisation-cUserLocalisedString>
					<English d:type="cDeltaString">Shrewsbury Platforms 7a &amp; 7b</English>
					<French d:type="cDeltaString"></French>
					<Italian d:type="cDeltaString"></Italian>
					<German d:type="cDeltaString"></German>
					<Spanish d:type="cDeltaString"></Spanish>
					<Dutch d:type="cDeltaString"></Dutch>
					<Polish d:type="cDeltaString"></Polish>
					<Russian d:type="cDeltaString"></Russian>
					<Other/>
					<Key d:type="cDeltaString">98f7f3a1-1bb0-455e-b0a0-64bfd1b1e6c4</Key>
				</Localisation-cUserLocalisedString>
			</StartLocation>
			<LocoClass d:type="cDeltaString">LOCO_CLASS_DIESEL</LocoClass>
			<LocoAuthor d:type="cDeltaString">DTG</LocoAuthor>
			<FilePath d:type="cDeltaString">DTG\BristolCardiff\RailVehicles\Diesel\Class175_Ex-ATW\DMSL</FilePath>
			<Longitude d:type="sFloat64" d:alt_encoding="B96A439103FC05C0" d:precision="string">-2.74805</Longitude>
			<Latitude d:type="sFloat64" d:alt_encoding="8C61D722065B4A40" d:precision="string">52.7111</Latitude>
			<Height d:type="sFloat32" d:alt_encoding="000000E02D8C4B40" d:precision="string">55.0951</Height>
			<PlayerDriver d:type="bool">0</PlayerDriver>
		</sDriverFrontEndDetails>
		<sDriverFrontEndDetails d:id="292714892">
			<ServiceName>
				<Localisation-cUserLocalisedString>
					<English d:type="cDeltaString">1V42 12:31 Manchester Piccadilly - Milford Haven</English>
					<French d:type="cDeltaString"></French>
					<Italian d:type="cDeltaString"></Italian>
					<German d:type="cDeltaString"></German>
					<Spanish d:type="cDeltaString"></Spanish>
					<Dutch d:type="cDeltaString"></Dutch>
					<Polish d:type="cDeltaString"></Polish>
					<Russian d:type="cDeltaString"></Russian>
					<Other/>
					<Key d:type="cDeltaString">2a4de895-138f-4eb1-8f3a-c0129f315e3b</Key>
				</Localisation-cUserLocalisedString>
			</ServiceName>
			<LocoName>
				<Localisation-cUserLocalisedString>
					<English d:type="cDeltaString">Class 175 Ex-ATW</English>
					<French d:type="cDeltaString"></French>
					<Italian d:type="cDeltaString"></Italian>
					<German d:type="cDeltaString"></German>
					<Spanish d:type="cDeltaString"></Spanish>
					<Dutch d:type="cDeltaString"></Dutch>
					<Polish d:type="cDeltaString"></Polish>
					<Russian d:type="cDeltaString"></Russian>
					<Other/>
					<Key d:type="cDeltaString">acbb08a9-796a-4bd2-bacc-83561024f8e6</Key>
				</Localisation-cUserLocalisedString>
			</LocoName>
			<LocoBP>
				<iBlueprintLibrary-cAbsoluteBlueprintID>
					<BlueprintSetID>
						<iBlueprintLibrary-cBlueprintSetID>
							<Provider d:type="cDeltaString">DTG</Provider>
							<Product d:type="cDeltaString">BristolCardiff</Product>
						</iBlueprintLibrary-cBlueprintSetID>
					</BlueprintSetID>
					<BlueprintID d:type="cDeltaString">RailVehicles\Diesel\Class175_Ex-ATW\DMSL\175_DMSL_AP.xml</BlueprintID>
				</iBlueprintLibrary-cAbsoluteBlueprintID>
			</LocoBP>
			<StartLocation>
				<Localisation-cUserLocalisedString>
					<English d:type="cDeltaString">Church Stretton Platform 2</English>
					<French d:type="cDeltaString"></French>
					<Italian d:type="cDeltaString"></Italian>
					<German d:type="cDeltaString"></German>
					<Spanish d:type="cDeltaString"></Spanish>
					<Dutch d:type="cDeltaString"></Dutch>
					<Polish d:type="cDeltaString"></Polish>
					<Russian d:type="cDeltaString"></Russian>
					<Other/>
					<Key d:type="cDeltaString">e1cb1486-ccf7-4762-bb62-fe3acfe99a63</Key>
				</Localisation-cUserLocalisedString>
			</StartLocation>
			<LocoClass d:type="cDeltaString">LOCO_CLASS_DIESEL</LocoClass>
			<LocoAuthor d:type="cDeltaString">DTG</LocoAuthor>
			<FilePath d:type="cDeltaString">DTG\BristolCardiff\RailVehicles\Diesel\Class175_Ex-ATW\DMSL</FilePath>
			<Longitude d:type="sFloat64" d:alt_encoding="D67AA924B36D06C0" d:precision="string">-2.80356</Longitude>
			<Latitude d:type="sFloat64" d:alt_encoding="2A0367FEC6444A40" d:precision="string">52.5373</Latitude>
			<Height d:type="sFloat32" d:alt_encoding="00000000AC6F6640" d:precision="string">179.49</Height>
			<PlayerDriver d:type="bool">0</PlayerDriver>
		</sDriverFrontEndDetails>
		<sDriverFrontEndDetails d:id="292713192">
			<ServiceName>
				<Localisation-cUserLocalisedString>
					<English d:type="cDeltaString">1V95 10:40 Holyhead - Llanelli</English>
					<French d:type="cDeltaString"></French>
					<Italian d:type="cDeltaString"></Italian>
					<German d:type="cDeltaString"></German>
					<Spanish d:type="cDeltaString"></Spanish>
					<Dutch d:type="cDeltaString"></Dutch>
					<Polish d:type="cDeltaString"></Polish>
					<Russian d:type="cDeltaString"></Russian>
					<Other/>
					<Key d:type="cDeltaString">f9b9dc5b-9da8-4b11-8f0e-20acee7d4d52</Key>
				</Localisation-cUserLocalisedString>
			</ServiceName>
			<LocoName>
				<Localisation-cUserLocalisedString>
					<English d:type="cDeltaString">Class 175 Transport for Wales</English>
					<French d:type="cDeltaString"></French>
					<Italian d:type="cDeltaString"></Italian>
					<German d:type="cDeltaString"></German>
					<Spanish d:type="cDeltaString"></Spanish>
					<Dutch d:type="cDeltaString"></Dutch>
					<Polish d:type="cDeltaString"></Polish>
					<Russian d:type="cDeltaString"></Russian>
					<Other/>
					<Key d:type="cDeltaString">9b806cc3-2e84-444c-9a6b-0ecf1a29d7bc</Key>
				</Localisation-cUserLocalisedString>
			</LocoName>
			<LocoBP>
				<iBlueprintLibrary-cAbsoluteBlueprintID>
					<BlueprintSetID>
						<iBlueprintLibrary-cBlueprintSetID>
							<Provider d:type="cDeltaString">DTG</Provider>
							<Product d:type="cDeltaString">BristolCardiff</Product>
						</iBlueprintLibrary-cBlueprintSetID>
					</BlueprintSetID>
					<BlueprintID d:type="cDeltaString">RailVehicles\Diesel\Class175_TfW2\DMSL\175_ATW_DMSLA_AP_nd.xml</BlueprintID>
				</iBlueprintLibrary-cAbsoluteBlueprintID>
			</LocoBP>
			<StartLocation>
				<Localisation-cUserLocalisedString>
					<English d:type="cDeltaString">Ludlow Platform 2</English>
					<French d:type="cDeltaString"></French>
					<Italian d:type="cDeltaString"></Italian>
					<German d:type="cDeltaString"></German>
					<Spanish d:type="cDeltaString"></Spanish>
					<Dutch d:type="cDeltaString"></Dutch>
					<Polish d:type="cDeltaString"></Polish>
					<Russian d:type="cDeltaString"></Russian>
					<Other/>
					<Key d:type="cDeltaString">0aefdd21-13d2-4ac4-8898-3b99c9ab3ea4</Key>
				</Localisation-cUserLocalisedString>
			</StartLocation>
			<LocoClass d:type="cDeltaString">LOCO_CLASS_DIESEL</LocoClass>
			<LocoAuthor d:type="cDeltaString">DTG</LocoAuthor>
			<FilePath d:type="cDeltaString">DTG\BristolCardiff\RailVehicles\Diesel\Class175_TfW2\DMSL</FilePath>
			<Longitude d:type="sFloat64" d:alt_encoding="BC63976550BA05C0" d:precision="string">-2.71597</Longitude>
			<Latitude d:type="sFloat64" d:alt_encoding="96ECE9FB832F4A40" d:precision="string">52.3712</Latitude>
			<Height d:type="sFloat32" d:alt_encoding="00000020616F5640" d:precision="string">89.7403</Height>
			<PlayerDriver d:type="bool">0</PlayerDriver>
		</sDriverFrontEndDetails>
		<sDriverFrontEndDetails d:id="292716320">
			<ServiceName>
				<Localisation-cUserLocalisedString>
					<English d:type="cDeltaString">1V40 11:31 Manchester Piccadilly - Carmarthen</English>
					<French d:type="cDeltaString"></French>
					<Italian d:type="cDeltaString"></Italian>
					<German d:type="cDeltaString"></German>
					<Spanish d:type="cDeltaString"></Spanish>
					<Dutch d:type="cDeltaString"></Dutch>
					<Polish d:type="cDeltaString"></Polish>
					<Russian d:type="cDeltaString"></Russian>
					<Other/>
					<Key d:type="cDeltaString">f01c5fb5-3c53-4573-b8f6-05be60b8d685</Key>
				</Localisation-cUserLocalisedString>
			</ServiceName>
			<LocoName>
				<Localisation-cUserLocalisedString>
					<English d:type="cDeltaString">Class 175 Transport for Wales</English>
					<French d:type="cDeltaString"></French>
					<Italian d:type="cDeltaString"></Italian>
					<German d:type="cDeltaString"></German>
					<Spanish d:type="cDeltaString"></Spanish>
					<Dutch d:type="cDeltaString"></Dutch>
					<Polish d:type="cDeltaString"></Polish>
					<Russian d:type="cDeltaString"></Russian>
					<Other/>
					<Key d:type="cDeltaString">85752a5c-3cd2-4fe6-b19d-43cb898de2ed</Key>
				</Localisation-cUserLocalisedString>
			</LocoName>
			<LocoBP>
				<iBlueprintLibrary-cAbsoluteBlueprintID>
					<BlueprintSetID>
						<iBlueprintLibrary-cBlueprintSetID>
							<Provider d:type="cDeltaString">DTG</Provider>
							<Product d:type="cDeltaString">BristolCardiff</Product>
						</iBlueprintLibrary-cBlueprintSetID>
					</BlueprintSetID>
					<BlueprintID d:type="cDeltaString">RailVehicles\Diesel\Class175_TfW2\DMSL\175_ATW_DMSLA_AP_nd.xml</BlueprintID>
				</iBlueprintLibrary-cAbsoluteBlueprintID>
			</LocoBP>
			<StartLocation>
				<Localisation-cUserLocalisedString>
					<English d:type="cDeltaString">Hereford Platform 2</English>
					<French d:type="cDeltaString"></French>
					<Italian d:type="cDeltaString"></Italian>
					<German d:type="cDeltaString"></German>
					<Spanish d:type="cDeltaString"></Spanish>
					<Dutch d:type="cDeltaString"></Dutch>
					<Polish d:type="cDeltaString"></Polish>
					<Russian d:type="cDeltaString"></Russian>
					<Other/>
					<Key d:type="cDeltaString">38d4898d-7507-4906-864e-afcc23b1f4af</Key>
				</Localisation-cUserLocalisedString>
			</StartLocation>
			<LocoClass d:type="cDeltaString">LOCO_CLASS_DIESEL</LocoClass>
			<LocoAuthor d:type="cDeltaString">DTG</LocoAuthor>
			<FilePath d:type="cDeltaString">DTG\BristolCardiff\RailVehicles\Diesel\Class175_TfW2\DMSL</FilePath>
			<Longitude d:type="sFloat64" d:alt_encoding="4234FB6FF1AA05C0" d:precision="string">-2.70847</Longitude>
			<Latitude d:type="sFloat64" d:alt_encoding="B962F554DE074A40" d:precision="string">52.0615</Latitude>
			<Height d:type="sFloat32" d:alt_encoding="0000004064CE5140" d:precision="string">71.2249</Height>
			<PlayerDriver d:type="bool">0</PlayerDriver>
		</sDriverFrontEndDetails>
		<sDriverFrontEndDetails d:id="292715776">
			<ServiceName>
				<Localisation-cUserLocalisedString>
					<English d:type="cDeltaString">1V39 10:31 Manchester Piccadilly - Milford Haven</English>
					<French d:type="cDeltaString"></French>
					<Italian d:type="cDeltaString"></Italian>
					<German d:type="cDeltaString"></German>
					<Spanish d:type="cDeltaString"></Spanish>
					<Dutch d:type="cDeltaString"></Dutch>
					<Polish d:type="cDeltaString"></Polish>
					<Russian d:type="cDeltaString"></Russian>
					<Other/>
					<Key d:type="cDeltaString">7163ad48-e438-42ba-a0b9-43530025970e</Key>
				</Localisation-cUserLocalisedString>
			</ServiceName>
			<LocoName>
				<Localisation-cUserLocalisedString>
					<English d:type="cDeltaString">Class 175 Transport for Wales</English>
					<French d:type="cDeltaString"></French>
					<Italian d:type="cDeltaString"></Italian>
					<German d:type="cDeltaString"></German>
					<Spanish d:type="cDeltaString"></Spanish>
					<Dutch d:type="cDeltaString"></Dutch>
					<Polish d:type="cDeltaString"></Polish>
					<Russian d:type="cDeltaString"></Russian>
					<Other/>
					<Key d:type="cDeltaString">54c49c7c-9093-44a9-9dee-7729ba608a9a</Key>
				</Localisation-cUserLocalisedString>
			</LocoName>
			<LocoBP>
				<iBlueprintLibrary-cAbsoluteBlueprintID>
					<BlueprintSetID>
						<iBlueprintLibrary-cBlueprintSetID>
							<Provider d:type="cDeltaString">DTG</Provider>
							<Product d:type="cDeltaString">BristolCardiff</Product>
						</iBlueprintLibrary-cBlueprintSetID>
					</BlueprintSetID>
					<BlueprintID d:type="cDeltaString">RailVehicles\Diesel\Class175_TfW2\DMSL\175_ATW_DMSLA_AP_nd.xml</BlueprintID>
				</iBlueprintLibrary-cAbsoluteBlueprintID>
			</LocoBP>
			<StartLocation>
				<Localisation-cUserLocalisedString>
					<English d:type="cDeltaString">Abergavenny Platform 2</English>
					<French d:type="cDeltaString"></French>
					<Italian d:type="cDeltaString"></Italian>
					<German d:type="cDeltaString"></German>
					<Spanish d:type="cDeltaString"></Spanish>
					<Dutch d:type="cDeltaString"></Dutch>
					<Polish d:type="cDeltaString"></Polish>
					<Russian d:type="cDeltaString"></Russian>
					<Other/>
					<Key d:type="cDeltaString">65dfccd0-ebf6-4e00-9553-1d8d9a38d1f9</Key>
				</Localisation-cUserLocalisedString>
			</StartLocation>
			<LocoClass d:type="cDeltaString">LOCO_CLASS_DIESEL</LocoClass>
			<LocoAuthor d:type="cDeltaString">DTG</LocoAuthor>
			<FilePath d:type="cDeltaString">DTG\BristolCardiff\RailVehicles\Diesel\Class175_TfW2\DMSL</FilePath>
			<Longitude d:type="sFloat64" d:alt_encoding="AC182823301208C0" d:precision="string">-3.00888</Longitude>
			<Latitude d:type="sFloat64" d:alt_encoding="30016892A4E84940" d:precision="string">51.8175</Latitude>
			<Height d:type="sFloat32" d:alt_encoding="00000020489E5340" d:precision="string">78.4732</Height>
			<PlayerDriver d:type="bool">0</PlayerDriver>
		</sDriverFrontEndDetails>
		<sDriverFrontEndDetails d:id="292712852">
			<ServiceName>
				<Localisation-cUserLocalisedString>
					<English d:type="cDeltaString">2U14 11:10 Taunton - Cardiff Central</English>
					<French d:type="cDeltaString"></French>
					<Italian d:type="cDeltaString"></Italian>
					<German d:type="cDeltaString"></German>
					<Spanish d:type="cDeltaString"></Spanish>
					<Dutch d:type="cDeltaString"></Dutch>
					<Polish d:type="cDeltaString"></Polish>
					<Russian d:type="cDeltaString"></Russian>
					<Other/>
					<Key d:type="cDeltaString">55f08077-52e0-4b14-8559-e4b7750aed51</Key>
				</Localisation-cUserLocalisedString>
			</ServiceName>
			<LocoName>
				<Localisation-cUserLocalisedString>
					<English d:type="cDeltaString">High Speed Train GWR AP</English>
					<French d:type="cDeltaString"></French>
					<Italian d:type="cDeltaString"></Italian>
					<German d:type="cDeltaString"></German>
					<Spanish d:type="cDeltaString"></Spanish>
					<Dutch d:type="cDeltaString"></Dutch>
					<Polish d:type="cDeltaString"></Polish>
					<Russian d:type="cDeltaString"></Russian>
					<Other/>
					<Key d:type="cDeltaString">41e510d7-af6f-4392-b0a2-aef30b16c358</Key>
				</Localisation-cUserLocalisedString>
			</LocoName>
			<LocoBP>
				<iBlueprintLibrary-cAbsoluteBlueprintID>
					<BlueprintSetID>
						<iBlueprintLibrary-cBlueprintSetID>
							<Provider d:type="cDeltaString">Kuju</Provider>
							<Product d:type="cDeltaString">RailSimulator</Product>
						</iBlueprintLibrary-cBlueprintSetID>
					</BlueprintSetID>
					<BlueprintID d:type="cDeltaString">RailVehicles\Diesel\HST\GWR_AP\Class43\class43_gwr_vp_1.xml</BlueprintID>
				</iBlueprintLibrary-cAbsoluteBlueprintID>
			</LocoBP>
			<StartLocation>
				<Localisation-cUserLocalisedString>
					<English d:type="cDeltaString"></English>
					<French d:type="cDeltaString"></French>
					<Italian d:type="cDeltaString"></Italian>
					<German d:type="cDeltaString"></German>
					<Spanish d:type="cDeltaString"></Spanish>
					<Dutch d:type="cDeltaString"></Dutch>
					<Polish d:type="cDeltaString"></Polish>
					<Russian d:type="cDeltaString"></Russian>
					<Other/>
					<Key d:type="cDeltaString">4f3fcc77-4fe6-4f4a-8d13-a58079291f5c</Key>
				</Localisation-cUserLocalisedString>
			</StartLocation>
			<LocoClass d:type="cDeltaString">LOCO_CLASS_DIESEL</LocoClass>
			<LocoAuthor d:type="cDeltaString">Kuju</LocoAuthor>
			<FilePath d:type="cDeltaString">Kuju\RailSimulator\RailVehicles\Diesel\HST\GWR_AP\Class43</FilePath>
			<Longitude d:type="sFloat64" d:alt_encoding="3CBEDCFF452406C0" d:precision="string">-2.76771</Longitude>
			<Latitude d:type="sFloat64" d:alt_encoding="FCD92EA6D2CA4940" d:precision="string">51.5846</Latitude>
			<Height d:type="sFloat32" d:alt_encoding="000000E0BAE21440" d:precision="string">5.22142</Height>
			<PlayerDriver d:type="bool">0</PlayerDriver>
		</sDriverFrontEndDetails>
		<sDriverFrontEndDetails d:id="292714620">
			<ServiceName>
				<Localisation-cUserLocalisedString>
					<English d:type="cDeltaString">1B12 11:18 Paddington - Cardiff Central</English>
					<French d:type="cDeltaString"></French>
					<Italian d:type="cDeltaString"></Italian>
					<German d:type="cDeltaString"></German>
					<Spanish d:type="cDeltaString"></Spanish>
					<Dutch d:type="cDeltaString"></Dutch>
					<Polish d:type="cDeltaString"></Polish>
					<Russian d:type="cDeltaString"></Russian>
					<Other/>
					<Key d:type="cDeltaString">0b86de41-78dd-4fce-a4ee-f44754486ddb</Key>
				</Localisation-cUserLocalisedString>
			</ServiceName>
			<LocoName>
				<Localisation-cUserLocalisedString>
					<English d:type="cDeltaString">Class 800</English>
					<French d:type="cDeltaString"></French>
					<Italian d:type="cDeltaString"></Italian>
					<German d:type="cDeltaString"></German>
					<Spanish d:type="cDeltaString"></Spanish>
					<Dutch d:type="cDeltaString"></Dutch>
					<Polish d:type="cDeltaString"></Polish>
					<Russian d:type="cDeltaString"></Russian>
					<Other/>
					<Key d:type="cDeltaString">12d38669-8323-4c9b-acb4-d5d9703b8619</Key>
				</Localisation-cUserLocalisedString>
			</LocoName>
			<LocoBP>
				<iBlueprintLibrary-cAbsoluteBlueprintID>
					<BlueprintSetID>
						<iBlueprintLibrary-cBlueprintSetID>
							<Provider d:type="cDeltaString">DTG</Provider>
							<Product d:type="cDeltaString">Class801Pack01</Product>
						</iBlueprintLibrary-cBlueprintSetID>
					</BlueprintSetID>
					<BlueprintID d:type="cDeltaString">RailVehicles\Electric\Class801\GWR_anrhd\Engine\Class800d_DTRBFO.xml</BlueprintID>
				</iBlueprintLibrary-cAbsoluteBlueprintID>
			</LocoBP>
			<StartLocation>
				<Localisation-cUserLocalisedString>
					<English d:type="cDeltaString">Severn Tunnel Junction Platform 3</English>
					<French d:type="cDeltaString"></French>
					<Italian d:type="cDeltaString"></Italian>
					<German d:type="cDeltaString"></German>
					<Spanish d:type="cDeltaString"></Spanish>
					<Dutch d:type="cDeltaString"></Dutch>
					<Polish d:type="cDeltaString"></Polish>
					<Russian d:type="cDeltaString"></Russian>
					<Other/>
					<Key d:type="cDeltaString">224da186-57d5-4f25-a7d8-9bdd91d1c6a6</Key>
				</Localisation-cUserLocalisedString>
			</StartLocation>
			<LocoClass d:type="cDeltaString">LOCO_CLASS_DIESEL</LocoClass>
			<LocoAuthor d:type="cDeltaString">DTG</LocoAuthor>
			<FilePath d:type="cDeltaString">DTG\Class801Pack01\RailVehicles\Electric\Class801\GWR_anrhd\Engine</FilePath>
			<Longitude d:type="sFloat64" d:alt_encoding="2D09CC36F63906C0" d:precision="string">-2.7783</Longitude>
			<Latitude d:type="sFloat64" d:alt_encoding="22E331E2CBCA4940" d:precision="string">51.5843</Latitude>
			<Height d:type="sFloat32" d:alt_encoding="000000E0410C1E40" d:precision="string">7.51197</Height>
			<PlayerDriver d:type="bool">0</PlayerDriver>
		</sDriverFrontEndDetails>
		<sDriverFrontEndDetails d:id="292716048">
			<ServiceName>
				<Localisation-cUserLocalisedString>
					<English d:type="cDeltaString">1V94 08:05 Holyhead - Cardiff Central</English>
					<French d:type="cDeltaString"></French>
					<Italian d:type="cDeltaString"></Italian>
					<German d:type="cDeltaString"></German>
					<Spanish d:type="cDeltaString"></Spanish>
					<Dutch d:type="cDeltaString"></Dutch>
					<Polish d:type="cDeltaString"></Polish>
					<Russian d:type="cDeltaString"></Russian>
					<Other/>
					<Key d:type="cDeltaString">9f86edc2-09ba-4cd4-b546-67a8ca354dbf</Key>
				</Localisation-cUserLocalisedString>
			</ServiceName>
			<LocoName>
				<Localisation-cUserLocalisedString>
					<English d:type="cDeltaString">Class 175 Ex-ATW</English>
					<French d:type="cDeltaString"></French>
					<Italian d:type="cDeltaString"></Italian>
					<German d:type="cDeltaString"></German>
					<Spanish d:type="cDeltaString"></Spanish>
					<Dutch d:type="cDeltaString"></Dutch>
					<Polish d:type="cDeltaString"></Polish>
					<Russian d:type="cDeltaString"></Russian>
					<Other/>
					<Key d:type="cDeltaString">fdd56747-a182-4265-936c-df79110ee838</Key>
				</Localisation-cUserLocalisedString>
			</LocoName>
			<LocoBP>
				<iBlueprintLibrary-cAbsoluteBlueprintID>
					<BlueprintSetID>
						<iBlueprintLibrary-cBlueprintSetID>
							<Provider d:type="cDeltaString">DTG</Provider>
							<Product d:type="cDeltaString">BristolCardiff</Product>
						</iBlueprintLibrary-cBlueprintSetID>
					</BlueprintSetID>
					<BlueprintID d:type="cDeltaString">RailVehicles\Diesel\Class175_Ex-ATW\DMSL\175_DMSL_AP.xml</BlueprintID>
				</iBlueprintLibrary-cAbsoluteBlueprintID>
			</LocoBP>
			<StartLocation>
				<Localisation-cUserLocalisedString>
					<English d:type="cDeltaString">Cwmbran Platform 1</English>
					<French d:type="cDeltaString"></French>
					<Italian d:type="cDeltaString"></Italian>
					<German d:type="cDeltaString"></German>
					<Spanish d:type="cDeltaString"></Spanish>
					<Dutch d:type="cDeltaString"></Dutch>
					<Polish d:type="cDeltaString"></Polish>
					<Russian d:type="cDeltaString"></Russian>
					<Other/>
					<Key d:type="cDeltaString">1fba8616-8cbf-4d3e-89f3-4d816d586661</Key>
				</Localisation-cUserLocalisedString>
			</StartLocation>
			<LocoClass d:type="cDeltaString">LOCO_CLASS_DIESEL</LocoClass>
			<LocoAuthor d:type="cDeltaString">DTG</LocoAuthor>
			<FilePath d:type="cDeltaString">DTG\BristolCardiff\RailVehicles\Diesel\Class175_Ex-ATW\DMSL</FilePath>
			<Longitude d:type="sFloat64" d:alt_encoding="6F2ED9D3A92008C0" d:precision="string">-3.01595</Longitude>
			<Latitude d:type="sFloat64" d:alt_encoding="E506734A2BD44940" d:precision="string">51.6576</Latitude>
			<Height d:type="sFloat32" d:alt_encoding="0000004021365040" d:precision="string">64.8458</Height>
			<PlayerDriver d:type="bool">0</PlayerDriver>
		</sDriverFrontEndDetails>
		<sDriverFrontEndDetails d:id="292713532">
			<ServiceName>
				<Localisation-cUserLocalisedString>
					<English d:type="cDeltaString">2G55 11:46 Cheltenham Spa - Cardiff Central</English>
					<French d:type="cDeltaString"></French>
					<Italian d:type="cDeltaString"></Italian>
					<German d:type="cDeltaString"></German>
					<Spanish d:type="cDeltaString"></Spanish>
					<Dutch d:type="cDeltaString"></Dutch>
					<Polish d:type="cDeltaString"></Polish>
					<Russian d:type="cDeltaString"></Russian>
					<Other/>
					<Key d:type="cDeltaString">a9b28cd1-aaa5-4c22-9d50-eb943f54926b</Key>
				</Localisation-cUserLocalisedString>
			</ServiceName>
			<LocoName>
				<Localisation-cUserLocalisedString>
					<English d:type="cDeltaString">Class 170 Transport for Wales AP</English>
					<French d:type="cDeltaString"></French>
					<Italian d:type="cDeltaString"></Italian>
					<German d:type="cDeltaString"></German>
					<Spanish d:type="cDeltaString"></Spanish>
					<Dutch d:type="cDeltaString"></Dutch>
					<Polish d:type="cDeltaString"></Polish>
					<Russian d:type="cDeltaString"></Russian>
					<Other/>
					<Key d:type="cDeltaString">Description</Key>
				</Localisation-cUserLocalisedString>
			</LocoName>
			<LocoBP>
				<iBlueprintLibrary-cAbsoluteBlueprintID>
					<BlueprintSetID>
						<iBlueprintLibrary-cBlueprintSetID>
							<Provider d:type="cDeltaString">Thomson</Provider>
							<Product d:type="cDeltaString">Class170Pack01</Product>
						</iBlueprintLibrary-cBlueprintSetID>
					</BlueprintSetID>
					<BlueprintID d:type="cDeltaString">RailVehicles\Class170\GA_AP\Engine\Class170_DMSL-TfW.xml</BlueprintID>
				</iBlueprintLibrary-cAbsoluteBlueprintID>
			</LocoBP>
			<StartLocation>
				<Localisation-cUserLocalisedString>
					<English d:type="cDeltaString">Severn Tunnel Junction Platform 1</English>
					<French d:type="cDeltaString"></French>
					<Italian d:type="cDeltaString"></Italian>
					<German d:type="cDeltaString"></German>
					<Spanish d:type="cDeltaString"></Spanish>
					<Dutch d:type="cDeltaString"></Dutch>
					<Polish d:type="cDeltaString"></Polish>
					<Russian d:type="cDeltaString"></Russian>
					<Other/>
					<Key d:type="cDeltaString">c601b05f-48f8-4ab3-98fa-f9b4827d195b</Key>
				</Localisation-cUserLocalisedString>
			</StartLocation>
			<LocoClass d:type="cDeltaString">LOCO_CLASS_DIESEL</LocoClass>
			<LocoAuthor d:type="cDeltaString">Thomson</LocoAuthor>
			<FilePath d:type="cDeltaString">Thomson\Class170Pack01\RailVehicles\Class170\GA_AP\Engine</FilePath>
			<Longitude d:type="sFloat64" d:alt_encoding="72B3D78E233706C0" d:precision="string">-2.77692</Longitude>
			<Latitude d:type="sFloat64" d:alt_encoding="F3298448C3CA4940" d:precision="string">51.5841</Latitude>
			<Height d:type="sFloat32" d:alt_encoding="000000E0410C1E40" d:precision="string">7.51197</Height>
			<PlayerDriver d:type="bool">0</PlayerDriver>
		</sDriverFrontEndDetails>
		<sDriverFrontEndDetails d:id="292715368">
			<ServiceName>
				<Localisation-cUserLocalisedString>
					<English d:type="cDeltaString">2M30 12:26 Barry Island - Merthyr Tydfil</English>
					<French d:type="cDeltaString"></French>
					<Italian d:type="cDeltaString"></Italian>
					<German d:type="cDeltaString"></German>
					<Spanish d:type="cDeltaString"></Spanish>
					<Dutch d:type="cDeltaString"></Dutch>
					<Polish d:type="cDeltaString"></Polish>
					<Russian d:type="cDeltaString"></Russian>
					<Other/>
					<Key d:type="cDeltaString">50187d31-b287-445d-b04f-dc1843b54fbd</Key>
				</Localisation-cUserLocalisedString>
			</ServiceName>
			<LocoName>
				<Localisation-cUserLocalisedString>
					<English d:type="cDeltaString">AP Class 150/2 Ex-ATW (Transport for Wales)</English>
					<French d:type="cDeltaString"></French>
					<Italian d:type="cDeltaString"></Italian>
					<German d:type="cDeltaString"></German>
					<Spanish d:type="cDeltaString"></Spanish>
					<Dutch d:type="cDeltaString"></Dutch>
					<Polish d:type="cDeltaString"></Polish>
					<Russian d:type="cDeltaString"></Russian>
					<Other/>
					<Key d:type="cDeltaString">Description</Key>
				</Localisation-cUserLocalisedString>
			</LocoName>
			<LocoBP>
				<iBlueprintLibrary-cAbsoluteBlueprintID>
					<BlueprintSetID>
						<iBlueprintLibrary-cBlueprintSetID>
							<Provider d:type="cDeltaString">AP</Provider>
							<Product d:type="cDeltaString">Class150Pack01</Product>
						</iBlueprintLibrary-cBlueprintSetID>
					</BlueprintSetID>
					<BlueprintID d:type="cDeltaString">RailVehicles\Class150\ATW3_AP\Class150_DMSL.xml</BlueprintID>
				</iBlueprintLibrary-cAbsoluteBlueprintID>
			</LocoBP>
			<StartLocation>
				<Localisation-cUserLocalisedString>
					<English d:type="cDeltaString"></English>
					<French d:type="cDeltaString"></French>
					<Italian d:type="cDeltaString"></Italian>
					<German d:type="cDeltaString"></German>
					<Spanish d:type="cDeltaString"></Spanish>
					<Dutch d:type="cDeltaString"></Dutch>
					<Polish d:type="cDeltaString"></Polish>
					<Russian d:type="cDeltaString"></Russian>
					<Other/>
					<Key d:type="cDeltaString">ddc1cf4f-cbaa-4dcc-88a1-d650120efff5</Key>
				</Localisation-cUserLocalisedString>
			</StartLocation>
			<LocoClass d:type="cDeltaString">LOCO_CLASS_DIESEL</LocoClass>
			<LocoAuthor d:type="cDeltaString">AP</LocoAuthor>
			<FilePath d:type="cDeltaString">AP\Class150Pack01\RailVehicles\Class150\ATW3_AP</FilePath>
			<Longitude d:type="sFloat64" d:alt_encoding="6C7D9D9AF58709C0" d:precision="string">-3.19139</Longitude>
			<Latitude d:type="sFloat64" d:alt_encoding="09B514C03EBC4940" d:precision="string">51.4707</Latitude>
			<Height d:type="sFloat32" d:alt_encoding="00000020B1862040" d:precision="string">8.26307</Height>
			<PlayerDriver d:type="bool">0</PlayerDriver>
		</sDriverFrontEndDetails>
		<sDriverFrontEndDetails d:id="292715096">
			<ServiceName>
				<Localisation-cUserLocalisedString>
					<English d:type="cDeltaString">2F43 11:46 Treherbert - Cardiff Central</English>
					<French d:type="cDeltaString"></French>
					<Italian d:type="cDeltaString"></Italian>
					<German d:type="cDeltaString"></German>
					<Spanish d:type="cDeltaString"></Spanish>
					<Dutch d:type="cDeltaString"></Dutch>
					<Polish d:type="cDeltaString"></Polish>
					<Russian d:type="cDeltaString"></Russian>
					<Other/>
					<Key d:type="cDeltaString">8f3b7842-da3f-4308-9d11-4a39f0b42887</Key>
				</Localisation-cUserLocalisedString>
			</ServiceName>
			<LocoName>
				<Localisation-cUserLocalisedString>
					<English d:type="cDeltaString">Class 143 DMU Ex-Arriva Trains Wales</English>
					<French d:type="cDeltaString"></French>
					<Italian d:type="cDeltaString"></Italian>
					<German d:type="cDeltaString"></German>
					<Spanish d:type="cDeltaString"></Spanish>
					<Dutch d:type="cDeltaString"></Dutch>
					<Polish d:type="cDeltaString"></Polish>
					<Russian d:type="cDeltaString"></Russian>
					<Other/>
					<Key d:type="cDeltaString">RS_TXT_CL143_ExATW2</Key>
				</Localisation-cUserLocalisedString>
			</LocoName>
			<LocoBP>
				<iBlueprintLibrary-cAbsoluteBlueprintID>
					<BlueprintSetID>
						<iBlueprintLibrary-cBlueprintSetID>
							<Provider d:type="cDeltaString">RSC</Provider>
							<Product d:type="cDeltaString">RivieraLine</Product>
						</iBlueprintLibrary-cBlueprintSetID>
					</BlueprintSetID>
					<BlueprintID d:type="cDeltaString">RailVehicles\Diesel\Class143\MJW_ATW2\Engine\TfW Banner\Class143_DMS_TfW.xml</BlueprintID>
				</iBlueprintLibrary-cAbsoluteBlueprintID>
			</LocoBP>
			<StartLocation>
				<Localisation-cUserLocalisedString>
					<English d:type="cDeltaString">Cardiff Queen Street Platform 3</English>
					<French d:type="cDeltaString"></French>
					<Italian d:type="cDeltaString"></Italian>
					<German d:type="cDeltaString"></German>
					<Spanish d:type="cDeltaString"></Spanish>
					<Dutch d:type="cDeltaString"></Dutch>
					<Polish d:type="cDeltaString"></Polish>
					<Russian d:type="cDeltaString"></Russian>
					<Other/>
					<Key d:type="cDeltaString">4b0fa31c-83d2-4277-a87b-ae4ee9402453</Key>
				</Localisation-cUserLocalisedString>
			</StartLocation>
			<LocoClass d:type="cDeltaString">LOCO_CLASS_DIESEL</LocoClass>
			<LocoAuthor d:type="cDeltaString">RSC</LocoAuthor>
			<FilePath d:type="cDeltaString">RSC\RivieraLine\RailVehicles\Diesel\Class143\MJW_ATW2\Engine\TfW Banner</FilePath>
			<Longitude d:type="sFloat64" d:alt_encoding="03070623805C09C0" d:precision="string">-3.17017</Longitude>
			<Latitude d:type="sFloat64" d:alt_encoding="B34AF4EB9FBD4940" d:precision="string">51.4814</Latitude>
			<Height d:type="sFloat32" d:alt_encoding="0000000030433040" d:precision="string">16.2625</Height>
			<PlayerDriver d:type="bool">0</PlayerDriver>
		</sDriverFrontEndDetails>
		<sDriverFrontEndDetails d:id="292713328">
			<ServiceName>
				<Localisation-cUserLocalisedString>
					<English d:type="cDeltaString">2C25 12:33 Radyr - Coryton</English>
					<French d:type="cDeltaString"></French>
					<Italian d:type="cDeltaString"></Italian>
					<German d:type="cDeltaString"></German>
					<Spanish d:type="cDeltaString"></Spanish>
					<Dutch d:type="cDeltaString"></Dutch>
					<Polish d:type="cDeltaString"></Polish>
					<Russian d:type="cDeltaString"></Russian>
					<Other/>
					<Key d:type="cDeltaString">03d8bcd4-9709-442d-b86c-3a65bbb4ba03</Key>
				</Localisation-cUserLocalisedString>
			</ServiceName>
			<LocoName>
				<Localisation-cUserLocalisedString>
					<English d:type="cDeltaString">Class 153</English>
					<French d:type="cDeltaString">Class 153</French>
					<Italian d:type="cDeltaString">Class 153</Italian>
					<German d:type="cDeltaString">Class 153</German>
					<Spanish d:type="cDeltaString">Class 153</Spanish>
					<Dutch d:type="cDeltaString">Class 153</Dutch>
					<Polish d:type="cDeltaString">Class 153</Polish>
					<Russian d:type="cDeltaString">Class 153</Russian>
					<Other/>
					<Key d:type="cDeltaString">4f79f79e-f265-4718-a381-f852ac2ba912</Key>
				</Localisation-cUserLocalisedString>
			</LocoName>
			<LocoBP>
				<iBlueprintLibrary-cAbsoluteBlueprintID>
					<BlueprintSetID>
						<iBlueprintLibrary-cBlueprintSetID>
							<Provider d:type="cDeltaString">JustTrains</Provider>
							<Product d:type="cDeltaString">Class153</Product>
						</iBlueprintLibrary-cBlueprintSetID>
					</BlueprintSetID>
					<BlueprintID d:type="cDeltaString">RailVehicles\Diesel\Class153\ATW_Refurbished\Engine\jt_class_153_atw_nb.xml</BlueprintID>
				</iBlueprintLibrary-cAbsoluteBlueprintID>
			</LocoBP>
			<StartLocation>
				<Localisation-cUserLocalisedString>
					<English d:type="cDeltaString">Waun-gron Park Platform 1</English>
					<French d:type="cDeltaString"></French>
					<Italian d:type="cDeltaString"></Italian>
					<German d:type="cDeltaString"></German>
					<Spanish d:type="cDeltaString"></Spanish>
					<Dutch d:type="cDeltaString"></Dutch>
					<Polish d:type="cDeltaString"></Polish>
					<Russian d:type="cDeltaString"></Russian>
					<Other/>
					<Key d:type="cDeltaString">30a45ff5-a1fc-4456-a39c-e151c992c4c1</Key>
				</Localisation-cUserLocalisedString>
			</StartLocation>
			<LocoClass d:type="cDeltaString">LOCO_CLASS_DIESEL</LocoClass>
			<LocoAuthor d:type="cDeltaString">JustTrains</LocoAuthor>
			<FilePath d:type="cDeltaString">JustTrains\Class153\RailVehicles\Diesel\Class153\ATW_Refurbished\Engine</FilePath>
			<Longitude d:type="sFloat64" d:alt_encoding="18068C791BD609C0" d:precision="string">-3.22954</Longitude>
			<Latitude d:type="sFloat64" d:alt_encoding="C93813257ABE4940" d:precision="string">51.4881</Latitude>
			<Height d:type="sFloat32" d:alt_encoding="000000A0D4013040" d:precision="string">16.0072</Height>
			<PlayerDriver d:type="bool">0</PlayerDriver>
		</sDriverFrontEndDetails>
		<sDriverFrontEndDetails d:id="292716116">
			<ServiceName>
				<Localisation-cUserLocalisedString>
					<English d:type="cDeltaString">1M99 12:45 Cardiff Central - Nottingham (Delayed)</English>
					<French d:type="cDeltaString"></French>
					<Italian d:type="cDeltaString"></Italian>
					<German d:type="cDeltaString"></German>
					<Spanish d:type="cDeltaString"></Spanish>
					<Dutch d:type="cDeltaString"></Dutch>
					<Polish d:type="cDeltaString"></Polish>
					<Russian d:type="cDeltaString"></Russian>
					<Other/>
					<Key d:type="cDeltaString">2eb8021e-948b-43d9-8746-eb69bf8c4722</Key>
				</Localisation-cUserLocalisedString>
			</ServiceName>
			<LocoName>
				<Localisation-cUserLocalisedString>
					<English d:type="cDeltaString">Class 170 CrossCountry AP</English>
					<French d:type="cDeltaString"></French>
					<Italian d:type="cDeltaString"></Italian>
					<German d:type="cDeltaString"></German>
					<Spanish d:type="cDeltaString"></Spanish>
					<Dutch d:type="cDeltaString"></Dutch>
					<Polish d:type="cDeltaString"></Polish>
					<Russian d:type="cDeltaString"></Russian>
					<Other/>
					<Key d:type="cDeltaString">Description</Key>
				</Localisation-cUserLocalisedString>
			</LocoName>
			<LocoBP>
				<iBlueprintLibrary-cAbsoluteBlueprintID>
					<BlueprintSetID>
						<iBlueprintLibrary-cBlueprintSetID>
							<Provider d:type="cDeltaString">Thomson</Provider>
							<Product d:type="cDeltaString">Class170Pack01</Product>
						</iBlueprintLibrary-cBlueprintSetID>
					</BlueprintSetID>
					<BlueprintID d:type="cDeltaString">RailVehicles\Class170\XC_AP\Engine\Class170_DMSL_ByArriva.xml</BlueprintID>
				</iBlueprintLibrary-cAbsoluteBlueprintID>
			</LocoBP>
			<StartLocation>
				<Localisation-cUserLocalisedString>
					<English d:type="cDeltaString">Cardiff Central Platform 2</English>
					<French d:type="cDeltaString"></French>
					<Italian d:type="cDeltaString"></Italian>
					<German d:type="cDeltaString"></German>
					<Spanish d:type="cDeltaString"></Spanish>
					<Dutch d:type="cDeltaString"></Dutch>
					<Polish d:type="cDeltaString"></Polish>
					<Russian d:type="cDeltaString"></Russian>
					<Other/>
					<Key d:type="cDeltaString">dbb519b7-fb1c-47a9-8e26-c795d5a3c9bb</Key>
				</Localisation-cUserLocalisedString>
			</StartLocation>
			<LocoClass d:type="cDeltaString">LOCO_CLASS_DIESEL</LocoClass>
			<LocoAuthor d:type="cDeltaString">Thomson</LocoAuthor>
			<FilePath d:type="cDeltaString">Thomson\Class170Pack01\RailVehicles\Class170\XC_AP\Engine</FilePath>
			<Longitude d:type="sFloat64" d:alt_encoding="368B6D32DA7009C0" d:precision="string">-3.1801</Longitude>
			<Latitude d:type="sFloat64" d:alt_encoding="EA332346E5BC4940" d:precision="string">51.4757</Latitude>
			<Height d:type="sFloat32" d:alt_encoding="00000040E8AB2840" d:precision="string">12.3358</Height>
			<PlayerDriver d:type="bool">0</PlayerDriver>
		</sDriverFrontEndDetails>
		<sDriverFrontEndDetails d:id="292715980">
			<ServiceName>
				<Localisation-cUserLocalisedString>
					<English d:type="cDeltaString">1F12 09:23 Portsmouth Harbour - Cardiff Central</English>
					<French d:type="cDeltaString"></French>
					<Italian d:type="cDeltaString"></Italian>
					<German d:type="cDeltaString"></German>
					<Spanish d:type="cDeltaString"></Spanish>
					<Dutch d:type="cDeltaString"></Dutch>
					<Polish d:type="cDeltaString"></Polish>
					<Russian d:type="cDeltaString"></Russian>
					<Other/>
					<Key d:type="cDeltaString">fea69e24-bbd9-4325-9583-f0768a2fe57e</Key>
				</Localisation-cUserLocalisedString>
			</ServiceName>
			<LocoName>
				<Localisation-cUserLocalisedString>
					<English d:type="cDeltaString">Class 166 FGW</English>
					<French d:type="cDeltaString">Class 166 FGW</French>
					<Italian d:type="cDeltaString">Class 166 FGW</Italian>
					<German d:type="cDeltaString">Class 166 FGW</German>
					<Spanish d:type="cDeltaString">Class 166 FGW</Spanish>
					<Dutch d:type="cDeltaString"></Dutch>
					<Polish d:type="cDeltaString"></Polish>
					<Russian d:type="cDeltaString"></Russian>
					<Other/>
					<Key d:type="cDeltaString">826d8675-ad0d-4671-beec-f896506e5952</Key>
				</Localisation-cUserLocalisedString>
			</LocoName>
			<LocoBP>
				<iBlueprintLibrary-cAbsoluteBlueprintID>
					<BlueprintSetID>
						<iBlueprintLibrary-cBlueprintSetID>
							<Provider d:type="cDeltaString">Kuju</Provider>
							<Product d:type="cDeltaString">RailSimulator</Product>
						</iBlueprintLibrary-cBlueprintSetID>
					</BlueprintSetID>
					<BlueprintID d:type="cDeltaString">RailVehicles\Diesel\Class166\GWR\DMOCL\class166_dmocl_fgw.xml</BlueprintID>
				</iBlueprintLibrary-cAbsoluteBlueprintID>
			</LocoBP>
			<StartLocation>
				<Localisation-cUserLocalisedString>
					<English d:type="cDeltaString">Newport Platform 1</English>
					<French d:type="cDeltaString"></French>
					<Italian d:type="cDeltaString"></Italian>
					<German d:type="cDeltaString"></German>
					<Spanish d:type="cDeltaString"></Spanish>
					<Dutch d:type="cDeltaString"></Dutch>
					<Polish d:type="cDeltaString"></Polish>
					<Russian d:type="cDeltaString"></Russian>
					<Other/>
					<Key d:type="cDeltaString">9cbf4cd3-237e-4e8e-b350-f417b231ccb4</Key>
				</Localisation-cUserLocalisedString>
			</StartLocation>
			<LocoClass d:type="cDeltaString">LOCO_CLASS_DIESEL</LocoClass>
			<LocoAuthor d:type="cDeltaString">Kuju</LocoAuthor>
			<FilePath d:type="cDeltaString">Kuju\RailSimulator\RailVehicles\Diesel\Class166\GWR\DMOCL</FilePath>
			<Longitude d:type="sFloat64" d:alt_encoding="8D42976ECDFF07C0" d:precision="string">-2.9999</Longitude>
			<Latitude d:type="sFloat64" d:alt_encoding="6AD6D6E565CB4940" d:precision="string">51.589</Latitude>
			<Height d:type="sFloat32" d:alt_encoding="00000080E9762840" d:precision="string">12.2323</Height>
			<PlayerDriver d:type="bool">0</PlayerDriver>
		</sDriverFrontEndDetails>
		<sDriverFrontEndDetails d:id="292715436">
			<ServiceName>
				<Localisation-cUserLocalisedString>
					<English d:type="cDeltaString">2D36 12:33 Penarth - Bargoed</English>
					<French d:type="cDeltaString"></French>
					<Italian d:type="cDeltaString"></Italian>
					<German d:type="cDeltaString"></German>
					<Spanish d:type="cDeltaString"></Spanish>
					<Dutch d:type="cDeltaString"></Dutch>
					<Polish d:type="cDeltaString"></Polish>
					<Russian d:type="cDeltaString"></Russian>
					<Other/>
					<Key d:type="cDeltaString">dc6c6aa3-b36d-49a8-bd7a-81f74a8d32fb</Key>
				</Localisation-cUserLocalisedString>
			</ServiceName>
			<LocoName>
				<Localisation-cUserLocalisedString>
					<English d:type="cDeltaString">Class 143 DMU Ex-Arriva Trains Wales</English>
					<French d:type="cDeltaString"></French>
					<Italian d:type="cDeltaString"></Italian>
					<German d:type="cDeltaString"></German>
					<Spanish d:type="cDeltaString"></Spanish>
					<Dutch d:type="cDeltaString"></Dutch>
					<Polish d:type="cDeltaString"></Polish>
					<Russian d:type="cDeltaString"></Russian>
					<Other/>
					<Key d:type="cDeltaString">RS_TXT_CL143_ExATW2</Key>
				</Localisation-cUserLocalisedString>
			</LocoName>
			<LocoBP>
				<iBlueprintLibrary-cAbsoluteBlueprintID>
					<BlueprintSetID>
						<iBlueprintLibrary-cBlueprintSetID>
							<Provider d:type="cDeltaString">RSC</Provider>
							<Product d:type="cDeltaString">RivieraLine</Product>
						</iBlueprintLibrary-cBlueprintSetID>
					</BlueprintSetID>
					<BlueprintID d:type="cDeltaString">RailVehicles\Diesel\Class143\MJW_ATW2\Engine\TfW Banner\Class143_DMS_TfW.xml</BlueprintID>
				</iBlueprintLibrary-cAbsoluteBlueprintID>
			</LocoBP>
			<StartLocation>
				<Localisation-cUserLocalisedString>
					<English d:type="cDeltaString"></English>
					<French d:type="cDeltaString"></French>
					<Italian d:type="cDeltaString"></Italian>
					<German d:type="cDeltaString"></German>
					<Spanish d:type="cDeltaString"></Spanish>
					<Dutch d:type="cDeltaString"></Dutch>
					<Polish d:type="cDeltaString"></Polish>
					<Russian d:type="cDeltaString"></Russian>
					<Other/>
					<Key d:type="cDeltaString">6397e3ce-8181-4231-aaf8-0b41f24c333e</Key>
				</Localisation-cUserLocalisedString>
			</StartLocation>
			<LocoClass d:type="cDeltaString">LOCO_CLASS_DIESEL</LocoClass>
			<LocoAuthor d:type="cDeltaString">RSC</LocoAuthor>
			<FilePath d:type="cDeltaString">RSC\RivieraLine\RailVehicles\Diesel\Class143\MJW_ATW2\Engine\TfW Banner</FilePath>
			<Longitude d:type="sFloat64" d:alt_encoding="C4B039872C8909C0" d:precision="string">-3.19198</Longitude>
			<Latitude d:type="sFloat64" d:alt_encoding="6887A76453BC4940" d:precision="string">51.4713</Latitude>
			<Height d:type="sFloat32" d:alt_encoding="00000020B1862040" d:precision="string">8.26307</Height>
			<PlayerDriver d:type="bool">0</PlayerDriver>
		</sDriverFrontEndDetails>
		<sDriverFrontEndDetails d:id="292712920">
			<ServiceName>
				<Localisation-cUserLocalisedString>
					<English d:type="cDeltaString">2P47 12:00 Bargoed - Penarth</English>
					<French d:type="cDeltaString"></French>
					<Italian d:type="cDeltaString"></Italian>
					<German d:type="cDeltaString"></German>
					<Spanish d:type="cDeltaString"></Spanish>
					<Dutch d:type="cDeltaString"></Dutch>
					<Polish d:type="cDeltaString"></Polish>
					<Russian d:type="cDeltaString"></Russian>
					<Other/>
					<Key d:type="cDeltaString">6b729e1f-12ef-4e40-a8af-8d988025a5e9</Key>
				</Localisation-cUserLocalisedString>
			</ServiceName>
			<LocoName>
				<Localisation-cUserLocalisedString>
					<English d:type="cDeltaString">AP Class 150/2 Ex-ATW (Transport for Wales)</English>
					<French d:type="cDeltaString"></French>
					<Italian d:type="cDeltaString"></Italian>
					<German d:type="cDeltaString"></German>
					<Spanish d:type="cDeltaString"></Spanish>
					<Dutch d:type="cDeltaString"></Dutch>
					<Polish d:type="cDeltaString"></Polish>
					<Russian d:type="cDeltaString"></Russian>
					<Other/>
					<Key d:type="cDeltaString">Description</Key>
				</Localisation-cUserLocalisedString>
			</LocoName>
			<LocoBP>
				<iBlueprintLibrary-cAbsoluteBlueprintID>
					<BlueprintSetID>
						<iBlueprintLibrary-cBlueprintSetID>
							<Provider d:type="cDeltaString">AP</Provider>
							<Product d:type="cDeltaString">Class150Pack01</Product>
						</iBlueprintLibrary-cBlueprintSetID>
					</BlueprintSetID>
					<BlueprintID d:type="cDeltaString">RailVehicles\Class150\ATW3_AP\Class150_DMS.xml</BlueprintID>
				</iBlueprintLibrary-cAbsoluteBlueprintID>
			</LocoBP>
			<StartLocation>
				<Localisation-cUserLocalisedString>
					<English d:type="cDeltaString">Cardiff Queen Street Platform 2</English>
					<French d:type="cDeltaString"></French>
					<Italian d:type="cDeltaString"></Italian>
					<German d:type="cDeltaString"></German>
					<Spanish d:type="cDeltaString"></Spanish>
					<Dutch d:type="cDeltaString"></Dutch>
					<Polish d:type="cDeltaString"></Polish>
					<Russian d:type="cDeltaString"></Russian>
					<Other/>
					<Key d:type="cDeltaString">e2c0030d-2170-4adb-9b2e-037678ea69a3</Key>
				</Localisation-cUserLocalisedString>
			</StartLocation>
			<LocoClass d:type="cDeltaString">LOCO_CLASS_DIESEL</LocoClass>
			<LocoAuthor d:type="cDeltaString">AP</LocoAuthor>
			<FilePath d:type="cDeltaString">AP\Class150Pack01\RailVehicles\Class150\ATW3_AP</FilePath>
			<Longitude d:type="sFloat64" d:alt_encoding="CB0914D4645C09C0" d:precision="string">-3.17011</Longitude>
			<Latitude d:type="sFloat64" d:alt_encoding="9A0A77599FBD4940" d:precision="string">51.4814</Latitude>
			<Height d:type="sFloat32" d:alt_encoding="0000000030433040" d:precision="string">16.2625</Height>
			<PlayerDriver d:type="bool">0</PlayerDriver>
		</sDriverFrontEndDetails>
		<sDriverFrontEndDetails d:id="292714144">
			<ServiceName>
				<Localisation-cUserLocalisedString>
					<English d:type="cDeltaString">1V38 09:31 Manchester Piccadilly - Carmarthen</English>
					<French d:type="cDeltaString"></French>
					<Italian d:type="cDeltaString"></Italian>
					<German d:type="cDeltaString"></German>
					<Spanish d:type="cDeltaString"></Spanish>
					<Dutch d:type="cDeltaString"></Dutch>
					<Polish d:type="cDeltaString"></Polish>
					<Russian d:type="cDeltaString"></Russian>
					<Other/>
					<Key d:type="cDeltaString">af5eb61b-ed43-4edb-a038-0c70cc9db31c</Key>
				</Localisation-cUserLocalisedString>
			</ServiceName>
			<LocoName>
				<Localisation-cUserLocalisedString>
					<English d:type="cDeltaString">Class 175 Ex-ATW</English>
					<French d:type="cDeltaString"></French>
					<Italian d:type="cDeltaString"></Italian>
					<German d:type="cDeltaString"></German>
					<Spanish d:type="cDeltaString"></Spanish>
					<Dutch d:type="cDeltaString"></Dutch>
					<Polish d:type="cDeltaString"></Polish>
					<Russian d:type="cDeltaString"></Russian>
					<Other/>
					<Key d:type="cDeltaString">ece5f94c-823e-42b2-b7f6-b81ebb000f34</Key>
				</Localisation-cUserLocalisedString>
			</LocoName>
			<LocoBP>
				<iBlueprintLibrary-cAbsoluteBlueprintID>
					<BlueprintSetID>
						<iBlueprintLibrary-cBlueprintSetID>
							<Provider d:type="cDeltaString">DTG</Provider>
							<Product d:type="cDeltaString">BristolCardiff</Product>
						</iBlueprintLibrary-cBlueprintSetID>
					</BlueprintSetID>
					<BlueprintID d:type="cDeltaString">RailVehicles\Diesel\Class175_Ex-ATW\DMSL\175_DMSL_AP.xml</BlueprintID>
				</iBlueprintLibrary-cAbsoluteBlueprintID>
			</LocoBP>
			<StartLocation>
				<Localisation-cUserLocalisedString>
					<English d:type="cDeltaString">Newport Platform 2</English>
					<French d:type="cDeltaString"></French>
					<Italian d:type="cDeltaString"></Italian>
					<German d:type="cDeltaString"></German>
					<Spanish d:type="cDeltaString"></Spanish>
					<Dutch d:type="cDeltaString"></Dutch>
					<Polish d:type="cDeltaString"></Polish>
					<Russian d:type="cDeltaString"></Russian>
					<Other/>
					<Key d:type="cDeltaString">bce528a0-d3c7-4ee1-8c90-bce67106f78b</Key>
				</Localisation-cUserLocalisedString>
			</StartLocation>
			<LocoClass d:type="cDeltaString">LOCO_CLASS_DIESEL</LocoClass>
			<LocoAuthor d:type="cDeltaString">DTG</LocoAuthor>
			<FilePath d:type="cDeltaString">DTG\BristolCardiff\RailVehicles\Diesel\Class175_Ex-ATW\DMSL</FilePath>
			<Longitude d:type="sFloat64" d:alt_encoding="06E80A5CC7FF07C0" d:precision="string">-2.99989</Longitude>
			<Latitude d:type="sFloat64" d:alt_encoding="29CA405E6ACB4940" d:precision="string">51.5892</Latitude>
			<Height d:type="sFloat32" d:alt_encoding="00000080E9762840" d:precision="string">12.2323</Height>
			<PlayerDriver d:type="bool">0</PlayerDriver>
		</sDriverFrontEndDetails>
		<sDriverFrontEndDetails d:id="292715232">
			<ServiceName>
				<Localisation-cUserLocalisedString>
					<English d:type="cDeltaString">1L22 12:22 Swansea - Paddington</English>
					<French d:type="cDeltaString"></French>
					<Italian d:type="cDeltaString"></Italian>
					<German d:type="cDeltaString"></German>
					<Spanish d:type="cDeltaString"></Spanish>
					<Dutch d:type="cDeltaString"></Dutch>
					<Polish d:type="cDeltaString"></Polish>
					<Russian d:type="cDeltaString"></Russian>
					<Other/>
					<Key d:type="cDeltaString">ede96955-0d67-4254-a1d7-921a20dcc27c</Key>
				</Localisation-cUserLocalisedString>
			</ServiceName>
			<LocoName>
				<Localisation-cUserLocalisedString>
					<English d:type="cDeltaString">Class 800</English>
					<French d:type="cDeltaString"></French>
					<Italian d:type="cDeltaString"></Italian>
					<German d:type="cDeltaString"></German>
					<Spanish d:type="cDeltaString"></Spanish>
					<Dutch d:type="cDeltaString"></Dutch>
					<Polish d:type="cDeltaString"></Polish>
					<Russian d:type="cDeltaString"></Russian>
					<Other/>
					<Key d:type="cDeltaString">99f11653-5535-4305-8afa-a199ffcdd66c</Key>
				</Localisation-cUserLocalisedString>
			</LocoName>
			<LocoBP>
				<iBlueprintLibrary-cAbsoluteBlueprintID>
					<BlueprintSetID>
						<iBlueprintLibrary-cBlueprintSetID>
							<Provider d:type="cDeltaString">DTG</Provider>
							<Product d:type="cDeltaString">Class801Pack01</Product>
						</iBlueprintLibrary-cBlueprintSetID>
					</BlueprintSetID>
					<BlueprintID d:type="cDeltaString">RailVehicles\Electric\Class801\GWR_anrhd\Engine\Class800d_DTSO_nd.xml</BlueprintID>
				</iBlueprintLibrary-cAbsoluteBlueprintID>
			</LocoBP>
			<StartLocation>
				<Localisation-cUserLocalisedString>
					<English d:type="cDeltaString">Swansea Platform 2</English>
					<French d:type="cDeltaString"></French>
					<Italian d:type="cDeltaString"></Italian>
					<German d:type="cDeltaString"></German>
					<Spanish d:type="cDeltaString"></Spanish>
					<Dutch d:type="cDeltaString"></Dutch>
					<Polish d:type="cDeltaString"></Polish>
					<Russian d:type="cDeltaString"></Russian>
					<Other/>
					<Key d:type="cDeltaString">ae2f4c6a-6cd3-4ee9-b2a9-ecce89d5cea0</Key>
				</Localisation-cUserLocalisedString>
			</StartLocation>
			<LocoClass d:type="cDeltaString">LOCO_CLASS_DIESEL</LocoClass>
			<LocoAuthor d:type="cDeltaString">DTG</LocoAuthor>
			<FilePath d:type="cDeltaString">DTG\Class801Pack01\RailVehicles\Electric\Class801\GWR_anrhd\Engine</FilePath>
			<Longitude d:type="sFloat64" d:alt_encoding="7523A53EA9860FC0" d:precision="string">-3.94075</Longitude>
			<Latitude d:type="sFloat64" d:alt_encoding="EB3B93E211D04940" d:precision="string">51.6255</Latitude>
			<Height d:type="sFloat32" d:alt_encoding="0000006030223640" d:precision="string">22.1336</Height>
			<PlayerDriver d:type="bool">0</PlayerDriver>
		</sDriverFrontEndDetails>
		<sDriverFrontEndDetails d:id="292716252">
			<ServiceName>
				<Localisation-cUserLocalisedString>
					<English d:type="cDeltaString">2E22 12:00 Swansea - Pembroke Dock</English>
					<French d:type="cDeltaString"></French>
					<Italian d:type="cDeltaString"></Italian>
					<German d:type="cDeltaString"></German>
					<Spanish d:type="cDeltaString"></Spanish>
					<Dutch d:type="cDeltaString"></Dutch>
					<Polish d:type="cDeltaString"></Polish>
					<Russian d:type="cDeltaString"></Russian>
					<Other/>
					<Key d:type="cDeltaString">4dd04704-1c66-425c-841c-c048d0e12cc3</Key>
				</Localisation-cUserLocalisedString>
			</ServiceName>
			<LocoName>
				<Localisation-cUserLocalisedString>
					<English d:type="cDeltaString">AP Class 150/2 Ex-ATW (Transport for Wales)</English>
					<French d:type="cDeltaString"></French>
					<Italian d:type="cDeltaString"></Italian>
					<German d:type="cDeltaString"></German>
					<Spanish d:type="cDeltaString"></Spanish>
					<Dutch d:type="cDeltaString"></Dutch>
					<Polish d:type="cDeltaString"></Polish>
					<Russian d:type="cDeltaString"></Russian>
					<Other/>
					<Key d:type="cDeltaString">Description</Key>
				</Localisation-cUserLocalisedString>
			</LocoName>
			<LocoBP>
				<iBlueprintLibrary-cAbsoluteBlueprintID>
					<BlueprintSetID>
						<iBlueprintLibrary-cBlueprintSetID>
							<Provider d:type="cDeltaString">AP</Provider>
							<Product d:type="cDeltaString">Class150Pack01</Product>
						</iBlueprintLibrary-cBlueprintSetID>
					</BlueprintSetID>
					<BlueprintID d:type="cDeltaString">RailVehicles\Class150\ATW3_AP\Class150_DMSL.xml</BlueprintID>
				</iBlueprintLibrary-cAbsoluteBlueprintID>
			</LocoBP>
			<StartLocation>
				<Localisation-cUserLocalisedString>
					<English d:type="cDeltaString">Swansea Platform 4</English>
					<French d:type="cDeltaString"></French>
					<Italian d:type="cDeltaString"></Italian>
					<German d:type="cDeltaString"></German>
					<Spanish d:type="cDeltaString"></Spanish>
					<Dutch d:type="cDeltaString"></Dutch>
					<Polish d:type="cDeltaString"></Polish>
					<Russian d:type="cDeltaString"></Russian>
					<Other/>
					<Key d:type="cDeltaString">c580794a-e7b5-4eef-ad13-4a0a630457b9</Key>
				</Localisation-cUserLocalisedString>
			</StartLocation>
			<LocoClass d:type="cDeltaString">LOCO_CLASS_DIESEL</LocoClass>
			<LocoAuthor d:type="cDeltaString">AP</LocoAuthor>
			<FilePath d:type="cDeltaString">AP\Class150Pack01\RailVehicles\Class150\ATW3_AP</FilePath>
			<Longitude d:type="sFloat64" d:alt_encoding="90440F9960860FC0" d:precision="string">-3.94061</Longitude>
			<Latitude d:type="sFloat64" d:alt_encoding="9A64A1390ED04940" d:precision="string">51.6254</Latitude>
			<Height d:type="sFloat32" d:alt_encoding="0000006030223640" d:precision="string">22.1336</Height>
			<PlayerDriver d:type="bool">0</PlayerDriver>
		</sDriverFrontEndDetails>
		<sDriverFrontEndDetails d:id="292712988">
			<ServiceName>
				<Localisation-cUserLocalisedString>
					<English d:type="cDeltaString">1B11 10:48 Paddington - Swansea</English>
					<French d:type="cDeltaString"></French>
					<Italian d:type="cDeltaString"></Italian>
					<German d:type="cDeltaString"></German>
					<Spanish d:type="cDeltaString"></Spanish>
					<Dutch d:type="cDeltaString"></Dutch>
					<Polish d:type="cDeltaString"></Polish>
					<Russian d:type="cDeltaString"></Russian>
					<Other/>
					<Key d:type="cDeltaString">e17bb373-f64a-4a34-a48f-de47f176286b</Key>
				</Localisation-cUserLocalisedString>
			</ServiceName>
			<LocoName>
				<Localisation-cUserLocalisedString>
					<English d:type="cDeltaString">Class 800</English>
					<French d:type="cDeltaString"></French>
					<Italian d:type="cDeltaString"></Italian>
					<German d:type="cDeltaString"></German>
					<Spanish d:type="cDeltaString"></Spanish>
					<Dutch d:type="cDeltaString"></Dutch>
					<Polish d:type="cDeltaString"></Polish>
					<Russian d:type="cDeltaString"></Russian>
					<Other/>
					<Key d:type="cDeltaString">74c6be4d-8cf2-4bb1-8fc5-80b1c47aac5a</Key>
				</Localisation-cUserLocalisedString>
			</LocoName>
			<LocoBP>
				<iBlueprintLibrary-cAbsoluteBlueprintID>
					<BlueprintSetID>
						<iBlueprintLibrary-cBlueprintSetID>
							<Provider d:type="cDeltaString">DTG</Provider>
							<Product d:type="cDeltaString">Class801Pack01</Product>
						</iBlueprintLibrary-cBlueprintSetID>
					</BlueprintSetID>
					<BlueprintID d:type="cDeltaString">RailVehicles\Electric\Class801\GWR_anrhd\Engine\Class800d_DTRBFO.xml</BlueprintID>
				</iBlueprintLibrary-cAbsoluteBlueprintID>
			</LocoBP>
			<StartLocation>
				<Localisation-cUserLocalisedString>
					<English d:type="cDeltaString">Newtown Down Main</English>
					<French d:type="cDeltaString"></French>
					<Italian d:type="cDeltaString"></Italian>
					<German d:type="cDeltaString"></German>
					<Spanish d:type="cDeltaString"></Spanish>
					<Dutch d:type="cDeltaString"></Dutch>
					<Polish d:type="cDeltaString"></Polish>
					<Russian d:type="cDeltaString"></Russian>
					<Other/>
					<Key d:type="cDeltaString">ca56a244-6dc9-4668-a7d4-239fb964a897</Key>
				</Localisation-cUserLocalisedString>
			</StartLocation>
			<LocoClass d:type="cDeltaString">LOCO_CLASS_DIESEL</LocoClass>
			<LocoAuthor d:type="cDeltaString">DTG</LocoAuthor>
			<FilePath d:type="cDeltaString">DTG\Class801Pack01\RailVehicles\Electric\Class801\GWR_anrhd\Engine</FilePath>
			<Longitude d:type="sFloat64" d:alt_encoding="5E90F4448D4F09C0" d:precision="string">-3.16384</Longitude>
			<Latitude d:type="sFloat64" d:alt_encoding="458137945ABD4940" d:precision="string">51.4793</Latitude>
			<Height d:type="sFloat32" d:alt_encoding="00000020A8CF1D40" d:precision="string">7.45279</Height>
			<PlayerDriver d:type="bool">0</PlayerDriver>
		</sDriverFrontEndDetails>
		<sDriverFrontEndDetails d:id="292715504">
			<ServiceName>
				<Localisation-cUserLocalisedString>
					<English d:type="cDeltaString">1B09 09:48 Paddington - Swansea</English>
					<French d:type="cDeltaString"></French>
					<Italian d:type="cDeltaString"></Italian>
					<German d:type="cDeltaString"></German>
					<Spanish d:type="cDeltaString"></Spanish>
					<Dutch d:type="cDeltaString"></Dutch>
					<Polish d:type="cDeltaString"></Polish>
					<Russian d:type="cDeltaString"></Russian>
					<Other/>
					<Key d:type="cDeltaString">c2869362-0165-437a-861c-d5cab34c09ab</Key>
				</Localisation-cUserLocalisedString>
			</ServiceName>
			<LocoName>
				<Localisation-cUserLocalisedString>
					<English d:type="cDeltaString">Class 800</English>
					<French d:type="cDeltaString"></French>
					<Italian d:type="cDeltaString"></Italian>
					<German d:type="cDeltaString"></German>
					<Spanish d:type="cDeltaString"></Spanish>
					<Dutch d:type="cDeltaString"></Dutch>
					<Polish d:type="cDeltaString"></Polish>
					<Russian d:type="cDeltaString"></Russian>
					<Other/>
					<Key d:type="cDeltaString">2d78a336-bf49-4c4c-989b-e51f89dc7545</Key>
				</Localisation-cUserLocalisedString>
			</LocoName>
			<LocoBP>
				<iBlueprintLibrary-cAbsoluteBlueprintID>
					<BlueprintSetID>
						<iBlueprintLibrary-cBlueprintSetID>
							<Provider d:type="cDeltaString">DTG</Provider>
							<Product d:type="cDeltaString">Class801Pack01</Product>
						</iBlueprintLibrary-cBlueprintSetID>
					</BlueprintSetID>
					<BlueprintID d:type="cDeltaString">RailVehicles\Electric\Class801\GWR_anrhd\Engine\Class800d_DTRBFO.xml</BlueprintID>
				</iBlueprintLibrary-cAbsoluteBlueprintID>
			</LocoBP>
			<StartLocation>
				<Localisation-cUserLocalisedString>
					<English d:type="cDeltaString">Bridgend Platform 1</English>
					<French d:type="cDeltaString"></French>
					<Italian d:type="cDeltaString"></Italian>
					<German d:type="cDeltaString"></German>
					<Spanish d:type="cDeltaString"></Spanish>
					<Dutch d:type="cDeltaString"></Dutch>
					<Polish d:type="cDeltaString"></Polish>
					<Russian d:type="cDeltaString"></Russian>
					<Other/>
					<Key d:type="cDeltaString">aa49a577-989e-4cf5-b591-1c264c218d37</Key>
				</Localisation-cUserLocalisedString>
			</StartLocation>
			<LocoClass d:type="cDeltaString">LOCO_CLASS_DIESEL</LocoClass>
			<LocoAuthor d:type="cDeltaString">DTG</LocoAuthor>
			<FilePath d:type="cDeltaString">DTG\Class801Pack01\RailVehicles\Electric\Class801\GWR_anrhd\Engine</FilePath>
			<Longitude d:type="sFloat64" d:alt_encoding="1E1AF2059A9A0CC0" d:precision="string">-3.57549</Longitude>
			<Latitude d:type="sFloat64" d:alt_encoding="92A51A40F5C04940" d:precision="string">51.5075</Latitude>
			<Height d:type="sFloat32" d:alt_encoding="0000008044013840" d:precision="string">24.005</Height>
			<PlayerDriver d:type="bool">0</PlayerDriver>
		</sDriverFrontEndDetails>
		<sDriverFrontEndDetails d:id="292715572">
			<ServiceName>
				<Localisation-cUserLocalisedString>
					<English d:type="cDeltaString">1W60 11:01 Carmarthen - Manchester Piccadilly</English>
					<French d:type="cDeltaString"></French>
					<Italian d:type="cDeltaString"></Italian>
					<German d:type="cDeltaString"></German>
					<Spanish d:type="cDeltaString"></Spanish>
					<Dutch d:type="cDeltaString"></Dutch>
					<Polish d:type="cDeltaString"></Polish>
					<Russian d:type="cDeltaString"></Russian>
					<Other/>
					<Key d:type="cDeltaString">f0634650-070e-4c45-b901-c6fb2ade5941</Key>
				</Localisation-cUserLocalisedString>
			</ServiceName>
			<LocoName>
				<Localisation-cUserLocalisedString>
					<English d:type="cDeltaString">Class 175 Ex-ATW</English>
					<French d:type="cDeltaString"></French>
					<Italian d:type="cDeltaString"></Italian>
					<German d:type="cDeltaString"></German>
					<Spanish d:type="cDeltaString"></Spanish>
					<Dutch d:type="cDeltaString"></Dutch>
					<Polish d:type="cDeltaString"></Polish>
					<Russian d:type="cDeltaString"></Russian>
					<Other/>
					<Key d:type="cDeltaString">9fcf1d6a-9f10-4ca2-b962-c3f70b62523d</Key>
				</Localisation-cUserLocalisedString>
			</LocoName>
			<LocoBP>
				<iBlueprintLibrary-cAbsoluteBlueprintID>
					<BlueprintSetID>
						<iBlueprintLibrary-cBlueprintSetID>
							<Provider d:type="cDeltaString">DTG</Provider>
							<Product d:type="cDeltaString">BristolCardiff</Product>
						</iBlueprintLibrary-cBlueprintSetID>
					</BlueprintSetID>
					<BlueprintID d:type="cDeltaString">RailVehicles\Diesel\Class175_Ex-ATW\DMSL\175_DMSLA_AP_nd.xml</BlueprintID>
				</iBlueprintLibrary-cAbsoluteBlueprintID>
			</LocoBP>
			<StartLocation>
				<Localisation-cUserLocalisedString>
					<English d:type="cDeltaString">Swansea Platform 1</English>
					<French d:type="cDeltaString"></French>
					<Italian d:type="cDeltaString"></Italian>
					<German d:type="cDeltaString"></German>
					<Spanish d:type="cDeltaString"></Spanish>
					<Dutch d:type="cDeltaString"></Dutch>
					<Polish d:type="cDeltaString"></Polish>
					<Russian d:type="cDeltaString"></Russian>
					<Other/>
					<Key d:type="cDeltaString">2e7a50fc-bb1e-43a3-b843-151e6e3d9979</Key>
				</Localisation-cUserLocalisedString>
			</StartLocation>
			<LocoClass d:type="cDeltaString">LOCO_CLASS_DIESEL</LocoClass>
			<LocoAuthor d:type="cDeltaString">DTG</LocoAuthor>
			<FilePath d:type="cDeltaString">DTG\BristolCardiff\RailVehicles\Diesel\Class175_Ex-ATW\DMSL</FilePath>
			<Longitude d:type="sFloat64" d:alt_encoding="F920B072BE860FC0" d:precision="string">-3.94079</Longitude>
			<Latitude d:type="sFloat64" d:alt_encoding="C5E2508212D04940" d:precision="string">51.6256</Latitude>
			<Height d:type="sFloat32" d:alt_encoding="0000006030223640" d:precision="string">22.1336</Height>
			<PlayerDriver d:type="bool">1</PlayerDriver>
		</sDriverFrontEndDetails>
		<sDriverFrontEndDetails d:id="292715708">
			<ServiceName>
				<Localisation-cUserLocalisedString>
					<English d:type="cDeltaString">2F26 11:37 Ebbw Vale - Bridgend</English>
					<French d:type="cDeltaString"></French>
					<Italian d:type="cDeltaString"></Italian>
					<German d:type="cDeltaString"></German>
					<Spanish d:type="cDeltaString"></Spanish>
					<Dutch d:type="cDeltaString"></Dutch>
					<Polish d:type="cDeltaString"></Polish>
					<Russian d:type="cDeltaString"></Russian>
					<Other/>
					<Key d:type="cDeltaString">0902ae96-b538-4449-8378-1f6acc797f7a</Key>
				</Localisation-cUserLocalisedString>
			</ServiceName>
			<LocoName>
				<Localisation-cUserLocalisedString>
					<English d:type="cDeltaString">Class 170 Transport for Wales AP</English>
					<French d:type="cDeltaString"></French>
					<Italian d:type="cDeltaString"></Italian>
					<German d:type="cDeltaString"></German>
					<Spanish d:type="cDeltaString"></Spanish>
					<Dutch d:type="cDeltaString"></Dutch>
					<Polish d:type="cDeltaString"></Polish>
					<Russian d:type="cDeltaString"></Russian>
					<Other/>
					<Key d:type="cDeltaString">Description</Key>
				</Localisation-cUserLocalisedString>
			</LocoName>
			<LocoBP>
				<iBlueprintLibrary-cAbsoluteBlueprintID>
					<BlueprintSetID>
						<iBlueprintLibrary-cBlueprintSetID>
							<Provider d:type="cDeltaString">Thomson</Provider>
							<Product d:type="cDeltaString">Class170Pack01</Product>
						</iBlueprintLibrary-cBlueprintSetID>
					</BlueprintSetID>
					<BlueprintID d:type="cDeltaString">RailVehicles\Class170\GA_AP\Engine\Class170_DMCL-TfW.xml</BlueprintID>
				</iBlueprintLibrary-cAbsoluteBlueprintID>
			</LocoBP>
			<StartLocation>
				<Localisation-cUserLocalisedString>
					<English d:type="cDeltaString"></English>
					<French d:type="cDeltaString"></French>
					<Italian d:type="cDeltaString"></Italian>
					<German d:type="cDeltaString"></German>
					<Spanish d:type="cDeltaString"></Spanish>
					<Dutch d:type="cDeltaString"></Dutch>
					<Polish d:type="cDeltaString"></Polish>
					<Russian d:type="cDeltaString"></Russian>
					<Other/>
					<Key d:type="cDeltaString">7a97b651-0218-4067-9267-0dc89e92b128</Key>
				</Localisation-cUserLocalisedString>
			</StartLocation>
			<LocoClass d:type="cDeltaString">LOCO_CLASS_DIESEL</LocoClass>
			<LocoAuthor d:type="cDeltaString">Thomson</LocoAuthor>
			<FilePath d:type="cDeltaString">Thomson\Class170Pack01\RailVehicles\Class170\GA_AP\Engine</FilePath>
			<Longitude d:type="sFloat64" d:alt_encoding="F65E5C7E4C6409C0" d:precision="string">-3.17397</Longitude>
			<Latitude d:type="sFloat64" d:alt_encoding="BDE801B800BD4940" d:precision="string">51.4766</Latitude>
			<Height d:type="sFloat32" d:alt_encoding="00000060DB5C2240" d:precision="string">9.18136</Height>
			<PlayerDriver d:type="bool">0</PlayerDriver>
		</sDriverFrontEndDetails>
		<sDriverFrontEndDetails d:id="292713464">
			<ServiceName>
				<Localisation-cUserLocalisedString>
					<English d:type="cDeltaString">2L53 10:40 Cheltenham Spa - Maesteg</English>
					<French d:type="cDeltaString"></French>
					<Italian d:type="cDeltaString"></Italian>
					<German d:type="cDeltaString"></German>
					<Spanish d:type="cDeltaString"></Spanish>
					<Dutch d:type="cDeltaString"></Dutch>
					<Polish d:type="cDeltaString"></Polish>
					<Russian d:type="cDeltaString"></Russian>
					<Other/>
					<Key d:type="cDeltaString">44351260-5095-4dcb-8e58-4c3e7c2715ff</Key>
				</Localisation-cUserLocalisedString>
			</ServiceName>
			<LocoName>
				<Localisation-cUserLocalisedString>
					<English d:type="cDeltaString">Class 170 Transport for Wales AP</English>
					<French d:type="cDeltaString"></French>
					<Italian d:type="cDeltaString"></Italian>
					<German d:type="cDeltaString"></German>
					<Spanish d:type="cDeltaString"></Spanish>
					<Dutch d:type="cDeltaString"></Dutch>
					<Polish d:type="cDeltaString"></Polish>
					<Russian d:type="cDeltaString"></Russian>
					<Other/>
					<Key d:type="cDeltaString">Description</Key>
				</Localisation-cUserLocalisedString>
			</LocoName>
			<LocoBP>
				<iBlueprintLibrary-cAbsoluteBlueprintID>
					<BlueprintSetID>
						<iBlueprintLibrary-cBlueprintSetID>
							<Provider d:type="cDeltaString">Thomson</Provider>
							<Product d:type="cDeltaString">Class170Pack01</Product>
						</iBlueprintLibrary-cBlueprintSetID>
					</BlueprintSetID>
					<BlueprintID d:type="cDeltaString">RailVehicles\Class170\GA_AP\Engine\Class170_DMCL-TfW.xml</BlueprintID>
				</iBlueprintLibrary-cAbsoluteBlueprintID>
			</LocoBP>
			<StartLocation>
				<Localisation-cUserLocalisedString>
					<English d:type="cDeltaString">Cardiff Central Platform 3</English>
					<French d:type="cDeltaString"></French>
					<Italian d:type="cDeltaString"></Italian>
					<German d:type="cDeltaString"></German>
					<Spanish d:type="cDeltaString"></Spanish>
					<Dutch d:type="cDeltaString"></Dutch>
					<Polish d:type="cDeltaString"></Polish>
					<Russian d:type="cDeltaString"></Russian>
					<Other/>
					<Key d:type="cDeltaString">d2a7e8d6-cc4e-4099-a9de-1bec14ca6999</Key>
				</Localisation-cUserLocalisedString>
			</StartLocation>
			<LocoClass d:type="cDeltaString">LOCO_CLASS_DIESEL</LocoClass>
			<LocoAuthor d:type="cDeltaString">Thomson</LocoAuthor>
			<FilePath d:type="cDeltaString">Thomson\Class170Pack01\RailVehicles\Class170\GA_AP\Engine</FilePath>
			<Longitude d:type="sFloat64" d:alt_encoding="106447BED97009C0" d:precision="string">-3.1801</Longitude>
			<Latitude d:type="sFloat64" d:alt_encoding="52B8FC2CE2BC4940" d:precision="string">51.4757</Latitude>
			<Height d:type="sFloat32" d:alt_encoding="000000A0FC722840" d:precision="string">12.2246</Height>
			<PlayerDriver d:type="bool">0</PlayerDriver>
		</sDriverFrontEndDetails>
		<sDriverFrontEndDetails d:id="292714212">
			<ServiceName>
				<Localisation-cUserLocalisedString>
					<English d:type="cDeltaString">1V37 08:31 Manchester Piccadilly - Milford Haven</English>
					<French d:type="cDeltaString"></French>
					<Italian d:type="cDeltaString"></Italian>
					<German d:type="cDeltaString"></German>
					<Spanish d:type="cDeltaString"></Spanish>
					<Dutch d:type="cDeltaString"></Dutch>
					<Polish d:type="cDeltaString"></Polish>
					<Russian d:type="cDeltaString"></Russian>
					<Other/>
					<Key d:type="cDeltaString">26682a3b-2891-45b2-ad78-8b7a9011c149</Key>
				</Localisation-cUserLocalisedString>
			</ServiceName>
			<LocoName>
				<Localisation-cUserLocalisedString>
					<English d:type="cDeltaString">Class 175 Ex-ATW</English>
					<French d:type="cDeltaString"></French>
					<Italian d:type="cDeltaString"></Italian>
					<German d:type="cDeltaString"></German>
					<Spanish d:type="cDeltaString"></Spanish>
					<Dutch d:type="cDeltaString"></Dutch>
					<Polish d:type="cDeltaString"></Polish>
					<Russian d:type="cDeltaString"></Russian>
					<Other/>
					<Key d:type="cDeltaString">ead8eed1-6d23-4616-ad19-b12c8665da4f</Key>
				</Localisation-cUserLocalisedString>
			</LocoName>
			<LocoBP>
				<iBlueprintLibrary-cAbsoluteBlueprintID>
					<BlueprintSetID>
						<iBlueprintLibrary-cBlueprintSetID>
							<Provider d:type="cDeltaString">DTG</Provider>
							<Product d:type="cDeltaString">BristolCardiff</Product>
						</iBlueprintLibrary-cBlueprintSetID>
					</BlueprintSetID>
					<BlueprintID d:type="cDeltaString">RailVehicles\Diesel\Class175_Ex-ATW\DMSL\175_DMSL_AP.xml</BlueprintID>
				</iBlueprintLibrary-cAbsoluteBlueprintID>
			</LocoBP>
			<StartLocation>
				<Localisation-cUserLocalisedString>
					<English d:type="cDeltaString">Pontyclun Platform 2</English>
					<French d:type="cDeltaString"></French>
					<Italian d:type="cDeltaString"></Italian>
					<German d:type="cDeltaString"></German>
					<Spanish d:type="cDeltaString"></Spanish>
					<Dutch d:type="cDeltaString"></Dutch>
					<Polish d:type="cDeltaString"></Polish>
					<Russian d:type="cDeltaString"></Russian>
					<Other/>
					<Key d:type="cDeltaString">eab55793-c831-4ed3-ba4f-55c95cc478fa</Key>
				</Localisation-cUserLocalisedString>
			</StartLocation>
			<LocoClass d:type="cDeltaString">LOCO_CLASS_DIESEL</LocoClass>
			<LocoAuthor d:type="cDeltaString">DTG</LocoAuthor>
			<FilePath d:type="cDeltaString">DTG\BristolCardiff\RailVehicles\Diesel\Class175_Ex-ATW\DMSL</FilePath>
			<Longitude d:type="sFloat64" d:alt_encoding="BF086F6F50230BC0" d:precision="string">-3.39224</Longitude>
			<Latitude d:type="sFloat64" d:alt_encoding="52BFED1212C34940" d:precision="string">51.524</Latitude>
			<Height d:type="sFloat32" d:alt_encoding="0000000007DD4440" d:precision="string">41.7268</Height>
			<PlayerDriver d:type="bool">0</PlayerDriver>
		</sDriverFrontEndDetails>
		<sDriverFrontEndDetails d:id="292714688">
			<ServiceName>
				<Localisation-cUserLocalisedString>
					<English d:type="cDeltaString">2B61 11:12 Cardiff Central - Llanelli</English>
					<French d:type="cDeltaString"></French>
					<Italian d:type="cDeltaString"></Italian>
					<German d:type="cDeltaString"></German>
					<Spanish d:type="cDeltaString"></Spanish>
					<Dutch d:type="cDeltaString"></Dutch>
					<Polish d:type="cDeltaString"></Polish>
					<Russian d:type="cDeltaString"></Russian>
					<Other/>
					<Key d:type="cDeltaString">f2209a9f-e338-4c92-b432-fbe7a38bf826</Key>
				</Localisation-cUserLocalisedString>
			</ServiceName>
			<LocoName>
				<Localisation-cUserLocalisedString>
					<English d:type="cDeltaString">AP Class 150/2 Ex-ATW (Transport for Wales)</English>
					<French d:type="cDeltaString"></French>
					<Italian d:type="cDeltaString"></Italian>
					<German d:type="cDeltaString"></German>
					<Spanish d:type="cDeltaString"></Spanish>
					<Dutch d:type="cDeltaString"></Dutch>
					<Polish d:type="cDeltaString"></Polish>
					<Russian d:type="cDeltaString"></Russian>
					<Other/>
					<Key d:type="cDeltaString">Description</Key>
				</Localisation-cUserLocalisedString>
			</LocoName>
			<LocoBP>
				<iBlueprintLibrary-cAbsoluteBlueprintID>
					<BlueprintSetID>
						<iBlueprintLibrary-cBlueprintSetID>
							<Provider d:type="cDeltaString">AP</Provider>
							<Product d:type="cDeltaString">Class150Pack01</Product>
						</iBlueprintLibrary-cBlueprintSetID>
					</BlueprintSetID>
					<BlueprintID d:type="cDeltaString">RailVehicles\Class150\ATW3_AP\Class150_DMS.xml</BlueprintID>
				</iBlueprintLibrary-cAbsoluteBlueprintID>
			</LocoBP>
			<StartLocation>
				<Localisation-cUserLocalisedString>
					<English d:type="cDeltaString">Baglan Platform 1</English>
					<French d:type="cDeltaString"></French>
					<Italian d:type="cDeltaString"></Italian>
					<German d:type="cDeltaString"></German>
					<Spanish d:type="cDeltaString"></Spanish>
					<Dutch d:type="cDeltaString"></Dutch>
					<Polish d:type="cDeltaString"></Polish>
					<Russian d:type="cDeltaString"></Russian>
					<Other/>
					<Key d:type="cDeltaString">2efbf50f-5a47-489a-967f-c85eb27ee6bf</Key>
				</Localisation-cUserLocalisedString>
			</StartLocation>
			<LocoClass d:type="cDeltaString">LOCO_CLASS_DIESEL</LocoClass>
			<LocoAuthor d:type="cDeltaString">AP</LocoAuthor>
			<FilePath d:type="cDeltaString">AP\Class150Pack01\RailVehicles\Class150\ATW3_AP</FilePath>
			<Longitude d:type="sFloat64" d:alt_encoding="5B2A56F4A0790EC0" d:precision="string">-3.80939</Longitude>
			<Latitude d:type="sFloat64" d:alt_encoding="B7CDB2C4A5CE4940" d:precision="string">51.6144</Latitude>
			<Height d:type="sFloat32" d:alt_encoding="000000E061F12040" d:precision="string">8.47145</Height>
			<PlayerDriver d:type="bool">0</PlayerDriver>
		</sDriverFrontEndDetails>
	</FrontEndDriverList>
	<RequiredSet>
		<iBlueprintLibrary-cBlueprintSetID d:id="233576944">
			<Provider d:type="cDeltaString">AP</Provider>
			<Product d:type="cDeltaString">Class150Pack01</Product>
		</iBlueprintLibrary-cBlueprintSetID>
		<iBlueprintLibrary-cBlueprintSetID d:id="233576946">
			<Provider d:type="cDeltaString">AP_Waggonz</Provider>
			<Product d:type="cDeltaString">Class142Pack</Product>
		</iBlueprintLibrary-cBlueprintSetID>
		<iBlueprintLibrary-cBlueprintSetID d:id="233576948">
			<Provider d:type="cDeltaString">DTG</Provider>
			<Product d:type="cDeltaString">BristolCardiff</Product>
		</iBlueprintLibrary-cBlueprintSetID>
		<iBlueprintLibrary-cBlueprintSetID d:id="233576950">
			<Provider d:type="cDeltaString">DTG</Provider>
			<Product d:type="cDeltaString">Class801Pack01</Product>
		</iBlueprintLibrary-cBlueprintSetID>
		<iBlueprintLibrary-cBlueprintSetID d:id="233576952">
			<Provider d:type="cDeltaString">JustTrains</Provider>
			<Product d:type="cDeltaString">Class153</Product>
		</iBlueprintLibrary-cBlueprintSetID>
		<iBlueprintLibrary-cBlueprintSetID d:id="233576954">
			<Provider d:type="cDeltaString">Kuju</Provider>
			<Product d:type="cDeltaString">RailSimulator</Product>
		</iBlueprintLibrary-cBlueprintSetID>
		<iBlueprintLibrary-cBlueprintSetID d:id="233576956">
			<Provider d:type="cDeltaString">RSC</Provider>
			<Product d:type="cDeltaString">RivieraLine</Product>
		</iBlueprintLibrary-cBlueprintSetID>
		<iBlueprintLibrary-cBlueprintSetID d:id="233576958">
			<Provider d:type="cDeltaString">Thomson</Provider>
			<Product d:type="cDeltaString">Class170Pack01</Product>
		</iBlueprintLibrary-cBlueprintSetID>
	</RequiredSet>
	<Gizmo>
		<cOwnedEntity d:id="207541266">
			<Component>
				<cEditorSceneryRender d:id="160410138">
					<DetailLevel d:type="sInt32">10</DetailLevel>
					<Global d:type="bool">0</Global>
					<Saved d:type="bool">1</Saved>
					<Palette0Index d:type="sUInt8">0</Palette0Index>
					<Palette1Index d:type="sUInt8">0</Palette1Index>
					<Palette2Index d:type="sUInt8">0</Palette2Index>
				</cEditorSceneryRender>
				<cPosOri d:id="33211512">
					<Scale d:numElements="4" d:elementType="sFloat32" d:precision="string">1.0000000 1.0000000 1.0000000 0.0000000</Scale>
					<RFarMatrix>
						<cFarMatrix d:id="33211518">
							<Height d:type="sFloat32" d:alt_encoding="00000000F0163640" d:precision="string">22.0896</Height>
							<RXAxis d:numElements="4" d:elementType="sFloat32" d:precision="string">1.0000000 0.0000000 0.0000000 0.0000000</RXAxis>
							<RYAxis d:numElements="4" d:elementType="sFloat32" d:precision="string">0.0000000 1.0000000 0.0000000 0.0000000</RYAxis>
							<RZAxis d:numElements="4" d:elementType="sFloat32" d:precision="string">0.0000000 0.0000000 1.0000000 0.0000000</RZAxis>
							<RFarPosition>
								<cFarVector2 d:id="33211525">
									<X>
										<cFarCoordinate>
											<RouteCoordinate>
												<cRouteCoordinate>
													<Distance d:type="sInt32">-79</Distance>
												</cRouteCoordinate>
											</RouteCoordinate>
											<TileCoordinate>
												<cTileCoordinate>
													<Distance d:type="sFloat32" d:alt_encoding="00000060B8FA7640" d:precision="string">367.67</Distance>
												</cTileCoordinate>
											</TileCoordinate>
										</cFarCoordinate>
									</X>
									<Z>
										<cFarCoordinate>
											<RouteCoordinate>
												<cRouteCoordinate>
													<Distance d:type="sInt32">4</Distance>
												</cRouteCoordinate>
											</RouteCoordinate>
											<TileCoordinate>
												<cTileCoordinate>
													<Distance d:type="sFloat32" d:alt_encoding="00000060107E8B40" d:precision="string">879.758</Distance>
												</cTileCoordinate>
											</TileCoordinate>
										</cFarCoordinate>
									</Z>
								</cFarVector2>
							</RFarPosition>
						</cFarMatrix>
					</RFarMatrix>
				</cPosOri>
				<cScriptComponent d:id="161357552">
					<DebugDisplay d:type="bool">1</DebugDisplay>
					<StateName d:type="cDeltaString"></StateName>
				</cScriptComponent>
			</Component>
			<BlueprintID>
				<iBlueprintLibrary-cAbsoluteBlueprintID>
					<BlueprintSetID>
						<iBlueprintLibrary-cBlueprintSetID>
							<Provider d:type="cDeltaString">Kuju</Provider>
							<Product d:type="cDeltaString">RailSimulatorCore</Product>
						</iBlueprintLibrary-cBlueprintSetID>
					</BlueprintSetID>
					<BlueprintID d:type="cDeltaString">Editor\Gizmo\Scenario Markers\Standard Scenario Marker.xml</BlueprintID>
				</iBlueprintLibrary-cAbsoluteBlueprintID>
			</BlueprintID>
			<ReskinBlueprintID>
				<iBlueprintLibrary-cAbsoluteBlueprintID>
					<BlueprintSetID>
						<iBlueprintLibrary-cBlueprintSetID>
							<Provider d:type="cDeltaString"></Provider>
							<Product d:type="cDeltaString"></Product>
						</iBlueprintLibrary-cBlueprintSetID>
					</BlueprintSetID>
					<BlueprintID d:type="cDeltaString"></BlueprintID>
				</iBlueprintLibrary-cAbsoluteBlueprintID>
			</ReskinBlueprintID>
			<Name d:type="cDeltaString">Standard Scenario Marker</Name>
			<EntityID>
				<cGUID>
					<UUID>
						<e d:type="sUInt64">5533461645920619452</e>
						<e d:type="sUInt64">7812438400837486268</e>
					</UUID>
					<DevString d:type="cDeltaString">a758cbbc-ce0c-4cca-bc06-8a5f555b6b6c</DevString>
				</cGUID>
			</EntityID>
		</cOwnedEntity>
	</Gizmo>
	<SimulationTime d:type="sFloat32" d:alt_encoding="0000000000000000" d:precision="string">0</SimulationTime>
	<AuthoredLanguage d:type="cDeltaString">en</AuthoredLanguage>
	<Version d:type="sFloat32" d:alt_encoding="000000000000F03F" d:precision="string">1</Version>
	<Author d:type="cDeltaString">Cynx</Author>
	<DispatcherVersion d:type="cDeltaString">V1</DispatcherVersion>
	<RBlueprintSetPreLoad>
		<iBlueprintLibrary-cBlueprintSetID d:id="32821406">
			<Provider d:type="cDeltaString">DTG</Provider>
			<Product d:type="cDeltaString">Class801Pack01</Product>
		</iBlueprintLibrary-cBlueprintSetID>
		<iBlueprintLibrary-cBlueprintSetID d:id="32821408">
			<Provider d:type="cDeltaString">AP</Provider>
			<Product d:type="cDeltaString">Class150Pack01</Product>
		</iBlueprintLibrary-cBlueprintSetID>
		<iBlueprintLibrary-cBlueprintSetID d:id="32821410">
			<Provider d:type="cDeltaString">Thomson</Provider>
			<Product d:type="cDeltaString">Class170Pack01</Product>
		</iBlueprintLibrary-cBlueprintSetID>
		<iBlueprintLibrary-cBlueprintSetID d:id="32821412">
			<Provider d:type="cDeltaString">AP</Provider>
			<Product d:type="cDeltaString">C170EP</Product>
		</iBlueprintLibrary-cBlueprintSetID>
		<iBlueprintLibrary-cBlueprintSetID d:id="32821414">
			<Provider d:type="cDeltaString">AP_Waggonz</Provider>
			<Product d:type="cDeltaString">Class142Pack</Product>
		</iBlueprintLibrary-cBlueprintSetID>
		<iBlueprintLibrary-cBlueprintSetID d:id="32821416">
			<Provider d:type="cDeltaString">RSC</Provider>
			<Product d:type="cDeltaString">RivieraLine</Product>
		</iBlueprintLibrary-cBlueprintSetID>
		<iBlueprintLibrary-cBlueprintSetID d:id="32821418">
			<Provider d:type="cDeltaString">Kuju</Provider>
			<Product d:type="cDeltaString">RailSimulator</Product>
		</iBlueprintLibrary-cBlueprintSetID>
		<iBlueprintLibrary-cBlueprintSetID d:id="32821420">
			<Provider d:type="cDeltaString">JustTrains</Provider>
			<Product d:type="cDeltaString">Class153</Product>
		</iBlueprintLibrary-cBlueprintSetID>
		<iBlueprintLibrary-cBlueprintSetID d:id="32821422">
			<Provider d:type="cDeltaString">AP</Provider>
			<Product d:type="cDeltaString">C43MTUEP</Product>
		</iBlueprintLibrary-cBlueprintSetID>
	</RBlueprintSetPreLoad>
	<NamedEntity/>
	<Condition/>
	<DeferredEvent/>
	<CheckedCondition/>
	<CareerRules>
		<d:nil/>
	</CareerRules>
	<MD5 d:type="cDeltaString">95FAE13BD3AA0FECD5759F3A6D57247F</MD5>
	<MessageEvent/>
	<SimpleControlsOnly d:type="bool">0</SimpleControlsOnly>
	<ExpertControlsOnly d:type="bool">0</ExpertControlsOnly>
	<LocksScenario/>
	<StartDestString/>
	<TemplateStartDestMapping/>
	<IsTemplateGenerated d:type="bool">0</IsTemplateGenerated>
	<TemplateScenarioGUID>
		<cGUID>
			<UUID>
				<e d:type="sUInt64">0</e>
				<e d:type="sUInt64">0</e>
			</UUID>
			<DevString d:type="cDeltaString">00000000-0000-0000-0000-000000000000</DevString>
		</cGUID>
	</TemplateScenarioGUID>
	<WorkshopId d:type="sUInt64">0</WorkshopId>
	<WorkshopBy d:type="sUInt64">0</WorkshopBy>
	<WorkshopTags d:type="cDeltaString"></WorkshopTags>
	<StartInCab d:type="bool">0</StartInCab>
	<IsClonedDLC d:type="bool">0</IsClonedDLC>
	<StartLongitude d:type="sFloat64" d:alt_encoding="0000000000000000" d:precision="string">0</StartLongitude>
	<StartLatitude d:type="sFloat64" d:alt_encoding="0000000000000000" d:precision="string">0</StartLatitude>
	<StartHeight d:type="sFloat32" d:alt_encoding="0000000000000000" d:precision="string">0</StartHeight>
	<QuickDriveStartName d:type="cDeltaString"></QuickDriveStartName>
	<QuickDriveEndName d:type="cDeltaString"></QuickDriveEndName>
	<QuickDrivePlayerConsistName d:type="cDeltaString"></QuickDrivePlayerConsistName>
</cScenarioProperties>
