Day,Loco1,Loco2,Loco3,Loco4,From,To,Headcode,Train,TrainStartDay,Mileage
Monday,37017,,,,Ely,London Liverpool St,1N51,2247 Norwich - Liverpool St,Sunday,72.80
Monday,Taxi,,,,London Liverpool St,London Victoria,,,,
Monday,73121,,,,London Victoria,Ramsgate,1S02,0300 Victoria - Ramsgate,Monday,79.26
Monday,SR EMU,,,,Ramsgate,Ashford,2W14,0606 Ramsgate - Charing Cross,Monday,42.89
Monday,SR EMU,,,,Ashford,London Cannon St,2W07,0632 Margate - Cannon St via Canterbury,Monday,54.96
Monday,Tube,,,,London Cannon St,London Paddington,,,,
Monday,47501,,,,London Paddington,Llanelli,1C16,0927 Paddington - Fishguard Harbour,Monday,199.19
Monday,DMU,,,,Llanelli,Swansea,2C67,1135 Milford Haven - Swansea,Monday,11.28
Monday,HST,,,,Swansea,Cardiff Central,1A13,1342 Swansea - Paddington,Monday,45.71
Monday,116 DMU,,,,Cardiff Central,Abercynon,2C83,1428 Barry Island  - Abercynon,Monday,15.95
Monday,116 DMU,,,,Abercynon,Merthyr Tydfil,2C83,1545 Cardiff C - Merthyr Tydfil,Monday,8.29
Monday,116 DMU,,,,Merthyr Tydfil,Barry Island,2C72,1655 Merthyr Tydfil - Barry Island,Monday,33.31
Monday,116 DMU,,,,Barry Island,Cardiff Central,2C72,1830 Barry Island - Cardiff C,Monday,9.08
Monday,116 DMU,,,,Cardiff Central,Treherbert,2C80,1900 Barry Island - Treherbert,Monday,23.28
Monday,116 DMU,,,,Treherbert,Cardiff Central,2C72,2035 Treherbert - Barry Island,Monday,23.28
Monday,37287,,,,Cardiff Central,Bristol Temple Meads,2B76,2140 Cardiff - Bristol TM,Monday,38.04
Tuesday,37192,,,,Bristol Temple Meads,Swansea,1C02,0124 Bristol TM - Milford Haven,Tuesday,83.75
Tuesday,37190,,,,Swansea,Carmarthen,1C02,0124 Bristol TM - Milford Haven,Tuesday,31.59
Tuesday,37185,,,,Carmarthen,Milford Haven,1C02,0124 Bristol TM - Milford Haven,Tuesday,40.03
Tuesday,37185,,,,Milford Haven,Clarbeston Road,2C53,0730 Milford Haven - Swansea,Tuesday,13.76
Tuesday,47561,,,,Clarbeston Road,Milford Haven,1C04,0050 Paddington - Milford Haven,Tuesday,13.76
Tuesday,47561,,,,Milford Haven,Swansea,2C61,0940 Milford Haven - Swansea,Tuesday,71.61
Tuesday,HST,,,,Swansea,London Paddington,1A65,1142 Swansea - Paddington,Tuesday,190.84
Tuesday,Tube,,,,London Paddington,London Victoria,,,,
Tuesday,SR EMU,,,,London Victoria,East Croydon,2N31,1500 Victoria - Bognor Regis,Tuesday,10.48
Tuesday,SR EMU,,,,East Croydon,Caterham,2T85,1450 Charing Cross - Caterham,Tuesday,7.73
Tuesday,SR EMU,,,,Caterham,Purley,2T24,1552 Caterham - London Bridge,Tuesday,4.74
Tuesday,SR EMU,,,,Purley,Tattenham Corner,2T91,1520 Charing Cross - Tattenham Corner,Tuesday,8.30
Tuesday,SR EMU,,,,Tattenham Corner,Purley,2T34,1635 Tattenham Corner - London Bridge,Tuesday,8.30
Tuesday,SR EMU,,,,Purley,East Croydon,2T32,1642 Caterham - London Bridge,Tuesday,3.01
Tuesday,25168,25260,,,East Croydon,Rugby,1Z10,1640 Eastbourne - Rugby rtn ADEX,Tuesday,94.43
Tuesday,310 EMU,,,,Rugby,London Euston,2A06,1921 Birmingham NS - Euston,Tuesday,84.84
Tuesday,Walk,,,,London Euston,London St Pancras,,,,
Tuesday,45142,,,,London St Pancras,Wellingborough,1D19,2305 St Pancras - Nottingham,Tuesday,65.13
Wednesday,45142,,,,Wellingborough,Leicester,1D19,2305 St Pancras - Nottingham,Tuesday,33.95
Wednesday,47052,,,,Leicester,Whitby,1Z18,0719 Leicester - Whitby ADEX,Wednesday,186.86
Wednesday,101 DMU,,,,Whitby,Middlesbrough,2N84,1438 Whitby - Middlesbrough,Wednesday,35.15
Wednesday,101 DMU,,,,Middlesbrough,Darlington,2N50,1555 Saltburn - Darlington,Wednesday,14.99
Wednesday,101 DMU,,,,Darlington,Bishop Auckland,2N64,1710 Darlington - Bishop Auckland,Wednesday,12.03
Wednesday,101 DMU,,,,Bishop Auckland,Darlington,2N64,1744 Bishop Auckland - Darlington,Wednesday,12.03
Wednesday,HST,,,,Darlington,Edinburgh Waverley,1S32,1600 Kings Cross - Edinburgh,Wednesday,160.50
Wednesday,101 DMU,,,,Edinburgh Waverley,Cowdenbeath,2C25,2118 Edinburgh - Cowdenbeath,Wednesday,22.53
Wednesday,101 DMU,,,,Cowdenbeath,Edinburgh Waverley,2G34,2222 Cowdenbeath - Edinburgh,Wednesday,22.53
Wednesday,47209,,,,Edinburgh Waverley,Perth,1P04,2305 Edinburgh - Perth,Wednesday,69.41
Thursday,47149,,,,Perth,Rose Street Jn,1N05,2330 Glasgow Qn St - Inverness,Wednesday,118.15
Thursday,08738,,,,Rose Street Jn,Inverness,1N05,2330 Glasgow Qn St - Inverness,Wednesday,0.25
Thursday,26042,,,,Inverness,Wick,2K03,0615 Inverness - Wick,Thursday,161.40
Thursday,26042,,,,Wick,Inverness,2N26,1145 Wick - Inverness,Thursday,161.40
Thursday,26026,,,,Inverness,Kyle of Lochalsh,2K14,1805 Inverness - Kyle of Lochalsh,Thursday,82.47
Friday,26026,,,,Kyle of Lochalsh,Inverness,2N12,0700 Kyle of Lochalsh - Inverness,Friday,82.48
Friday,47273,,,,Inverness,Perth,1G57,1022 Inverness - Edinburgh,Friday,118.15
Friday,37051,27020,,,Perth,Glasgow Queen St,2T31,1339 Dundee - Glasgow Qn St,Friday,62.78
Friday,107 DMU,,,,Glasgow Queen St,Haymarket,2G81,1614 Glasgow Qn St - Edinburgh,Friday,47.00
Friday,101 DMU,,,,Haymarket,Dundee,2L54,1724 Edinburgh - Dundee,Friday,57.95
Friday,47417,,,,Dundee,Edinburgh Waverley,1G20,1823 Aberdeen - Edinburgh,Friday,59.18
Friday,101 DMU,,,,Edinburgh Waverley,Linlithgow,2H70,2117 Edinburgh - Stirling,Friday,17.56
Friday,107 DMU,,,,Linlithgow,Edinburgh Waverley,2G27,2114 Glasgow Qn St - Edinburgh,Friday,17.56
Friday,47406,,,,Edinburgh Waverley,Berwick Upon Tweed,1E40,1925 Aberdeen - Kings Cross,Friday,57.39
Saturday,31196,31303,,,Berwick Upon Tweed,Amlwch,1Z04,0627 The 'Amlwch Huntsman' Railtour,Saturday,335.85
Saturday,31196,31303,,,Amlwch,York,1Z05,1503 The 'Amlwch Huntsman' Railtour,Saturday,188.64
Saturday,47166,,,,York,Sheffield,2J12,1925 Scarborough - Sheffield,Saturday,46.39
Saturday,DMU,,,,Sheffield,Manchester Picc. Main,1M57,2206 Sheffield - Manchester Picc.,Saturday,42.04
Saturday,86254,,,,Manchester Picc. Main,Crewe,1O52,2330 Manchester Picc. - Brighton,Saturday,30.89
Sunday,86254,,,,Crewe,Mitre Bridge Jn,1O52,2330 Manchester Picc. - Brighton,Saturday,161.38
Sunday,47087,,,,Mitre Bridge Jn,Brighton,1O52,2330 Manchester Picc. - Brighton,Saturday,54.28
Sunday,SR EMU,,,,Brighton,Portsmouth Hbr.,2J09,0619 Brighton - Portsmouth H,Sunday,45.76
Sunday,33111,,,,Portsmouth Hbr.,Eastleigh,2V29,0808 Portsmouth H - Reading,Sunday,22.00
Sunday,SR EMU,,,,Eastleigh,Southampton,1B03,0859 Eastleigh - Bournemouth,Sunday,5.64
Sunday,430 EMU,,,,Southampton,Bournemouth,1W11,0830 Waterloo - Weymouth,Sunday,28.80
Sunday,33119,,,,Bournemouth,Weymouth,1W11,0830 Waterloo - Weymouth,Sunday,34.79
Sunday,33119,,,,Weymouth,Bournemouth,1W24,1154 Weymouth - Waterloo,Sunday,34.79
Sunday,47178,,,,Bournemouth,Reading,1Z47,1338 Poole - Sheffield (Relief),Sunday,75.63
Sunday,47310,,,,Reading,Birmingham New St,1Z47,1338 Poole - Sheffield (Relief),Sunday,94.13
Sunday,37306,,,,Birmingham New St,Sheffield,1Z47,1338 Poole - Sheffield (Relief),Sunday,77.63
Sunday,45126,,,,Sheffield,Leeds,1E45,1700 St Pancras - Leeds,Sunday,38.16
Sunday,110 DMU,,,,Leeds,Manchester Vic.,2M92,2135 Leeds - Manchester Vic.,Sunday,47.38
Sunday,47360,,,,Manchester Vic.,Liverpool Lime St,1M73,1700 Edinburgh - Liverpool,Sunday,31.69
