Day,Loco1,Loco2,Loco3,Loco4,From,To,Headcode,Train,TrainStartDay,Mileage
Monday,46035,,,,Retford HL,London Kings Cross,1A40,2128 Newcastle - Kings Cross,Sunday,138.63
Monday,31407,,,,London Kings Cross,Doncaster,1L01,0405 Kings Cross - Leeds,Monday,155.94
Monday,31191,,,,Doncaster,Morecambe,1Z68,0833 Doncaster - Morecambe ADEX,Monday,108.50
Monday,DMU,,,,Morecambe,Lancaster,2P97,1130 Morecambe - Lancaster,Monday,4.24
Monday,47565,,,,Lancaster,Barrow-in-Furness,1P11,1046 Liverpool - Barrow,Monday,34.81
Monday,108 DMU,,,,Barrow-in-Furness,Carlisle,2P59,1313 Barrow - Carlisle,Monday,85.71
Monday,86321,,,,Carlisle,Preston,1M29,1502 Glasgow Central - Manchester Vic.,Monday,90.09
Monday,40141,,,,Preston,Manchester Vic.,1M29,1502 Glasgow Central - Manchester Vic.,Monday,30.83
Monday,104 DMU,,,,Manchester Vic.,Blackburn,2P73,1856 Manchester Vic. - Blackburn,Monday,24.54
Monday,105 DMU,,,,Blackburn,Colne,2P57,1930 Preston - Colne,Monday,16.99
Monday,105 DMU,,,,Colne,Preston,2P57,2046 Colne - Preston,Monday,29.13
Monday,47536,,,,Preston,Blackpool North,2P64,2113 Manchester Vic. - Blackpool N.,Monday,17.61
Tuesday,104 DMU,,,,Blackpool North,Preston,2P59,0518 Blackpool N. - Preston,Tuesday,17.61
Tuesday,108 DMU,,,,Preston,Lancaster,2P92,0645 Preston - Barrow,Tuesday,20.98
Tuesday,47189,,,,Lancaster,Barry Island,1Z38,0745 Lancaster - Barry Island ADEX,Tuesday,242.86
Tuesday,116 DMU,,,,Barry Island,Cardiff Central,2C83,1328 Barry Island - Merthyr Tydfil,Tuesday,9.08
Tuesday,HST,,,,Cardiff Central,London Paddington,1A05,1410 Cardiff - Paddington,Tuesday,145.13
Tuesday,Tube,,,,London Paddington,London Euston,,,,
Tuesday,Tube,,,,London Euston,London Paddington,,,,
Tuesday,47079,,,,London Paddington,Newbury,1A26,1706 Paddington - Newbury,Tuesday,53.01
Tuesday,50033,,,,Newbury,Westbury,1B32,1752 Paddington - Westbury,Tuesday,42.49
Tuesday,DMU,,,,Westbury,Frome,2B51,1953 Westbury - Frome,Tuesday,5.75
Tuesday,DMU,,,,Frome,Westbury,2B75,2015 Frome - Westbury,Tuesday,5.75
Tuesday,HST,,,,Westbury,Plymouth,1B50,1925 Paddington - Plymouth,Tuesday,129.86
Wednesday,50042,31412,,,Plymouth,Newton Abbot,1A07,2135 Penzance - Paddington,Tuesday,31.88
Wednesday,50042,,,,Newton Abbot,Bristol Temple Meads,1A07,2135 Penzance - Paddington,Tuesday,95.68
Wednesday,50047,,,,Bristol Temple Meads,London Paddington,1A09,2205 Milford Haven - Paddington,Tuesday,118.33
Wednesday,DMU,,,,London Paddington,Ealing Broadway,2A21,0656 Paddington - Reading,Wednesday,5.64
Wednesday,DMU,,,,Ealing Broadway,Greenford,,0716 Ealing Broadway - Greenford,Wednesday,3.38
Wednesday,DMU,,,,Greenford,Ealing Broadway,,0735 Greenford - Ealing Broadway,Wednesday,3.38
Wednesday,DMU,,,,Ealing Broadway,Slough,2A44,0736 Paddington - Reading,Wednesday,12.75
Wednesday,47063,,,,Slough,London Paddington,1A23,0703 Oxford - Paddington,Wednesday,18.39
Wednesday,DMU,,,,London Paddington,Slough,2A58,0836 Paddington - Reading,Wednesday,18.39
Wednesday,DMU,,,,Slough,Windsor & Eton Central,2A03,0905 Slough - Windsor & Eton C,Wednesday,2.79
Wednesday,Walk,,,,Windsor & Eton Central,Windsor & Eton R'side,,,,
Wednesday,SR EMU,,,,Windsor & Eton R'side,London Waterloo,2U28,0940 Windsor & Eton R - Waterloo,Wednesday,25.60
Wednesday,508 EMU,,,,London Waterloo,Shepperton,2H21,1034 Waterloo - Shepperton,Wednesday,20.88
Wednesday,508 EMU,,,,Shepperton,Wimbledon,2H22,1126 Shepperton - Waterloo,Wednesday,13.64
Wednesday,SR EMU,,,,Wimbledon,Hampton Court,,1156 Waterloo - Hampton Court,Wednesday,7.71
Wednesday,SR EMU,,,,Hampton Court,Wimbledon,,1244 Hampton Court - Waterloo,Wednesday,7.71
Wednesday,SR EMU,,,,Wimbledon,Sutton,2P43,1242 London Bridge - Sutton via Wimbledon,Wednesday,5.39
Wednesday,SR EMU,,,,Sutton,Tulse Hill,2P43,1330 Sutton - London Bridge via Mitcham,Wednesday,8.85
Wednesday,SR EMU,,,,Tulse Hill,West Croydon,2T93,1335 Holborn Viaduct - West Croydon,Wednesday,7.03
Wednesday,SR EMU,,,,West Croydon,Wimbledon,2A43,1420 West Croydon - Wimbledon,Wednesday,6.28
Wednesday,SR EMU,,,,Wimbledon,London Waterloo,2F38,1414 Effingham Jn - Waterloo,Wednesday,7.24
Wednesday,Tube,,,,London Waterloo,London Fenchurch Street,,,,
Wednesday,Tube,,,,London Fenchurch Street,London Paddington,,,,
Wednesday,Tube,,,,London Paddington,London Kings Cross,,,,
Wednesday,47052,,,,London Kings Cross,Peterborough,1B21,1717 Kings Cross - Peterborough,Wednesday,76.36
Wednesday,33001,,,,Peterborough,Kidsgrove,1Z21,1700 Yarmouth - Kidsgrove rtn ADEX,Wednesday,124.53
Wednesday,120 DMU,,,,Kidsgrove,Crewe,2M84,2033 Lincoln St M - Crewe,Wednesday,8.59
Thursday,83009,,,,Crewe,Stockport,1E24,2250 Shrewsbury - York,Wednesday,25.01
Thursday,40085,,,,Stockport,Leeds,1E24,2250 Shrewsbury - York,Wednesday,42.98
Thursday,DMU,,,,Leeds,Selby,2L71,0540 Leeds - Selby,Thursday,20.69
Thursday,DMU,,,,Selby,York,2L49,0625 Doncaster - York,Thursday,13.83
Thursday,101 DMU,,,,York,Newcastle,1N86,0706 York - Newcastle,Thursday,80.64
Thursday,47408,,,,Newcastle,Northallerton,1M67,0918 Newcastle - Liverpool,Thursday,50.29
Thursday,47509,,,,Northallerton,Durham,1E94,0805 Liverpool - Newcastle,Thursday,36.20
Thursday,45044,,,,Durham,Darlington,1V91,1143 Newcastle - Bristol TM,Thursday,22.05
Thursday,101 DMU,,,,Darlington,Saltburn,2N50,1250 Darlington - Saltburn,Thursday,27.70
Thursday,101 DMU,,,,Saltburn,Middlesbrough,2N50,1415 Saltburn - Darlington,Thursday,12.71
Thursday,101 DMU,,,,Middlesbrough,Newcastle,2N54,1548 Middlesbrough - Newcastle,Thursday,47.33
Thursday,DMU,,,,Newcastle,Hexham,2N60,1725 Newcastle - Hexham,Thursday,20.85
Thursday,DMU,,,,Hexham,Carlisle,2M72,1745 Newcastle - Carlisle,Thursday,39.40
Thursday,86323,,,,Carlisle,Preston,1M55,1810 Edinburgh - Liverpool,Thursday,90.09
Thursday,47437,,,,Preston,Liverpool Lime St,1M55,1810 Edinburgh - Liverpool,Thursday,37.83
Thursday,DMU,,,,Liverpool Lime St,Wigan North Western,2F50,2250 Liverpool - Wigan,Thursday,20.10
Friday,85016,,,,Wigan North Western,Carlisle,1S06,2055 Euston - Stranraer,Thursday,105.21
Friday,86215,,,,Carlisle,Mossend Yard,1S07,2150 Euston - Inverness/Ft William,Thursday,91.41
Friday,37043,,,,Mossend Yard,Cowlairs Signalbox,1T02,0420 Mossend - Queen Street (Mallaig),Thursday,12.15
Friday,25230,,,,Cowlairs Signalbox,Glasgow Queen St,1T02,0420 Mossend - Queen Street,Thursday,1.84
Friday,47703,,,,Glasgow Queen St,Edinburgh Waverley,2O01,0630 Glasgow Qn St - Edinburgh,Friday,47.26
Friday,HST,,,,Edinburgh Waverley,Berwick Upon Tweed,1E03,0815 Edinburgh - Kings Cross,Friday,57.39
Friday,37128,,,,Berwick Upon Tweed,Edinburgh Waverley,1S14,0810 Newcastle - Edinburgh,Friday,57.39
Friday,47411,,,,Edinburgh Waverley,Carstairs,1C91,1025 Edinburgh - Manchester Vic.,Friday,28.46
Friday,86225,,,,Carstairs,Preston,1M28,1045 Glasgow Central - Manchester Vic.,Friday,163.75
Friday,40095,,,,Preston,Manchester Vic.,1M28,1045 Glasgow Central - Manchester Vic.,Friday,30.83
Friday,Walk,,,,Manchester Vic.,Manchester Picc. Main,,,,
Friday,86223,,,,Manchester Picc. Main,London Euston,1A59,1512 Manchester Picc. - Euston,Friday,188.89
Friday,Walk,,,,London Euston,London St Pancras,,,,
Friday,25190,25251,,,London St Pancras,Leicester,1Z21,1958 The 'Cornishman' Railtour,Friday,99.08
Friday,20067,20177,,,Leicester,Birmingham New St,1Z21,2200 The 'Cornishman' Railtour,Friday,39.85
Friday,40155,,,,Birmingham New St,Cheltenham Spa,1Z21,2313 The 'Cornishman' Railtour,Friday,55.81
Saturday,40155,,,,Cheltenham Spa,Bristol Temple Meads,1Z21,2313 The 'Cornishman' Railtour,Friday,44.46
Saturday,37190,37267,,,Bristol Temple Meads,Plymouth,1Z21,0156 The 'Cornishman' Railtour,Friday,127.55
Saturday,37274,37206,,,Plymouth,Falmouth,1Z21,0414 The 'Cornishman' Railtour,Friday,65.45
Saturday,37274,37206,,,Falmouth,Parkandillack,1Z21,0613 The 'Cornishman' Railtour,Friday,28.90
Saturday,37274,37206,,,Parkandillack,Carne Point,1Z21,0756 The 'Cornishman' Railtour,Friday,21.00
Saturday,37274,37206,,,Carne Point,Plymouth,1Z21,0932 The 'Cornishman' Railtour,Friday,35.08
Saturday,37190,37267,,,Plymouth,Heathfield,1Z21,1105 The 'Cornishman' Railtour,Friday,36.61
Saturday,37190,37267,,,Heathfield,Newton Abbot,1Z21,1240 The 'Cornishman' Railtour,Friday,4.74
Saturday,37190,37267,,,Newton Abbot,Bristol Temple Meads,1Z21,1332 The 'Cornishman' Railtour,Friday,95.68
Saturday,40155,,,,Bristol Temple Meads,Worcester SH,1Z21,1526 The 'Cornishman' Railtour,Friday,66.41
Saturday,DMU,,,,Worcester SH,Great Malvern,2B48,1703 Worcester SH - Great Malvern,Saturday,8.58
Saturday,46008,,,,Great Malvern,Hereford,1C40,1500 Paddington - Hereford,Saturday,20.78
Saturday,DMU,,,,Hereford,Crewe,2M67,2020 Hereford - Crewe,Saturday,83.74
Saturday,304 EMU,,,,Crewe,Manc'r Oxford Rd,2H62,2252 Crewe - Altrincham,Saturday,31.43
Sunday,304 EMU,,,,Manc'r Oxford Rd,Altrincham,2H62,2252 Crewe - Altrincham,Saturday,7.95
Sunday,DMU,,,,Altrincham,Crewe,2D90,0830 Manchester Picc. - Llandudno,Sunday,26.26
Sunday,47468,,,,Crewe,Manchester Picc. Main,1H03,0830 Birmingham NS - Manchester Picc.,Sunday,30.89
Sunday,104 DMU,,,,Manchester Picc. Main,Buxton,2H71,1102 Manchester Picc. - Buxton,Sunday,25.80
Sunday,104 DMU,,,,Buxton,Manchester Picc. Main,2H71,1208 Buxton - Manchester Picc.,Sunday,25.80
Sunday,Walk,,,,Manchester Picc. Main,Manchester Vic.,,,,
Sunday,40091,,,,Manchester Vic.,Newcastle,1E99,1240 Liverpool - Newcastle,Sunday,148.66
Sunday,45146,,,,Newcastle,Sheffield,1V97,1719 Newcastle - Bristol TM,Sunday,133.39
Sunday,DMU,,,,Sheffield,Hull,1D62,2013 Sheffield - Hull,Sunday,59.55
Sunday,31237,,,,Hull,Leeds,1L52,2210 Hull - Leeds,Sunday,51.68
