Day,Loco1,Loco2,Loco3,Loco4,From,To,Headcode,Train,TrainStartDay,Mileage
Monday,37099,,,,Ely,London Liverpool St,1N51,2247 Norwich - Liverpool St,Sunday,72.80
Monday,Taxi,,,,London Liverpool St,London Victoria,,,,
Monday,73121,,,,London Victoria,Dover Western Docks,1V02,0330 Victoria - Dover Western Docks,Monday,78.01
Monday,SR EMU,,,,Dover Western Docks,Sittingbourne,1G55,0632 Dover W. Docks - Cannon St,Monday,33.61
Monday,SR EMU,,,,Sittingbourne,Sheerness-on-Sea,2D13,0743 Sittingbourne - Sheerness,Monday,7.86
Monday,SR EMU,,,,Sheerness-on-Sea,Sittingbourne,2D12,0808 Sheerness - Sittingbourne,Monday,7.86
Monday,SR EMU,,,,Sittingbourne,London Victoria,1P10,0740 Ramsgate - Victoria,Monday,44.74
Monday,SR EMU,,,,London Victoria,London Bridge,2W24,0946 Victoria - London Bridge,Monday,8.58
Monday,Taxi,,,,London Bridge,London Holborn Viaduct,,,,
Monday,SR EMU,,,,London Holborn Viaduct,West Croydon,2T77,1035 Holborn Viaduct - West Croydon,Monday,12.53
Monday,SR EMU,,,,West Croydon,London Bridge,2H36,1137 Sutton - London Bridge via Norwood Jn,Monday,10.44
Monday,SR EMU,,,,London Bridge,Redhill,2G37,1225 London Bridge - Redhill via Crystal Palace,Monday,22.14
Monday,DMU,,,,Redhill,Gatwick Airport,1O68,1210 Reading - Gatwick,Monday,13.24
Monday,SR EMU,,,,Gatwick Airport,Chichester,1L83,1328 Victoria - Portsmouth H,Monday,42.96
Monday,SR EMU,,,,Chichester,Barnham,1L94,1450 Portsmouth H - Victoria,Monday,6.28
Monday,SR EMU,,,,Barnham,Horsham,1L92,1519 Bognor Regis - Victoria,Monday,25.58
Monday,SR EMU,,,,Horsham,Leatherhead,2L40,1615 Horsham - London Bridge,Monday,17.61
Monday,SR EMU,,,,Leatherhead,Dorking,2L83,1608 Victoria - Horsham,Monday,4.08
Monday,SR EMU,,,,Dorking,London Victoria,2L88,1645 Horsham - Victoria,Monday,25.58
Monday,Tube,,,,London Victoria,London Waterloo,,,,
Monday,50037,,,,London Waterloo,Yeovil Junction,1V19,1910 Waterloo - Exeter St Davids,Monday,122.88
Monday,Walk,,,,Yeovil Junction,Yeovil Pen Mill,,,,
Tuesday,33004,,,,Yeovil Pen Mill,Bristol Temple Meads,2V55,0549 Weymouth - Bristol TM,Tuesday,59.91
Tuesday,33019,,,,Bristol Temple Meads,Salisbury,1O67,0755 Cardiff - Portsmouth H,Tuesday,52.65
Tuesday,50042,,,,Salisbury,London Waterloo,1O10,0940 Exeter St Davids - Waterloo,Tuesday,83.79
Tuesday,50007,,,,London Waterloo,Exeter St Davids,1V13,1310 Waterloo - Exeter St Davids,Tuesday,172.48
Tuesday,HST,,,,Exeter St Davids,London Paddington,1A85,1645 Plymouth - Paddington,Tuesday,173.33
Tuesday,Tube,,,,London Paddington,London Kings Cross,,,,
Tuesday,HST,,,,London Kings Cross,Leeds,1L23,2050 Kings Cross - Leeds,Tuesday,185.90
Wednesday,08766,,,,Leeds,Leeds,1D57,0015 Leeds Carriage Shunt,Thursday,0.50
Wednesday,31244,,,,Leeds,Doncaster,1D57,0050 Leeds - Doncaster (Kings X),Thursday,29.96
Wednesday,08444,,,,Doncaster,Doncaster,1D57,0050 Leeds - Doncaster,Thursday,0.50
Wednesday,46026,,,,Doncaster,London Kings Cross,1A45,2255 Newcastle - Kings Cross,Tuesday,155.94
Wednesday,313 EMU,,,,London Kings Cross,Finsbury Park,,0425 Kings Cross - Welwyn GC,Wednesday,2.50
Wednesday,313 EMU,,,,Finsbury Park,Moorgate,,0517 Welwyn GC - Moorgate,Wednesday,3.41
Wednesday,313 EMU,,,,Moorgate,Hitchin,,0603 Moorgate - Letchworth,Wednesday,34.29
Wednesday,31408,,,,Hitchin,London Kings Cross,1B13,0630 Peterborough - Kings Cross,Wednesday,31.93
Wednesday,312 EMU,,,,London Kings Cross,Royston,2R04,0810 Kings Cross - Royston,Wednesday,44.90
Wednesday,DMU,,,,Royston,Cambridge,2P73,1003 Royston - Cambridge,Wednesday,13.04
Wednesday,47010,,,,Cambridge,London Liverpool St,1L23,0930 King's Lynn - Liverpool St,Wednesday,55.60
Wednesday,309 EMU,,,,London Liverpool St,Walton-on-Naze,1F50,1150 Liverpool St - Walton-on-Naze,Wednesday,70.24
Wednesday,309 EMU,,,,Walton-on-Naze,Thorpe-le-Soken,1F67,1343 Walton-on-Naze - Liverpool St,Wednesday,5.10
Wednesday,308 EMU,,,,Thorpe-le-Soken,Clacton,2F06,1325 Colchester - Clacton,Wednesday,4.58
Wednesday,308 EMU,,,,Clacton,Colchester,2F07,1412 Clacton - Colchester,Wednesday,19.03
Wednesday,47549,,,,Colchester,Manningtree,1N30,1430 Liverpool St - Norwich,Wednesday,7.79
Wednesday,DMU,,,,Manningtree,Harwich Town,2F06,1540 Manningtree - Harwich Tn.,Wednesday,11.58
Wednesday,DMU,,,,Harwich Town,Harwich Parkeston Q.,2N66,1620 Harwich Tn. - Stowmarket,Wednesday,1.86
Wednesday,37262,,,,Harwich Parkeston Q.,London Liverpool St,1F93,1755 Harwich PQ - Liverpool St,Wednesday,69.15
Wednesday,307 EMU,,,,London Liverpool St,Southend Victoria,2D26,1929 Liverpool Street - Southend Vic,Wednesday,41.49
Wednesday,307 EMU,,,,Southend Victoria,London Liverpool St,2D81,2045 Southend Vic - Liverpool Street,Wednesday,41.49
Wednesday,305 EMU,,,,London Liverpool St,Chingford,,2200 Liverpool St - Chingford,Wednesday,10.40
Wednesday,305 EMU,,,,Chingford,London Liverpool St,,2246 Chingford - Liverpool St,Wednesday,10.40
Wednesday,31306,,,,London Liverpool St,Elsenham,1B40,2314 Liverpool St - Peterborough,Wednesday,35.51
Thursday,31306,,,,Elsenham,Peterborough,1B40,2314 Liverpool St - Peterborough,Wednesday,65.31
Thursday,31173,31226,,,Peterborough,Leeds,1L00,0110 Kings Cross - Leeds,Thursday,109.54
Thursday,DMU,,,,Leeds,Harrogate,2L75,0600 Leeds - Harrogate,Thursday,18.25
Thursday,DMU,,,,Harrogate,York,2L68,0713 Harrogate - York,Thursday,20.54
Thursday,47529,,,,York,Liverpool Lime St,1M53,0749 York - Liverpool,Thursday,100.11
Thursday,40169,,,,Liverpool Lime St,York,1E08,1105 Liverpool - York,Thursday,100.11
Thursday,47559,,,,York,Bristol Temple Meads,1V93,0950 Edinburgh - Plymouth,Thursday,220.70
Thursday,33013,,,,Bristol Temple Meads,Weston Super Mare,2B56,1756 Bristol TM - Weston SM,Thursday,19.03
Thursday,31121,,,,Weston Super Mare,Bristol Temple Meads,2B49,1840 Weston SM - Worcester SH,Thursday,19.03
Thursday,33010,,,,Bristol Temple Meads,Salisbury,1O93,1810 Cardiff - Portsmouth H,Thursday,52.65
Thursday,33028,,,,Salisbury,Basingstoke,2L98,2120 Salisbury - Basingstoke,Thursday,36.03
Thursday,430 EMU,,,,Basingstoke,London Waterloo,1B32,2102 Bournemouth - Waterloo,Thursday,47.76
Thursday,Tube,,,,London Waterloo,London Euston,,,,
Friday,85013,,,,London Euston,Liverpool Lime St,1F01,0050 Euston - Liverpool,Friday,193.65
Friday,DMU,,,,Liverpool Lime St,Manchester Vic.,2J52,0630 Liverpool - Manchester Vic.,Friday,31.69
Friday,504 EMU,,,,Manchester Vic.,Bury,2J90,0730 Manchester Vic. - Bury,Friday,9.78
Friday,504 EMU,,,,Bury,Manchester Vic.,2J90,0800 Bury - Manchester Vic.,Friday,9.78
Friday,104 DMU,,,,Manchester Vic.,Rochdale,2J81,0830 Manchester Vic. - Oldham Loop,Friday,14.29
Friday,104 DMU,,,,Rochdale,Manchester Vic.,2J81,0830 Manchester Vic. - Oldham Loop,Friday,11.61
Friday,40012,,,,Manchester Vic.,Chester,1D35,0942 Manchester Vic. - Bangor,Friday,39.93
Friday,47563,,,,Chester,Holyhead,1D11,1118 Crewe - Holyhead,Friday,84.51
Friday,47481,,,,Holyhead,Manchester Vic.,1J53,1513 Holyhead - Manchester Vic.,Friday,124.44
Friday,104 DMU,,,,Manchester Vic.,Wigan Wallgate,2F51,1840 Manchester Vic. - Southport,Friday,17.90
Friday,104 DMU,,,,Wigan Wallgate,Manchester Vic.,2J50,1826 Southport - Manchester Vic.,Friday,20.31
Friday,Walk,,,,Manchester Vic.,Manc'r Oxford Rd,,,,
Friday,304 EMU,,,,Manc'r Oxford Rd,Kidsgrove,2K67,2112 Manc'r Ox Rd - Stoke,Friday,31.90
Saturday,31244,31235,,,Kidsgrove,Lowestoft,1Z81,0602 The 'Lowestoft Fanatic' Railtour,Saturday,228.59
Saturday,105 DMU,,,,Lowestoft,Reedham,2N09,1229 Lowestoft - Norwich,Saturday,11.35
Saturday,105 DMU,,,,Reedham,Yarmouth,2K06,1335 Norwich - Yarmouth,Saturday,8.41
Saturday,31410,,,,Yarmouth,Norwich,1M37,1420 Yarmouth - Derby,Saturday,18.36
Saturday,25315,25251,,,Norwich,Nottingham,1M37,1420 Yarmouth - Derby,Saturday,139.11
Saturday,45142,,,,Nottingham,Sheffield,1E49,1601 St Pancras - Sheffield,Saturday,40.61
