Day,Loco1,Loco2,Loco3,Loco4,From,To,Headcode,Train,TrainStartDay,Mileage
Monday,45125,,,,London St Pancras,Nottingham,1E03,0005 St Pancras - Sheffield,Monday,126.58
Monday,45104,,,,Nottingham,Sheffield,1E03,0005 St Pancras - Sheffield,Monday,52.40
Monday,DMU,,,,Sheffield,Wakefield Kirkgate,2L54,0552 Sheffield - Leeds,Monday,27.20
Monday,40034,,,,Wakefield Kirkgate,Worthing,1Z30,0808 Wakefield Kirkgate - Worthing ADEX,Monday,240.06
Monday,SR EMU,,,,Worthing,London Victoria,1P72,1315 Littlehampton - Victoria,Monday,60.04
Monday,Tube,,,,London Victoria,London Kings Cross,,,,
Monday,55002,,,,London Kings Cross,Grantham,1L44,1603 Kings Cross - York,Monday,105.46
Monday,DMU,,,,Grantham,Nottingham,2M76,1743 Grantham - Nottingham,Monday,22.71
Monday,20187,20084,,,Nottingham,Beeston,1M47,1840 Skegness - Burton,Monday,3.31
Monday,31162,31247,,,Beeston,Leicester,1M22,1853 Skegness - Leicester,Monday,24.19
Monday,31249,,,,Leicester,Birmingham New St,1M76,1834 Norwich - Birmingham NS,Monday,39.85
Monday,86210,,,,Birmingham New St,Wolverhampton,1S19,2126 Bristol TM - Glasgow Central,Monday,12.88
Tuesday,86210,,,,Wolverhampton,Glasgow Central,1S19,2126 Bristol TM - Glasgow Central,Monday,284.04
Tuesday,ScR EMU,,,,Glasgow Central,Gourock,1G01,0555 Glasgow Central - Gourock,Tuesday,26.11
Tuesday,ScR EMU,,,,Gourock,Port Glasgow,2G10,0703 Gourock - Glasgow Central,Tuesday,5.84
Tuesday,ScR EMU,,,,Port Glasgow,Wemyss Bay,1N03,0738 Glasgow Central - Wemyss Bay,Tuesday,10.50
Tuesday,ScR EMU,,,,Wemyss Bay,Glasgow Central,1N06,0838 Wemyss Bay - Glasgow Central,Tuesday,30.78
Tuesday,ScR EMU,,,,Glasgow Central,Neilston,2E26,0927 Glasgow Central - Neilston,Tuesday,10.89
Tuesday,ScR EMU,,,,Neilston,Mount Florida,2E26,1015 Neilston - Glasgow Central,Tuesday,8.13
Tuesday,ScR EMU,,,,Mount Florida,Maxwell Park,2E22,1034 Cathcart Outer Circle,Tuesday,2.94
Tuesday,ScR EMU,,,,Maxwell Park,Glasgow Central,2E22,1034 Cathcart Outer Circle,Tuesday,2.25
Tuesday,107 DMU,,,,Glasgow Central,Kilmacolm,2K87,1107 Glasgow Central - Kilmacolm,Tuesday,17.74
Tuesday,107 DMU,,,,Kilmacolm,Glasgow Central,2K92,1203 Kilmacolm - Glasgow Central,Tuesday,17.74
Tuesday,107 DMU,,,,Glasgow Central,Edinburgh Waverley,2Y23,1250 Glasgow Central - Edinburgh,Tuesday,47.03
Tuesday,47470,,,,Edinburgh Waverley,Carstairs,1C93,1440 Edinburgh - Manchester Vic.,Tuesday,28.46
Tuesday,81021,,,,Carstairs,Preston,1M29,1502 Glasgow Central - Manchester Vic.,Tuesday,163.75
Tuesday,40015,,,,Preston,Manchester Vic.,1M29,1502 Glasgow Central - Manchester Vic.,Tuesday,30.83
Tuesday,Walk,,,,Manchester Vic.,Manchester Picc. Main,,,,
Tuesday,86311,,,,Manchester Picc. Main,London Euston,1A80,1912 Manchester Picc. - Euston,Tuesday,183.48
Tuesday,Tube,,,,London Euston,London Liverpool St,,,,
Tuesday,305 EMU,,,,London Liverpool St,Enfield Town,,2212 Liverpool St - Enfield Tn,Tuesday,10.69
Tuesday,305 EMU,,,,Enfield Town,London Liverpool St,,2251 Enfield Tn - Liverpool St,Tuesday,10.69
Tuesday,37099,,,,London Liverpool St,Shenfield,1K54,2355 Liverpool St - Ipswich,Tuesday,20.20
Wednesday,37099,,,,Shenfield,Ipswich,1K54,2355 Liverpool St - Ipswich,Tuesday,48.54
Wednesday,DMU,,,,Ipswich,Cambridge,2L06,0602 Ipswich - Cambridge,Wednesday,55.60
Wednesday,37054,,,,Cambridge,Bath Spa,1Z10,0628 Mystery Excursion from King's Lynn,Wednesday,168.84
Wednesday,33020,,,,Bath Spa,Bristol Temple Meads,1V22,0910 Portsmouth H - Bristol TM,Wednesday,11.50
Wednesday,HST,,,,Bristol Temple Meads,London Paddington,1A49,1210 Bristol TM - Paddington,Wednesday,118.33
Wednesday,Tube,,,,London Paddington,London Waterloo,,,,
Wednesday,SR EMU,,,,London Waterloo,Havant,2P53,1418 Waterloo - Portsmouth H,Wednesday,66.43
Wednesday,SR EMU,,,,Havant,Worthing,2J44,1532 Portsmouth H - Brighton,Wednesday,27.25
Wednesday,31231,,,,Worthing,Plymouth,1Z41,1651 Worthing - Plymouth rtn ADEX,Wednesday,212.50
Thursday,50011,31415,,,Plymouth,Newton Abbot,1A07,2135 Penzance - Paddington,Wednesday,31.88
Thursday,50011,,,,Newton Abbot,Reading,1A07,2135 Penzance - Paddington,Wednesday,177.34
Thursday,DMU,,,,Reading,Guildford,2O25,0515 Reading - Guildford,Thursday,26.08
Thursday,SR EMU,,,,Guildford,London Waterloo,,0621 Guildford - Waterloo,Thursday,29.86
Thursday,SR EMU,,,,London Waterloo,Kingston,2K11,0716 Waterloo - Strawberry Hill,Thursday,12.11
Thursday,SR EMU,,,,Kingston,London Waterloo,2K11,0743 Kingston - Waterloo,Thursday,14.98
Thursday,SR EMU,,,,London Waterloo,Epsom,2D15,0830 Waterloo - Epsom,Thursday,15.43
Thursday,SR EMU,,,,Epsom,London Victoria,2K76,0914 Epsom - Victoria,Thursday,17.70
Thursday,SR EMU,,,,London Victoria,Gillingham Kent,2H06,0949 Victoria - Gillingham,Thursday,35.94
Thursday,SR EMU,,,,Gillingham Kent,London Charing Cross,2A14,1056 Gillingham - Charing Cross,Thursday,35.94
Thursday,SR EMU,,,,London Charing Cross,Dartford,2N18,1208 Charing Cross - Dartford,Thursday,17.24
Thursday,SR EMU,,,,Dartford,London Bridge,2C56,1304 Dartford - Charing Cross,Thursday,15.15
Thursday,SR EMU,,,,London Bridge,Hayes,2V54,1338 Charing Cross - Hayes,Thursday,12.53
Thursday,SR EMU,,,,Hayes,London Bridge,2K42,1424 Hayes - Charing Cross,Thursday,12.53
Thursday,SR EMU,,,,London Bridge,Orpington,2S56,1444 Charing Cross - Orpington,Thursday,11.94
Thursday,SR EMU,,,,Orpington,London Victoria,2D60,1530 Orpington - Victoria,Thursday,14.89
Thursday,SR EMU,,,,London Victoria,Epsom Downs,2H57,1605 Victoria - Epsom Downs,Thursday,18.88
Thursday,SR EMU,,,,Epsom Downs,Sutton,2H64,1712 Epsom Downs - Victoria,Thursday,3.78
Thursday,SR EMU,,,,Sutton,London Bridge,2K34,1730 Sutton - London Bridge via Mitcham,Thursday,14.89
Thursday,SR EMU,,,,London Bridge,Sutton,2P42,1804 London Bridge - Wimbledon via Sutton,Thursday,14.89
Thursday,SR EMU,,,,Sutton,Effingham Junction,2K91,1937 Victoria - Effingham Jn,Thursday,12.03
Thursday,SR EMU,,,,Effingham Junction,London Waterloo,,2021 Guildford - Waterloo,Thursday,21.13
Thursday,Tube,,,,London Waterloo,London Paddington,,,,
Thursday,47147,,,,London Paddington,Radley,1A20,2208 Paddington - Oxford,Thursday,58.38
Friday,47147,,,,Radley,Oxford,1A20,2208 Paddington - Oxford,Thursday,5.08
Friday,DMU,,,,Oxford,Birmingham New St,1M18,0014 Reading - Birmingham NS,Friday,66.70
Friday,116 DMU,,,,Birmingham New St,Redditch,2G33,0620 Four Oaks - Redditch,Friday,15.50
Friday,116 DMU,,,,Redditch,Kings Norton,2G18,0741 Redditch - Four Oaks,Friday,10.00
Friday,116 DMU,,,,Kings Norton,Four Oaks,2G28,0842 Longbridge - Four Oaks,Friday,14.59
Friday,116 DMU,,,,Four Oaks,Lichfield City,2G34,0929 Longbridge - Lichfield C,Friday,7.36
Friday,Walk,,,,Lichfield City,Lichfield Trent Valley,,,,
Friday,310 EMU,,,,Lichfield Trent Valley,Rugby,2B82,1039 Stafford - Rugby,Friday,33.74
Friday,86211,,,,Rugby,Crewe,1D56,1100 Euston - Holyhead,Friday,75.50
Friday,47539,,,,Crewe,Holyhead,1D56,1100 Euston - Holyhead,Friday,105.65
Friday,47446,,,,Holyhead,Crewe,1K36,1714 Holyhead - Crewe,Friday,105.65
Friday,87020,,,,Crewe,Birmingham New St,1G64,1920 Liverpool - Birmingham NS,Friday,53.51
Friday,46002,,,,Birmingham New St,Gloucester,1V99,1735 Leeds - Bristol TM,Friday,62.31
Friday,47097,,,,Gloucester,Bristol Temple Meads,1V99,1735 Leeds - Bristol TM,Friday,40.54
Saturday,45060,,,,Bristol Temple Meads,Gloucester,1E61,0110 Bristol TM - Leeds,Saturday,40.54
Saturday,31132,31170,,,Gloucester,Balloch Pier,1Z90,0539 The 'Lomond Bounder' Railtour,Saturday,367.54
Saturday,ScR EMU,,,,Balloch Pier,Springburn,2B44,1429 Balloch Pier - Springburn,Saturday,24.13
Saturday,101 DMU,,,,Springburn,Cumbernauld,2H37,1529 Springburn - Cumbernauld,Saturday,12.19
Saturday,101 DMU,,,,Cumbernauld,Springburn,2H52,1605 Cumbernauld - Springburn,Saturday,12.19
Saturday,ScR EMU,,,,Springburn,Glasgow QS LL,2B45,1624 Springburn - Balloch Central,Saturday,3.59
Saturday,Walk,,,,Glasgow QS LL,Glasgow Central,,,,
Saturday,126 DMU,,,,Glasgow Central,Ayr,1A53,1700 Glasgow Central - Ayr,Saturday,41.41
Saturday,126 DMU,,,,Ayr,Stranraer Harbour,1A61,1800 Glasgow Central - Stranraer,Saturday,59.26
Saturday,47449,,,,Stranraer Harbour,Troon,1M14,2200 Stranraer - Euston,Saturday,65.80
Sunday,47449,,,,Troon,Carlisle,1M14,2200 Stranraer - Euston,Saturday,100.20
Sunday,85002,,,,Carlisle,Preston,1M14,2200 Stranraer - Euston,Saturday,90.09
Sunday,40187,,,,Preston,Manchester Picc. 13/14,1M14,2200 Stranraer - Euston,Saturday,37.08
Sunday,Walk,,,,Manchester Picc. 13/14,Manchester Picc. Main,,,,
Sunday,47535,,,,Manchester Picc. Main,Birmingham New St,1O74,0715 Manchester Picc. - Brighton,Sunday,84.40
Sunday,47482,,,,Birmingham New St,Nuneaton,1A08,1000 Wolverhampton - Euston,Sunday,20.99
Sunday,56011,,,,Nuneaton,Birmingham New St,1G30,1240 Euston - Wolverhampton,Sunday,20.99
Sunday,47446,,,,Birmingham New St,Nuneaton,1A23,1500 Wolverhampton - Euston,Sunday,20.99
Sunday,87009,,,,Nuneaton,London Euston,1A23,1500 Wolverhampton - Euston,Sunday,97.13
Sunday,86215,,,,London Euston,Liverpool Lime St,1F45,1750 Euston - Liverpool,Sunday,193.65
Sunday,85004,,,,Liverpool Lime St,Birmingham New St,1G66,2045 Liverpool - Birmingham NS,Sunday,89.16
Sunday,310 EMU,,,,Birmingham New St,Wolverton,2A06,2300 Birmingham NS - Euston,Sunday,62.81
