<?xml version="1.0" encoding="utf-8"?>
<cScenarioProperties xmlns:d="http://www.kuju.com/TnT/2003/Delta" d:version="1.0" d:id="284558558">
	<ID>
		<cGUID>
			<UUID>
				<e d:type="sUInt64">4718615391137872385</e>
				<e d:type="sUInt64">14073346237185031847</e>
			</UUID>
			<DevString d:type="cDeltaString">ac76ba01-e3b2-417b-a77e-7ec4d6914ec3</DevString>
		</cGUID>
	</ID>
	<String/>
	<DisplayName>
		<Localisation-cUserLocalisedString>
			<English d:type="cDeltaString">[CW] 2T04 05:04 Strood - Tonbridge</English>
			<French d:type="cDeltaString"></French>
			<Italian d:type="cDeltaString"></Italian>
			<German d:type="cDeltaString"></German>
			<Spanish d:type="cDeltaString"></Spanish>
			<Dutch d:type="cDeltaString"></Dutch>
			<Polish d:type="cDeltaString"></Polish>
			<Russian d:type="cDeltaString"></Russian>
			<Other/>
			<Key d:type="cDeltaString">af5c8746-8f99-46e3-85ce-6dfed4601fd9</Key>
		</Localisation-cUserLocalisedString>
	</DisplayName>
	<Description>
		<Localisation-cUserLocalisedString>
			<English d:type="cDeltaString">Drive a 4-Car Class 411 EMU from Gillingham EMUD to Strood in preparation of an early morning service to Tonbridge, picking up your guard at Gillingham station. You will be required to start your unit from cold before heading onto the mainline. (1996)</English>
			<French d:type="cDeltaString"></French>
			<Italian d:type="cDeltaString"></Italian>
			<German d:type="cDeltaString"></German>
			<Spanish d:type="cDeltaString"></Spanish>
			<Dutch d:type="cDeltaString"></Dutch>
			<Polish d:type="cDeltaString"></Polish>
			<Russian d:type="cDeltaString"></Russian>
			<Other/>
			<Key d:type="cDeltaString">b4f91ae8-ca01-4814-bbed-854dbe8785d7</Key>
		</Localisation-cUserLocalisedString>
	</Description>
	<Briefing>
		<Localisation-cUserLocalisedString>
			<English d:type="cDeltaString">Morning driver, hope your coffee has helped you stay awake today as you're on the early shift. You'll need to start your train from cold firstly, going to Gillingham to pick up the guard before making your way to Strood to start the service. Once in service, you will call at all stations to Tonbridge. Headcode is 61. It's a quiet morning so no traffic let alone disruption is expected. Good luck.</English>
			<French d:type="cDeltaString"></French>
			<Italian d:type="cDeltaString"></Italian>
			<German d:type="cDeltaString"></German>
			<Spanish d:type="cDeltaString"></Spanish>
			<Dutch d:type="cDeltaString"></Dutch>
			<Polish d:type="cDeltaString"></Polish>
			<Russian d:type="cDeltaString"></Russian>
			<Other/>
			<Key d:type="cDeltaString">1d177bdf-fe9d-44ad-a97c-e1712383c0bd</Key>
		</Localisation-cUserLocalisedString>
	</Briefing>
	<StartLocation>
		<Localisation-cUserLocalisedString>
			<English d:type="cDeltaString">GIL</English>
			<French d:type="cDeltaString"></French>
			<Italian d:type="cDeltaString"></Italian>
			<German d:type="cDeltaString"></German>
			<Spanish d:type="cDeltaString"></Spanish>
			<Dutch d:type="cDeltaString"></Dutch>
			<Polish d:type="cDeltaString"></Polish>
			<Russian d:type="cDeltaString"></Russian>
			<Other/>
			<Key d:type="cDeltaString">853e4004-171d-44ca-b068-47ec4ada4bfb</Key>
		</Localisation-cUserLocalisedString>
	</StartLocation>
	<ScenarioClass d:type="cDeltaString">eStandardScenarioClass</ScenarioClass>
	<StartTime d:type="sFloat32" d:alt_encoding="000000000068D040" d:precision="string">16800</StartTime>
	<DurationMins d:type="sInt32">90</DurationMins>
	<StartDD d:type="sInt32">1</StartDD>
	<StartMM d:type="sInt32">7</StartMM>
	<StartYYYY d:type="sInt32">2010</StartYYYY>
	<Season d:type="cDeltaString">SEASON_SUMMER</Season>
	<WeatherBlueprint>
		<iBlueprintLibrary-cAbsoluteBlueprintID>
			<BlueprintSetID>
				<iBlueprintLibrary-cBlueprintSetID>
					<Provider d:type="cDeltaString">Kuju</Provider>
					<Product d:type="cDeltaString">RailSimulatorCore</Product>
				</iBlueprintLibrary-cBlueprintSetID>
			</BlueprintSetID>
			<BlueprintID d:type="cDeltaString">Weather\RW_Cloudy.xml</BlueprintID>
		</iBlueprintLibrary-cAbsoluteBlueprintID>
	</WeatherBlueprint>
	<WeatherExtensionBlueprint>
		<iBlueprintLibrary-cAbsoluteBlueprintID>
			<BlueprintSetID>
				<iBlueprintLibrary-cBlueprintSetID>
					<Provider d:type="cDeltaString"></Provider>
					<Product d:type="cDeltaString"></Product>
				</iBlueprintLibrary-cBlueprintSetID>
			</BlueprintSetID>
			<BlueprintID d:type="cDeltaString"></BlueprintID>
		</iBlueprintLibrary-cAbsoluteBlueprintID>
	</WeatherExtensionBlueprint>
	<Rating d:type="sInt32">2</Rating>
	<LocoClass d:type="cDeltaString">LOCO_CLASS_ELECTRIC</LocoClass>
	<HasRollingStart d:type="bool">0</HasRollingStart>
	<LoadedFromRollingStart d:type="bool">0</LoadedFromRollingStart>
	<FrontEndDriverList>
		<sDriverFrontEndDetails d:id="349433822">
			<ServiceName>
				<Localisation-cUserLocalisedString>
					<English d:type="cDeltaString">2H53 05:47 Tunbridge Wells - Cannon St</English>
					<French d:type="cDeltaString"></French>
					<Italian d:type="cDeltaString"></Italian>
					<German d:type="cDeltaString"></German>
					<Spanish d:type="cDeltaString"></Spanish>
					<Dutch d:type="cDeltaString"></Dutch>
					<Polish d:type="cDeltaString"></Polish>
					<Russian d:type="cDeltaString"></Russian>
					<Other/>
					<Key d:type="cDeltaString">47acb838-1a51-4942-b1ad-37b46d513a22</Key>
				</Localisation-cUserLocalisedString>
			</ServiceName>
			<LocoName>
				<Localisation-cUserLocalisedString>
					<English d:type="cDeltaString">Class 411 Ex-Network SouthEast</English>
					<French d:type="cDeltaString"></French>
					<Italian d:type="cDeltaString"></Italian>
					<German d:type="cDeltaString"></German>
					<Spanish d:type="cDeltaString"></Spanish>
					<Dutch d:type="cDeltaString"></Dutch>
					<Polish d:type="cDeltaString"></Polish>
					<Russian d:type="cDeltaString"></Russian>
					<Other/>
					<Key d:type="cDeltaString">0ad937d5-e34c-4328-82f1-9a2405128df2</Key>
				</Localisation-cUserLocalisedString>
			</LocoName>
			<LocoBP>
				<iBlueprintLibrary-cAbsoluteBlueprintID>
					<BlueprintSetID>
						<iBlueprintLibrary-cBlueprintSetID>
							<Provider d:type="cDeltaString">AP</Provider>
							<Product d:type="cDeltaString">Class411Pack01</Product>
						</iBlueprintLibrary-cBlueprintSetID>
					</BlueprintSetID>
					<BlueprintID d:type="cDeltaString">RailVehicles\Class411\NSE1_W4\411_DMSB.xml</BlueprintID>
				</iBlueprintLibrary-cAbsoluteBlueprintID>
			</LocoBP>
			<StartLocation>
				<Localisation-cUserLocalisedString>
					<English d:type="cDeltaString"></English>
					<French d:type="cDeltaString"></French>
					<Italian d:type="cDeltaString"></Italian>
					<German d:type="cDeltaString"></German>
					<Spanish d:type="cDeltaString"></Spanish>
					<Dutch d:type="cDeltaString"></Dutch>
					<Polish d:type="cDeltaString"></Polish>
					<Russian d:type="cDeltaString"></Russian>
					<Other/>
					<Key d:type="cDeltaString">4cb821ef-493d-4321-b3c5-a5283af56154</Key>
				</Localisation-cUserLocalisedString>
			</StartLocation>
			<LocoClass d:type="cDeltaString">LOCO_CLASS_ELECTRIC</LocoClass>
			<LocoAuthor d:type="cDeltaString">AP</LocoAuthor>
			<FilePath d:type="cDeltaString">AP\Class411Pack01\RailVehicles\Class411\NSE1_W4</FilePath>
			<Longitude d:type="sFloat64" d:alt_encoding="D8655F8A1EB9D13F" d:precision="string">0.276924</Longitude>
			<Latitude d:type="sFloat64" d:alt_encoding="EF2B96650D984940" d:precision="string">51.1879</Latitude>
			<Height d:type="sFloat32" d:alt_encoding="000000A05B2B3E40" d:precision="string">30.1694</Height>
			<PlayerDriver d:type="bool">0</PlayerDriver>
		</sDriverFrontEndDetails>
		<sDriverFrontEndDetails d:id="349435302">
			<ServiceName>
				<Localisation-cUserLocalisedString>
					<English d:type="cDeltaString">2T05 05:36 Paddock Wood - Strood</English>
					<French d:type="cDeltaString"></French>
					<Italian d:type="cDeltaString"></Italian>
					<German d:type="cDeltaString"></German>
					<Spanish d:type="cDeltaString"></Spanish>
					<Dutch d:type="cDeltaString"></Dutch>
					<Polish d:type="cDeltaString"></Polish>
					<Russian d:type="cDeltaString"></Russian>
					<Other/>
					<Key d:type="cDeltaString">149594bc-5f36-43cf-ba5f-251baa26c0be</Key>
				</Localisation-cUserLocalisedString>
			</ServiceName>
			<LocoName>
				<Localisation-cUserLocalisedString>
					<English d:type="cDeltaString">Class 411 Ex-Network SouthEast</English>
					<French d:type="cDeltaString"></French>
					<Italian d:type="cDeltaString"></Italian>
					<German d:type="cDeltaString"></German>
					<Spanish d:type="cDeltaString"></Spanish>
					<Dutch d:type="cDeltaString"></Dutch>
					<Polish d:type="cDeltaString"></Polish>
					<Russian d:type="cDeltaString"></Russian>
					<Other/>
					<Key d:type="cDeltaString">fd95093a-7c84-42ec-9712-262cfe5b7a42</Key>
				</Localisation-cUserLocalisedString>
			</LocoName>
			<LocoBP>
				<iBlueprintLibrary-cAbsoluteBlueprintID>
					<BlueprintSetID>
						<iBlueprintLibrary-cBlueprintSetID>
							<Provider d:type="cDeltaString">AP</Provider>
							<Product d:type="cDeltaString">Class411Pack01</Product>
						</iBlueprintLibrary-cBlueprintSetID>
					</BlueprintSetID>
					<BlueprintID d:type="cDeltaString">RailVehicles\Class411\NSE1_W4\411_DMSB.xml</BlueprintID>
				</iBlueprintLibrary-cAbsoluteBlueprintID>
			</LocoBP>
			<StartLocation>
				<Localisation-cUserLocalisedString>
					<English d:type="cDeltaString">Paddock Wood P3</English>
					<French d:type="cDeltaString"></French>
					<Italian d:type="cDeltaString"></Italian>
					<German d:type="cDeltaString"></German>
					<Spanish d:type="cDeltaString"></Spanish>
					<Dutch d:type="cDeltaString"></Dutch>
					<Polish d:type="cDeltaString"></Polish>
					<Russian d:type="cDeltaString"></Russian>
					<Other/>
					<Key d:type="cDeltaString">d06154f7-c2ed-4d52-9295-2a8e7ec74ce4</Key>
				</Localisation-cUserLocalisedString>
			</StartLocation>
			<LocoClass d:type="cDeltaString">LOCO_CLASS_ELECTRIC</LocoClass>
			<LocoAuthor d:type="cDeltaString">AP</LocoAuthor>
			<FilePath d:type="cDeltaString">AP\Class411Pack01\RailVehicles\Class411\NSE1_W4</FilePath>
			<Longitude d:type="sFloat64" d:alt_encoding="2028DEA31DF3D83F" d:precision="string">0.389839</Longitude>
			<Latitude d:type="sFloat64" d:alt_encoding="062D5A505C974940" d:precision="string">51.1825</Latitude>
			<Height d:type="sFloat32" d:alt_encoding="00000080D7222440" d:precision="string">10.0681</Height>
			<PlayerDriver d:type="bool">0</PlayerDriver>
		</sDriverFrontEndDetails>
		<sDriverFrontEndDetails d:id="349435376">
			<ServiceName>
				<Localisation-cUserLocalisedString>
					<English d:type="cDeltaString">2T03 05:10 Tonbridge - Strood</English>
					<French d:type="cDeltaString"></French>
					<Italian d:type="cDeltaString"></Italian>
					<German d:type="cDeltaString"></German>
					<Spanish d:type="cDeltaString"></Spanish>
					<Dutch d:type="cDeltaString"></Dutch>
					<Polish d:type="cDeltaString"></Polish>
					<Russian d:type="cDeltaString"></Russian>
					<Other/>
					<Key d:type="cDeltaString">a071db2b-37bf-461c-8072-a4d3f96d08af</Key>
				</Localisation-cUserLocalisedString>
			</ServiceName>
			<LocoName>
				<Localisation-cUserLocalisedString>
					<English d:type="cDeltaString">Class 411 Ex-Network SouthEast</English>
					<French d:type="cDeltaString"></French>
					<Italian d:type="cDeltaString"></Italian>
					<German d:type="cDeltaString"></German>
					<Spanish d:type="cDeltaString"></Spanish>
					<Dutch d:type="cDeltaString"></Dutch>
					<Polish d:type="cDeltaString"></Polish>
					<Russian d:type="cDeltaString"></Russian>
					<Other/>
					<Key d:type="cDeltaString">40e0ead8-d271-45c8-938a-66a11776b19a</Key>
				</Localisation-cUserLocalisedString>
			</LocoName>
			<LocoBP>
				<iBlueprintLibrary-cAbsoluteBlueprintID>
					<BlueprintSetID>
						<iBlueprintLibrary-cBlueprintSetID>
							<Provider d:type="cDeltaString">AP</Provider>
							<Product d:type="cDeltaString">Class411Pack01</Product>
						</iBlueprintLibrary-cBlueprintSetID>
					</BlueprintSetID>
					<BlueprintID d:type="cDeltaString">RailVehicles\Class411\NSE1_W4\411_DMSB.xml</BlueprintID>
				</iBlueprintLibrary-cAbsoluteBlueprintID>
			</LocoBP>
			<StartLocation>
				<Localisation-cUserLocalisedString>
					<English d:type="cDeltaString">East Farleigh P2</English>
					<French d:type="cDeltaString"></French>
					<Italian d:type="cDeltaString"></Italian>
					<German d:type="cDeltaString"></German>
					<Spanish d:type="cDeltaString"></Spanish>
					<Dutch d:type="cDeltaString"></Dutch>
					<Polish d:type="cDeltaString"></Polish>
					<Russian d:type="cDeltaString"></Russian>
					<Other/>
					<Key d:type="cDeltaString">3f8c8f3a-2a16-4bab-b717-1782ed1146ec</Key>
				</Localisation-cUserLocalisedString>
			</StartLocation>
			<LocoClass d:type="cDeltaString">LOCO_CLASS_ELECTRIC</LocoClass>
			<LocoAuthor d:type="cDeltaString">AP</LocoAuthor>
			<FilePath d:type="cDeltaString">AP\Class411Pack01\RailVehicles\Class411\NSE1_W4</FilePath>
			<Longitude d:type="sFloat64" d:alt_encoding="080A97DEEAEEDE3F" d:precision="string">0.483332</Longitude>
			<Latitude d:type="sFloat64" d:alt_encoding="944956B5AAA04940" d:precision="string">51.2552</Latitude>
			<Height d:type="sFloat32" d:alt_encoding="000000201EEBFA3F" d:precision="string">1.6824</Height>
			<PlayerDriver d:type="bool">0</PlayerDriver>
		</sDriverFrontEndDetails>
		<sDriverFrontEndDetails d:id="349435450">
			<ServiceName>
				<Localisation-cUserLocalisedString>
					<English d:type="cDeltaString">2T04</English>
					<French d:type="cDeltaString"></French>
					<Italian d:type="cDeltaString"></Italian>
					<German d:type="cDeltaString"></German>
					<Spanish d:type="cDeltaString"></Spanish>
					<Dutch d:type="cDeltaString"></Dutch>
					<Polish d:type="cDeltaString"></Polish>
					<Russian d:type="cDeltaString"></Russian>
					<Other/>
					<Key d:type="cDeltaString">c85ede2a-7f1c-4963-8be0-4c01b0c8a49b</Key>
				</Localisation-cUserLocalisedString>
			</ServiceName>
			<LocoName>
				<Localisation-cUserLocalisedString>
					<English d:type="cDeltaString">Class 411 Ex-Network SouthEast</English>
					<French d:type="cDeltaString"></French>
					<Italian d:type="cDeltaString"></Italian>
					<German d:type="cDeltaString"></German>
					<Spanish d:type="cDeltaString"></Spanish>
					<Dutch d:type="cDeltaString"></Dutch>
					<Polish d:type="cDeltaString"></Polish>
					<Russian d:type="cDeltaString"></Russian>
					<Other/>
					<Key d:type="cDeltaString">06391631-a89b-4cda-a047-f5046e8ee1b4</Key>
				</Localisation-cUserLocalisedString>
			</LocoName>
			<LocoBP>
				<iBlueprintLibrary-cAbsoluteBlueprintID>
					<BlueprintSetID>
						<iBlueprintLibrary-cBlueprintSetID>
							<Provider d:type="cDeltaString">AP</Provider>
							<Product d:type="cDeltaString">Class411Pack01</Product>
						</iBlueprintLibrary-cBlueprintSetID>
					</BlueprintSetID>
					<BlueprintID d:type="cDeltaString">RailVehicles\Class411\NSE1_W4\411_DMSA.xml</BlueprintID>
				</iBlueprintLibrary-cAbsoluteBlueprintID>
			</LocoBP>
			<StartLocation>
				<Localisation-cUserLocalisedString>
					<English d:type="cDeltaString">Gillingham Carriage Siding 10</English>
					<French d:type="cDeltaString"></French>
					<Italian d:type="cDeltaString"></Italian>
					<German d:type="cDeltaString"></German>
					<Spanish d:type="cDeltaString"></Spanish>
					<Dutch d:type="cDeltaString"></Dutch>
					<Polish d:type="cDeltaString"></Polish>
					<Russian d:type="cDeltaString"></Russian>
					<Other/>
					<Key d:type="cDeltaString">fe284989-e7f9-4ecb-a5e0-7bfeb3d4e875</Key>
				</Localisation-cUserLocalisedString>
			</StartLocation>
			<LocoClass d:type="cDeltaString">LOCO_CLASS_ELECTRIC</LocoClass>
			<LocoAuthor d:type="cDeltaString">AP</LocoAuthor>
			<FilePath d:type="cDeltaString">AP\Class411Pack01\RailVehicles\Class411\NSE1_W4</FilePath>
			<Longitude d:type="sFloat64" d:alt_encoding="14224BDB2824E23F" d:precision="string">0.566914</Longitude>
			<Latitude d:type="sFloat64" d:alt_encoding="C9C75A943FB14940" d:precision="string">51.3848</Latitude>
			<Height d:type="sFloat32" d:alt_encoding="000000A06EFE4240" d:precision="string">37.9878</Height>
			<PlayerDriver d:type="bool">1</PlayerDriver>
		</sDriverFrontEndDetails>
	</FrontEndDriverList>
	<RequiredSet>
		<iBlueprintLibrary-cBlueprintSetID d:id="220126768">
			<Provider d:type="cDeltaString">AP</Provider>
			<Product d:type="cDeltaString">Class205Pack01</Product>
		</iBlueprintLibrary-cBlueprintSetID>
		<iBlueprintLibrary-cBlueprintSetID d:id="220126770">
			<Provider d:type="cDeltaString">AP</Provider>
			<Product d:type="cDeltaString">Class411Pack01</Product>
		</iBlueprintLibrary-cBlueprintSetID>
		<iBlueprintLibrary-cBlueprintSetID d:id="220126772">
			<Provider d:type="cDeltaString">RSC</Provider>
			<Product d:type="cDeltaString">Class465Pack01</Product>
		</iBlueprintLibrary-cBlueprintSetID>
	</RequiredSet>
	<Gizmo>
		<cOwnedEntity d:id="284786046">
			<Component>
				<cEditorSceneryRender d:id="284798042">
					<DetailLevel d:type="sInt32">10</DetailLevel>
					<Global d:type="bool">0</Global>
					<Saved d:type="bool">1</Saved>
					<Palette0Index d:type="sUInt8">175</Palette0Index>
					<Palette1Index d:type="sUInt8">47</Palette1Index>
					<Palette2Index d:type="sUInt8">228</Palette2Index>
				</cEditorSceneryRender>
				<cPosOri d:id="283666926">
					<Scale d:numElements="4" d:elementType="sFloat32" d:precision="string">1.0000000 1.0000000 1.0000000 0.0000000</Scale>
					<RFarMatrix>
						<cFarMatrix d:id="283666932">
							<Height d:type="sFloat32" d:alt_encoding="00000040CD634240" d:precision="string">36.7797</Height>
							<RXAxis d:numElements="4" d:elementType="sFloat32" d:precision="string">1.0000000 0.0000000 0.0000000 0.0000000</RXAxis>
							<RYAxis d:numElements="4" d:elementType="sFloat32" d:precision="string">0.0000000 1.0000000 0.0000000 0.0000000</RYAxis>
							<RZAxis d:numElements="4" d:elementType="sFloat32" d:precision="string">0.0000000 0.0000000 1.0000000 0.0000000</RZAxis>
							<RFarPosition>
								<cFarVector2 d:id="283666939">
									<X>
										<cFarCoordinate>
											<RouteCoordinate>
												<cRouteCoordinate>
													<Distance d:type="sInt32">25</Distance>
												</cRouteCoordinate>
											</RouteCoordinate>
											<TileCoordinate>
												<cTileCoordinate>
													<Distance d:type="sFloat32" d:alt_encoding="000000C0F58B8E40" d:precision="string">977.495</Distance>
												</cTileCoordinate>
											</TileCoordinate>
										</cFarCoordinate>
									</X>
									<Z>
										<cFarCoordinate>
											<RouteCoordinate>
												<cRouteCoordinate>
													<Distance d:type="sInt32">-2</Distance>
												</cRouteCoordinate>
											</RouteCoordinate>
											<TileCoordinate>
												<cTileCoordinate>
													<Distance d:type="sFloat32" d:alt_encoding="000000803D047A40" d:precision="string">416.265</Distance>
												</cTileCoordinate>
											</TileCoordinate>
										</cFarCoordinate>
									</Z>
								</cFarVector2>
							</RFarPosition>
						</cFarMatrix>
					</RFarMatrix>
				</cPosOri>
				<cScriptComponent d:id="226692808">
					<DebugDisplay d:type="bool">1</DebugDisplay>
					<StateName d:type="cDeltaString"></StateName>
				</cScriptComponent>
			</Component>
			<BlueprintID>
				<iBlueprintLibrary-cAbsoluteBlueprintID>
					<BlueprintSetID>
						<iBlueprintLibrary-cBlueprintSetID>
							<Provider d:type="cDeltaString">Kuju</Provider>
							<Product d:type="cDeltaString">RailSimulatorCore</Product>
						</iBlueprintLibrary-cBlueprintSetID>
					</BlueprintSetID>
					<BlueprintID d:type="cDeltaString">Editor\Gizmo\Scenario Markers\Standard Scenario Marker.xml</BlueprintID>
				</iBlueprintLibrary-cAbsoluteBlueprintID>
			</BlueprintID>
			<ReskinBlueprintID>
				<iBlueprintLibrary-cAbsoluteBlueprintID>
					<BlueprintSetID>
						<iBlueprintLibrary-cBlueprintSetID>
							<Provider d:type="cDeltaString"></Provider>
							<Product d:type="cDeltaString"></Product>
						</iBlueprintLibrary-cBlueprintSetID>
					</BlueprintSetID>
					<BlueprintID d:type="cDeltaString"></BlueprintID>
				</iBlueprintLibrary-cAbsoluteBlueprintID>
			</ReskinBlueprintID>
			<Name d:type="cDeltaString">Standard Scenario Marker</Name>
			<EntityID>
				<cGUID>
					<UUID>
						<e d:type="sUInt64">5337009362858074794</e>
						<e d:type="sUInt64">6740990152369778843</e>
					</UUID>
					<DevString d:type="cDeltaString">2416e2aa-ddbd-4a10-9b30-680ad4ce8c5d</DevString>
				</cGUID>
			</EntityID>
		</cOwnedEntity>
	</Gizmo>
	<SimulationTime d:type="sFloat32" d:alt_encoding="0000000000000000" d:precision="string">0</SimulationTime>
	<AuthoredLanguage d:type="cDeltaString">en</AuthoredLanguage>
	<Version d:type="sFloat32" d:alt_encoding="000000000000F03F" d:precision="string">1</Version>
	<Author d:type="cDeltaString">cynx</Author>
	<DispatcherVersion d:type="cDeltaString">V1</DispatcherVersion>
	<RBlueprintSetPreLoad>
		<iBlueprintLibrary-cBlueprintSetID d:id="220195486">
			<Provider d:type="cDeltaString">AP</Provider>
			<Product d:type="cDeltaString">Class411Pack01</Product>
		</iBlueprintLibrary-cBlueprintSetID>
		<iBlueprintLibrary-cBlueprintSetID d:id="220195488">
			<Provider d:type="cDeltaString">AP</Provider>
			<Product d:type="cDeltaString">C465EP</Product>
		</iBlueprintLibrary-cBlueprintSetID>
		<iBlueprintLibrary-cBlueprintSetID d:id="220195490">
			<Provider d:type="cDeltaString">RSC</Provider>
			<Product d:type="cDeltaString">Class465Pack01</Product>
		</iBlueprintLibrary-cBlueprintSetID>
		<iBlueprintLibrary-cBlueprintSetID d:id="220195492">
			<Provider d:type="cDeltaString">AP</Provider>
			<Product d:type="cDeltaString">Class205Pack01</Product>
		</iBlueprintLibrary-cBlueprintSetID>
		<iBlueprintLibrary-cBlueprintSetID d:id="220195494">
			<Provider d:type="cDeltaString">RSC</Provider>
			<Product d:type="cDeltaString">ECMLS</Product>
		</iBlueprintLibrary-cBlueprintSetID>
	</RBlueprintSetPreLoad>
	<NamedEntity/>
	<Condition/>
	<DeferredEvent/>
	<CheckedCondition/>
	<CareerRules>
		<d:nil/>
	</CareerRules>
	<MD5 d:type="cDeltaString">8B53C6970C980A9FDB84C6A7D662755C</MD5>
	<MessageEvent>
		<cScenarioProperties-cMessageEvent d:id="285239740">
			<Name d:type="cDeltaString">0</Name>
			<Id d:type="sInt32">1004</Id>
		</cScenarioProperties-cMessageEvent>
	</MessageEvent>
	<SimpleControlsOnly d:type="bool">0</SimpleControlsOnly>
	<ExpertControlsOnly d:type="bool">0</ExpertControlsOnly>
	<LocksScenario/>
	<StartDestString/>
	<TemplateStartDestMapping/>
	<IsTemplateGenerated d:type="bool">0</IsTemplateGenerated>
	<TemplateScenarioGUID>
		<cGUID>
			<UUID>
				<e d:type="sUInt64">0</e>
				<e d:type="sUInt64">0</e>
			</UUID>
			<DevString d:type="cDeltaString">00000000-0000-0000-0000-000000000000</DevString>
		</cGUID>
	</TemplateScenarioGUID>
	<WorkshopId d:type="sUInt64">0</WorkshopId>
	<WorkshopBy d:type="sUInt64">0</WorkshopBy>
	<WorkshopTags d:type="cDeltaString"></WorkshopTags>
	<StartInCab d:type="bool">0</StartInCab>
	<IsClonedDLC d:type="bool">0</IsClonedDLC>
	<StartLongitude d:type="sFloat64" d:alt_encoding="0000000000000000" d:precision="string">0</StartLongitude>
	<StartLatitude d:type="sFloat64" d:alt_encoding="0000000000000000" d:precision="string">0</StartLatitude>
	<StartHeight d:type="sFloat32" d:alt_encoding="0000000000000000" d:precision="string">0</StartHeight>
	<QuickDriveStartName d:type="cDeltaString"></QuickDriveStartName>
	<QuickDriveEndName d:type="cDeltaString"></QuickDriveEndName>
	<QuickDrivePlayerConsistName d:type="cDeltaString"></QuickDrivePlayerConsistName>
</cScenarioProperties>
