<?xml version="1.0" encoding="utf-8"?>
<cScenarioProperties xmlns:d="http://www.kuju.com/TnT/2003/Delta" d:version="1.0" d:id="208274748">
	<ID>
		<cGUID>
			<UUID>
				<e d:type="sUInt64">4743445914591919377</e>
				<e d:type="sUInt64">5249741419595494579</e>
			</UUID>
			<DevString d:type="cDeltaString">6e877d11-1aed-41d4-b3f4-a4bd01d4da48</DevString>
		</cGUID>
	</ID>
	<String/>
	<DisplayName>
		<Localisation-cUserLocalisedString>
			<English d:type="cDeltaString">[CW] 1Y44 16:25 Newcastle - King&apos;s Cross (Part 2)</English>
			<French d:type="cDeltaString">[CW] 1Y44 16:25 Newcastle - King&apos;s Cross (Part 2)</French>
			<Italian d:type="cDeltaString">[CW] 1Y44 16:25 Newcastle - King&apos;s Cross (Part 2)</Italian>
			<German d:type="cDeltaString">[CW] 1Y44 16:25 Newcastle - King&apos;s Cross (Part 2)</German>
			<Spanish d:type="cDeltaString">[CW] 1Y44 16:25 Newcastle - King&apos;s Cross (Part 2)</Spanish>
			<Dutch d:type="cDeltaString"></Dutch>
			<Polish d:type="cDeltaString"></Polish>
			<Russian d:type="cDeltaString"></Russian>
			<Other/>
			<Key d:type="cDeltaString">edcf2ee0-2b39-4b80-a55b-f321bb1ce650</Key>
		</Localisation-cUserLocalisedString>
	</DisplayName>
	<Description>
		<Localisation-cUserLocalisedString>
			<English d:type="cDeltaString">On a pleasant autumn evening, drive NL65 (43296 + 43061) on 1Y44 from Newcastle to King&apos;s Cross. Part 2, YRK - PBO.</English>
			<French d:type="cDeltaString">On a pleasant autumn evening, drive NL65 (43296 + 43061) on 1Y44 from Newcastle to King&apos;s Cross. Part 2, YRK - PBO.</French>
			<Italian d:type="cDeltaString">On a pleasant autumn evening, drive NL65 (43296 + 43061) on 1Y44 from Newcastle to King&apos;s Cross. Part 2, YRK - PBO.</Italian>
			<German d:type="cDeltaString">On a pleasant autumn evening, drive NL65 (43296 + 43061) on 1Y44 from Newcastle to King&apos;s Cross. Part 2, YRK - PBO.</German>
			<Spanish d:type="cDeltaString">On a pleasant autumn evening, drive NL65 (43296 + 43061) on 1Y44 from Newcastle to King&apos;s Cross. Part 2, YRK - PBO.</Spanish>
			<Dutch d:type="cDeltaString"></Dutch>
			<Polish d:type="cDeltaString"></Polish>
			<Russian d:type="cDeltaString"></Russian>
			<Other/>
			<Key d:type="cDeltaString">af11b81a-e9de-433f-99e2-fd53ad1e5ccd</Key>
		</Localisation-cUserLocalisedString>
	</Description>
	<Briefing>
		<Localisation-cUserLocalisedString>
			<English d:type="cDeltaString">Good evening driver! NL65 seems to have made its way to this usually Mk4 DVT-hauled service tonight, which you&apos;ll drive fully from Newcastle to London. You will be calling at Durham, Darlington, Northallerton, York, Doncaster, Newark North Gate, and Peterborough en route to Kings Cross. Currently, you are delayed by 6 minutes, so achieving the timed arrivals/departures at these stations may be a bit difficult; simply drive to the best of your ability. Part 2 will take you as far as Peterborough.</English>
			<French d:type="cDeltaString">Good evening driver! NL65 seems to have made its way to this usually Mk4 DVT-hauled service tonight, which you&apos;ll drive fully from Newcastle to London. You will be calling at Durham, Darlington, Northallerton, York, Doncaster, Newark North Gate, and Peterborough en route to Kings Cross. Currently, you are delayed by 6 minutes, so achieving the timed arrivals/departures at these stations may be a bit difficult; simply drive to the best of your ability. Part 2 will take you as far as Peterborough.</French>
			<Italian d:type="cDeltaString">Good evening driver! NL65 seems to have made its way to this usually Mk4 DVT-hauled service tonight, which you&apos;ll drive fully from Newcastle to London. You will be calling at Durham, Darlington, Northallerton, York, Doncaster, Newark North Gate, and Peterborough en route to Kings Cross. Currently, you are delayed by 6 minutes, so achieving the timed arrivals/departures at these stations may be a bit difficult; simply drive to the best of your ability. Part 2 will take you as far as Peterborough.</Italian>
			<German d:type="cDeltaString">Good evening driver! NL65 seems to have made its way to this usually Mk4 DVT-hauled service tonight, which you&apos;ll drive fully from Newcastle to London. You will be calling at Durham, Darlington, Northallerton, York, Doncaster, Newark North Gate, and Peterborough en route to Kings Cross. Currently, you are delayed by 6 minutes, so achieving the timed arrivals/departures at these stations may be a bit difficult; simply drive to the best of your ability. Part 2 will take you as far as Peterborough.</German>
			<Spanish d:type="cDeltaString">Good evening driver! NL65 seems to have made its way to this usually Mk4 DVT-hauled service tonight, which you&apos;ll drive fully from Newcastle to London. You will be calling at Durham, Darlington, Northallerton, York, Doncaster, Newark North Gate, and Peterborough en route to Kings Cross. Currently, you are delayed by 6 minutes, so achieving the timed arrivals/departures at these stations may be a bit difficult; simply drive to the best of your ability. Part 2 will take you as far as Peterborough.</Spanish>
			<Dutch d:type="cDeltaString"></Dutch>
			<Polish d:type="cDeltaString"></Polish>
			<Russian d:type="cDeltaString"></Russian>
			<Other/>
			<Key d:type="cDeltaString">dbf9fdd8-13fe-4048-ab93-ac8b3c54e65c</Key>
		</Localisation-cUserLocalisedString>
	</Briefing>
	<StartLocation>
		<Localisation-cUserLocalisedString>
			<English d:type="cDeltaString"></English>
			<French d:type="cDeltaString"></French>
			<Italian d:type="cDeltaString"></Italian>
			<German d:type="cDeltaString"></German>
			<Spanish d:type="cDeltaString"></Spanish>
			<Dutch d:type="cDeltaString"></Dutch>
			<Polish d:type="cDeltaString"></Polish>
			<Russian d:type="cDeltaString"></Russian>
			<Other/>
			<Key d:type="cDeltaString">5ed8aa55-a475-4df0-8fe7-d63d13b4b634</Key>
		</Localisation-cUserLocalisedString>
	</StartLocation>
	<ScenarioClass d:type="cDeltaString">eStandardScenarioClass</ScenarioClass>
	<StartTime d:type="sFloat32" d:alt_encoding="000000008042EF40" d:precision="string">64020</StartTime>
	<DurationMins d:type="sInt32">90</DurationMins>
	<StartDD d:type="sInt32">1</StartDD>
	<StartMM d:type="sInt32">7</StartMM>
	<StartYYYY d:type="sInt32">2010</StartYYYY>
	<Season d:type="cDeltaString">SEASON_SUMMER</Season>
	<WeatherBlueprint>
		<iBlueprintLibrary-cAbsoluteBlueprintID>
			<BlueprintSetID>
				<iBlueprintLibrary-cBlueprintSetID>
					<Provider d:type="cDeltaString">Kuju</Provider>
					<Product d:type="cDeltaString">RailSimulatorCore</Product>
				</iBlueprintLibrary-cBlueprintSetID>
			</BlueprintSetID>
			<BlueprintID d:type="cDeltaString">Weather\RW_Clear.xml</BlueprintID>
		</iBlueprintLibrary-cAbsoluteBlueprintID>
	</WeatherBlueprint>
	<WeatherExtensionBlueprint>
		<iBlueprintLibrary-cAbsoluteBlueprintID>
			<BlueprintSetID>
				<iBlueprintLibrary-cBlueprintSetID>
					<Provider d:type="cDeltaString"></Provider>
					<Product d:type="cDeltaString"></Product>
				</iBlueprintLibrary-cBlueprintSetID>
			</BlueprintSetID>
			<BlueprintID d:type="cDeltaString"></BlueprintID>
		</iBlueprintLibrary-cAbsoluteBlueprintID>
	</WeatherExtensionBlueprint>
	<Rating d:type="sInt32">1</Rating>
	<LocoClass d:type="cDeltaString">LOCO_NO_CLASS</LocoClass>
	<HasRollingStart d:type="bool">0</HasRollingStart>
	<LoadedFromRollingStart d:type="bool">0</LoadedFromRollingStart>
	<FrontEndDriverList>
		<sDriverFrontEndDetails d:id="212182686">
			<ServiceName>
				<Localisation-cUserLocalisedString>
					<English d:type="cDeltaString">1A45 1745 Leeds to London Kings Cross</English>
					<French d:type="cDeltaString"></French>
					<Italian d:type="cDeltaString"></Italian>
					<German d:type="cDeltaString"></German>
					<Spanish d:type="cDeltaString"></Spanish>
					<Dutch d:type="cDeltaString"></Dutch>
					<Polish d:type="cDeltaString"></Polish>
					<Russian d:type="cDeltaString"></Russian>
					<Other/>
					<Key d:type="cDeltaString">a38a47cc-29e8-4f95-87e8-8e8589dcb0a9</Key>
				</Localisation-cUserLocalisedString>
			</ServiceName>
			<LocoName>
				<Localisation-cUserLocalisedString>
					<English d:type="cDeltaString">[91/1] DVT LNER (LED)</English>
					<French d:type="cDeltaString"></French>
					<Italian d:type="cDeltaString"></Italian>
					<German d:type="cDeltaString"></German>
					<Spanish d:type="cDeltaString"></Spanish>
					<Dutch d:type="cDeltaString"></Dutch>
					<Polish d:type="cDeltaString"></Polish>
					<Russian d:type="cDeltaString"></Russian>
					<Other/>
					<Key d:type="cDeltaString">RS_TXT_CL91_ICS</Key>
				</Localisation-cUserLocalisedString>
			</LocoName>
			<LocoBP>
				<iBlueprintLibrary-cAbsoluteBlueprintID>
					<BlueprintSetID>
						<iBlueprintLibrary-cBlueprintSetID>
							<Provider d:type="cDeltaString">DTG</Provider>
							<Product d:type="cDeltaString">Class91Pack02</Product>
						</iBlueprintLibrary-cBlueprintSetID>
					</BlueprintSetID>
					<BlueprintID d:type="cDeltaString">RailVehicles\Electric\MK4 DVT\LNER\Engine\MK4DVTNL.xml</BlueprintID>
				</iBlueprintLibrary-cAbsoluteBlueprintID>
			</LocoBP>
			<StartLocation>
				<Localisation-cUserLocalisedString>
					<English d:type="cDeltaString"></English>
					<French d:type="cDeltaString"></French>
					<Italian d:type="cDeltaString"></Italian>
					<German d:type="cDeltaString"></German>
					<Spanish d:type="cDeltaString"></Spanish>
					<Dutch d:type="cDeltaString"></Dutch>
					<Polish d:type="cDeltaString"></Polish>
					<Russian d:type="cDeltaString"></Russian>
					<Other/>
					<Key d:type="cDeltaString">090eef39-d2da-489d-83d8-6793a3a242cf</Key>
				</Localisation-cUserLocalisedString>
			</StartLocation>
			<LocoClass d:type="cDeltaString">LOCO_CLASS_DIESEL</LocoClass>
			<LocoAuthor d:type="cDeltaString">DTG</LocoAuthor>
			<FilePath d:type="cDeltaString">DTG\Class91Pack02\RailVehicles\Electric\MK4 DVT\LNER\Engine</FilePath>
			<Longitude d:type="sFloat64" d:alt_encoding="7F0B0D99AE43F2BF" d:precision="string">-1.14152</Longitude>
			<Latitude d:type="sFloat64" d:alt_encoding="B49700DF9DC44A40" d:precision="string">53.5361</Latitude>
			<Height d:type="sFloat32" d:alt_encoding="00000000CA1D1B40" d:precision="string">6.77909</Height>
			<PlayerDriver d:type="bool">0</PlayerDriver>
		</sDriverFrontEndDetails>
		<sDriverFrontEndDetails d:id="212182346">
			<ServiceName>
				<Localisation-cUserLocalisedString>
					<English d:type="cDeltaString">1Y90</English>
					<French d:type="cDeltaString"></French>
					<Italian d:type="cDeltaString"></Italian>
					<German d:type="cDeltaString"></German>
					<Spanish d:type="cDeltaString"></Spanish>
					<Dutch d:type="cDeltaString"></Dutch>
					<Polish d:type="cDeltaString"></Polish>
					<Russian d:type="cDeltaString"></Russian>
					<Other/>
					<Key d:type="cDeltaString">2119fc52-4e5d-4707-8687-583567ade0c9</Key>
				</Localisation-cUserLocalisedString>
			</ServiceName>
			<LocoName>
				<Localisation-cUserLocalisedString>
					<English d:type="cDeltaString">High Speed Train VTEC (MTU) AP</English>
					<French d:type="cDeltaString"></French>
					<Italian d:type="cDeltaString"></Italian>
					<German d:type="cDeltaString"></German>
					<Spanish d:type="cDeltaString"></Spanish>
					<Dutch d:type="cDeltaString"></Dutch>
					<Polish d:type="cDeltaString"></Polish>
					<Russian d:type="cDeltaString"></Russian>
					<Other/>
					<Key d:type="cDeltaString">3c481b41-a9e0-463a-a097-be651887ad1e</Key>
				</Localisation-cUserLocalisedString>
			</LocoName>
			<LocoBP>
				<iBlueprintLibrary-cAbsoluteBlueprintID>
					<BlueprintSetID>
						<iBlueprintLibrary-cBlueprintSetID>
							<Provider d:type="cDeltaString">Kuju</Provider>
							<Product d:type="cDeltaString">RailSimulator</Product>
						</iBlueprintLibrary-cBlueprintSetID>
					</BlueprintSetID>
					<BlueprintID d:type="cDeltaString">RailVehicles\Diesel\HST\BH_TSD LNER\Class43\class43_fgw_nd.xml</BlueprintID>
				</iBlueprintLibrary-cAbsoluteBlueprintID>
			</LocoBP>
			<StartLocation>
				<Localisation-cUserLocalisedString>
					<English d:type="cDeltaString">York Platform 6</English>
					<French d:type="cDeltaString"></French>
					<Italian d:type="cDeltaString"></Italian>
					<German d:type="cDeltaString"></German>
					<Spanish d:type="cDeltaString"></Spanish>
					<Dutch d:type="cDeltaString"></Dutch>
					<Polish d:type="cDeltaString"></Polish>
					<Russian d:type="cDeltaString"></Russian>
					<Other/>
					<Key d:type="cDeltaString">c94a71b9-08bd-457e-a9f0-8dbe1b331484</Key>
				</Localisation-cUserLocalisedString>
			</StartLocation>
			<LocoClass d:type="cDeltaString">LOCO_CLASS_DIESEL</LocoClass>
			<LocoAuthor d:type="cDeltaString">Kuju</LocoAuthor>
			<FilePath d:type="cDeltaString">Kuju\RailSimulator\RailVehicles\Diesel\HST\BH_TSD LNER\Class43</FilePath>
			<Longitude d:type="sFloat64" d:alt_encoding="EA8F8686CE7EF1BF" d:precision="string">-1.09346</Longitude>
			<Latitude d:type="sFloat64" d:alt_encoding="D69F653197FA4A40" d:precision="string">53.9577</Latitude>
			<Height d:type="sFloat32" d:alt_encoding="000000C0CCBC2E40" d:precision="string">15.3687</Height>
			<PlayerDriver d:type="bool">0</PlayerDriver>
		</sDriverFrontEndDetails>
		<sDriverFrontEndDetails d:id="212184930">
			<ServiceName>
				<Localisation-cUserLocalisedString>
					<English d:type="cDeltaString">5B41</English>
					<French d:type="cDeltaString"></French>
					<Italian d:type="cDeltaString"></Italian>
					<German d:type="cDeltaString"></German>
					<Spanish d:type="cDeltaString"></Spanish>
					<Dutch d:type="cDeltaString"></Dutch>
					<Polish d:type="cDeltaString"></Polish>
					<Russian d:type="cDeltaString"></Russian>
					<Other/>
					<Key d:type="cDeltaString">e35cec1d-4ff5-4320-a424-7ffeafdd7eb9</Key>
				</Localisation-cUserLocalisedString>
			</ServiceName>
			<LocoName>
				<Localisation-cUserLocalisedString>
					<English d:type="cDeltaString">Class 158 Northern AP</English>
					<French d:type="cDeltaString"></French>
					<Italian d:type="cDeltaString"></Italian>
					<German d:type="cDeltaString"></German>
					<Spanish d:type="cDeltaString"></Spanish>
					<Dutch d:type="cDeltaString"></Dutch>
					<Polish d:type="cDeltaString"></Polish>
					<Russian d:type="cDeltaString"></Russian>
					<Other/>
					<Key d:type="cDeltaString">Description</Key>
				</Localisation-cUserLocalisedString>
			</LocoName>
			<LocoBP>
				<iBlueprintLibrary-cAbsoluteBlueprintID>
					<BlueprintSetID>
						<iBlueprintLibrary-cBlueprintSetID>
							<Provider d:type="cDeltaString">RSC</Provider>
							<Product d:type="cDeltaString">Class159Pack01</Product>
						</iBlueprintLibrary-cBlueprintSetID>
					</BlueprintSetID>
					<BlueprintID d:type="cDeltaString">RailVehicles\Diesel\Class159\Northern_AP\DMSL\Class158C_DMSLA.xml</BlueprintID>
				</iBlueprintLibrary-cAbsoluteBlueprintID>
			</LocoBP>
			<StartLocation>
				<Localisation-cUserLocalisedString>
					<English d:type="cDeltaString">York Platform 2</English>
					<French d:type="cDeltaString"></French>
					<Italian d:type="cDeltaString"></Italian>
					<German d:type="cDeltaString"></German>
					<Spanish d:type="cDeltaString"></Spanish>
					<Dutch d:type="cDeltaString"></Dutch>
					<Polish d:type="cDeltaString"></Polish>
					<Russian d:type="cDeltaString"></Russian>
					<Other/>
					<Key d:type="cDeltaString">74d9aba7-2354-4190-af85-86093b56f661</Key>
				</Localisation-cUserLocalisedString>
			</StartLocation>
			<LocoClass d:type="cDeltaString">LOCO_CLASS_DIESEL</LocoClass>
			<LocoAuthor d:type="cDeltaString">RSC</LocoAuthor>
			<FilePath d:type="cDeltaString">RSC\Class159Pack01\RailVehicles\Diesel\Class159\Northern_AP\DMSL</FilePath>
			<Longitude d:type="sFloat64" d:alt_encoding="E952B93A3F7CF1BF" d:precision="string">-1.09283</Longitude>
			<Latitude d:type="sFloat64" d:alt_encoding="2E3A9E3DCCFA4A40" d:precision="string">53.9594</Latitude>
			<Height d:type="sFloat32" d:alt_encoding="000000A03FBE2E40" d:precision="string">15.3716</Height>
			<PlayerDriver d:type="bool">0</PlayerDriver>
		</sDriverFrontEndDetails>
		<sDriverFrontEndDetails d:id="212181598">
			<ServiceName>
				<Localisation-cUserLocalisedString>
					<English d:type="cDeltaString">2R17</English>
					<French d:type="cDeltaString"></French>
					<Italian d:type="cDeltaString"></Italian>
					<German d:type="cDeltaString"></German>
					<Spanish d:type="cDeltaString"></Spanish>
					<Dutch d:type="cDeltaString"></Dutch>
					<Polish d:type="cDeltaString"></Polish>
					<Russian d:type="cDeltaString"></Russian>
					<Other/>
					<Key d:type="cDeltaString">b9df2cb3-e9ba-4daa-b3b6-730adb9d730f</Key>
				</Localisation-cUserLocalisedString>
			</ServiceName>
			<LocoName>
				<Localisation-cUserLocalisedString>
					<English d:type="cDeltaString">AP Class 150/2 Northern</English>
					<French d:type="cDeltaString"></French>
					<Italian d:type="cDeltaString"></Italian>
					<German d:type="cDeltaString"></German>
					<Spanish d:type="cDeltaString"></Spanish>
					<Dutch d:type="cDeltaString"></Dutch>
					<Polish d:type="cDeltaString"></Polish>
					<Russian d:type="cDeltaString"></Russian>
					<Other/>
					<Key d:type="cDeltaString">Description</Key>
				</Localisation-cUserLocalisedString>
			</LocoName>
			<LocoBP>
				<iBlueprintLibrary-cAbsoluteBlueprintID>
					<BlueprintSetID>
						<iBlueprintLibrary-cBlueprintSetID>
							<Provider d:type="cDeltaString">AP</Provider>
							<Product d:type="cDeltaString">Class150Pack01</Product>
						</iBlueprintLibrary-cBlueprintSetID>
					</BlueprintSetID>
					<BlueprintID d:type="cDeltaString">RailVehicles\Class150\Northern_NL_AP\Class150_DMS.xml</BlueprintID>
				</iBlueprintLibrary-cAbsoluteBlueprintID>
			</LocoBP>
			<StartLocation>
				<Localisation-cUserLocalisedString>
					<English d:type="cDeltaString">York Platform 1</English>
					<French d:type="cDeltaString"></French>
					<Italian d:type="cDeltaString"></Italian>
					<German d:type="cDeltaString"></German>
					<Spanish d:type="cDeltaString"></Spanish>
					<Dutch d:type="cDeltaString"></Dutch>
					<Polish d:type="cDeltaString"></Polish>
					<Russian d:type="cDeltaString"></Russian>
					<Other/>
					<Key d:type="cDeltaString">20dcb666-0136-4574-8285-9a1997968375</Key>
				</Localisation-cUserLocalisedString>
			</StartLocation>
			<LocoClass d:type="cDeltaString">LOCO_CLASS_DIESEL</LocoClass>
			<LocoAuthor d:type="cDeltaString">AP</LocoAuthor>
			<FilePath d:type="cDeltaString">AP\Class150Pack01\RailVehicles\Class150\Northern_NL_AP</FilePath>
			<Longitude d:type="sFloat64" d:alt_encoding="C02EF999CC7DF1BF" d:precision="string">-1.09321</Longitude>
			<Latitude d:type="sFloat64" d:alt_encoding="D504CBD28DFA4A40" d:precision="string">53.9575</Latitude>
			<Height d:type="sFloat32" d:alt_encoding="00000020DEBE2E40" d:precision="string">15.3728</Height>
			<PlayerDriver d:type="bool">0</PlayerDriver>
		</sDriverFrontEndDetails>
		<sDriverFrontEndDetails d:id="212183502">
			<ServiceName>
				<Localisation-cUserLocalisedString>
					<English d:type="cDeltaString">1N29 1818 London Kings Cross to Newcastle</English>
					<French d:type="cDeltaString"></French>
					<Italian d:type="cDeltaString"></Italian>
					<German d:type="cDeltaString"></German>
					<Spanish d:type="cDeltaString"></Spanish>
					<Dutch d:type="cDeltaString"></Dutch>
					<Polish d:type="cDeltaString"></Polish>
					<Russian d:type="cDeltaString"></Russian>
					<Other/>
					<Key d:type="cDeltaString">1aaaa174-5828-4440-a236-dbaab8bb9f9c</Key>
				</Localisation-cUserLocalisedString>
			</ServiceName>
			<LocoName>
				<Localisation-cUserLocalisedString>
					<English d:type="cDeltaString">[91/1] LNER (LED)</English>
					<French d:type="cDeltaString"></French>
					<Italian d:type="cDeltaString"></Italian>
					<German d:type="cDeltaString"></German>
					<Spanish d:type="cDeltaString"></Spanish>
					<Dutch d:type="cDeltaString"></Dutch>
					<Polish d:type="cDeltaString"></Polish>
					<Russian d:type="cDeltaString"></Russian>
					<Other/>
					<Key d:type="cDeltaString">RS_TXT_CL91_ICS</Key>
				</Localisation-cUserLocalisedString>
			</LocoName>
			<LocoBP>
				<iBlueprintLibrary-cAbsoluteBlueprintID>
					<BlueprintSetID>
						<iBlueprintLibrary-cBlueprintSetID>
							<Provider d:type="cDeltaString">DTG</Provider>
							<Product d:type="cDeltaString">Class91Pack02</Product>
						</iBlueprintLibrary-cBlueprintSetID>
					</BlueprintSetID>
					<BlueprintID d:type="cDeltaString">RailVehicles\Electric\Class 91\LNER\Engine\Class91NL.xml</BlueprintID>
				</iBlueprintLibrary-cAbsoluteBlueprintID>
			</LocoBP>
			<StartLocation>
				<Localisation-cUserLocalisedString>
					<English d:type="cDeltaString"></English>
					<French d:type="cDeltaString"></French>
					<Italian d:type="cDeltaString"></Italian>
					<German d:type="cDeltaString"></German>
					<Spanish d:type="cDeltaString"></Spanish>
					<Dutch d:type="cDeltaString"></Dutch>
					<Polish d:type="cDeltaString"></Polish>
					<Russian d:type="cDeltaString"></Russian>
					<Other/>
					<Key d:type="cDeltaString">b63b6030-1bb7-4d20-b8de-451ee042956c</Key>
				</Localisation-cUserLocalisedString>
			</StartLocation>
			<LocoClass d:type="cDeltaString">LOCO_CLASS_ELECTRIC</LocoClass>
			<LocoAuthor d:type="cDeltaString">DTG</LocoAuthor>
			<FilePath d:type="cDeltaString">DTG\Class91Pack02\RailVehicles\Electric\Class 91\LNER\Engine</FilePath>
			<Longitude d:type="sFloat64" d:alt_encoding="10BD7B2B6565CFBF" d:precision="string">-0.245282</Longitude>
			<Latitude d:type="sFloat64" d:alt_encoding="124ACE55CA484A40" d:precision="string">52.5687</Latitude>
			<Height d:type="sFloat32" d:alt_encoding="000000608CA52340" d:precision="string">9.82334</Height>
			<PlayerDriver d:type="bool">0</PlayerDriver>
		</sDriverFrontEndDetails>
		<sDriverFrontEndDetails d:id="212181666">
			<ServiceName>
				<Localisation-cUserLocalisedString>
					<English d:type="cDeltaString">1D26 1803 London Kings Cross to Skipton</English>
					<French d:type="cDeltaString"></French>
					<Italian d:type="cDeltaString"></Italian>
					<German d:type="cDeltaString"></German>
					<Spanish d:type="cDeltaString"></Spanish>
					<Dutch d:type="cDeltaString"></Dutch>
					<Polish d:type="cDeltaString"></Polish>
					<Russian d:type="cDeltaString"></Russian>
					<Other/>
					<Key d:type="cDeltaString">d17c0fef-9c28-4855-8680-0d2c8a9acc78</Key>
				</Localisation-cUserLocalisedString>
			</ServiceName>
			<LocoName>
				<Localisation-cUserLocalisedString>
					<English d:type="cDeltaString">[91/1] LNER (LED)</English>
					<French d:type="cDeltaString"></French>
					<Italian d:type="cDeltaString"></Italian>
					<German d:type="cDeltaString"></German>
					<Spanish d:type="cDeltaString"></Spanish>
					<Dutch d:type="cDeltaString"></Dutch>
					<Polish d:type="cDeltaString"></Polish>
					<Russian d:type="cDeltaString"></Russian>
					<Other/>
					<Key d:type="cDeltaString">RS_TXT_CL91_ICS</Key>
				</Localisation-cUserLocalisedString>
			</LocoName>
			<LocoBP>
				<iBlueprintLibrary-cAbsoluteBlueprintID>
					<BlueprintSetID>
						<iBlueprintLibrary-cBlueprintSetID>
							<Provider d:type="cDeltaString">DTG</Provider>
							<Product d:type="cDeltaString">Class91Pack02</Product>
						</iBlueprintLibrary-cBlueprintSetID>
					</BlueprintSetID>
					<BlueprintID d:type="cDeltaString">RailVehicles\Electric\Class 91\IC119\Engine\Class91NL.xml</BlueprintID>
				</iBlueprintLibrary-cAbsoluteBlueprintID>
			</LocoBP>
			<StartLocation>
				<Localisation-cUserLocalisedString>
					<English d:type="cDeltaString">Peterboro Down Platform 4</English>
					<French d:type="cDeltaString"></French>
					<Italian d:type="cDeltaString"></Italian>
					<German d:type="cDeltaString"></German>
					<Spanish d:type="cDeltaString"></Spanish>
					<Dutch d:type="cDeltaString"></Dutch>
					<Polish d:type="cDeltaString"></Polish>
					<Russian d:type="cDeltaString"></Russian>
					<Other/>
					<Key d:type="cDeltaString">fde7cf54-39dd-4a58-926f-117792650e4b</Key>
				</Localisation-cUserLocalisedString>
			</StartLocation>
			<LocoClass d:type="cDeltaString">LOCO_CLASS_ELECTRIC</LocoClass>
			<LocoAuthor d:type="cDeltaString">DTG</LocoAuthor>
			<FilePath d:type="cDeltaString">DTG\Class91Pack02\RailVehicles\Electric\Class 91\IC119\Engine</FilePath>
			<Longitude d:type="sFloat64" d:alt_encoding="A0AF26A06D10D0BF" d:precision="string">-0.251003</Longitude>
			<Latitude d:type="sFloat64" d:alt_encoding="B7893381BB494A40" d:precision="string">52.576</Latitude>
			<Height d:type="sFloat32" d:alt_encoding="000000604FA52340" d:precision="string">9.82287</Height>
			<PlayerDriver d:type="bool">0</PlayerDriver>
		</sDriverFrontEndDetails>
		<sDriverFrontEndDetails d:id="212185406">
			<ServiceName>
				<Localisation-cUserLocalisedString>
					<English d:type="cDeltaString">1S28 1800 London Kings Cross to Edinburgh</English>
					<French d:type="cDeltaString"></French>
					<Italian d:type="cDeltaString"></Italian>
					<German d:type="cDeltaString"></German>
					<Spanish d:type="cDeltaString"></Spanish>
					<Dutch d:type="cDeltaString"></Dutch>
					<Polish d:type="cDeltaString"></Polish>
					<Russian d:type="cDeltaString"></Russian>
					<Other/>
					<Key d:type="cDeltaString">2fbab9e6-25fa-4f31-883f-b7b3f9aec4d1</Key>
				</Localisation-cUserLocalisedString>
			</ServiceName>
			<LocoName>
				<Localisation-cUserLocalisedString>
					<English d:type="cDeltaString">High Speed Train VTEC (MTU) AP</English>
					<French d:type="cDeltaString"></French>
					<Italian d:type="cDeltaString"></Italian>
					<German d:type="cDeltaString"></German>
					<Spanish d:type="cDeltaString"></Spanish>
					<Dutch d:type="cDeltaString"></Dutch>
					<Polish d:type="cDeltaString"></Polish>
					<Russian d:type="cDeltaString"></Russian>
					<Other/>
					<Key d:type="cDeltaString">22a5592b-2b5f-4f83-b195-2f7e963f41e7</Key>
				</Localisation-cUserLocalisedString>
			</LocoName>
			<LocoBP>
				<iBlueprintLibrary-cAbsoluteBlueprintID>
					<BlueprintSetID>
						<iBlueprintLibrary-cBlueprintSetID>
							<Provider d:type="cDeltaString">Kuju</Provider>
							<Product d:type="cDeltaString">RailSimulator</Product>
						</iBlueprintLibrary-cBlueprintSetID>
					</BlueprintSetID>
					<BlueprintID d:type="cDeltaString">RailVehicles\Diesel\HST\BH_TSD LNER\Class43\class43_fgw.xml</BlueprintID>
				</iBlueprintLibrary-cAbsoluteBlueprintID>
			</LocoBP>
			<StartLocation>
				<Localisation-cUserLocalisedString>
					<English d:type="cDeltaString"></English>
					<French d:type="cDeltaString"></French>
					<Italian d:type="cDeltaString"></Italian>
					<German d:type="cDeltaString"></German>
					<Spanish d:type="cDeltaString"></Spanish>
					<Dutch d:type="cDeltaString"></Dutch>
					<Polish d:type="cDeltaString"></Polish>
					<Russian d:type="cDeltaString"></Russian>
					<Other/>
					<Key d:type="cDeltaString">2f8b1ea9-ff38-48b5-a6cc-735a4a8b9ab9</Key>
				</Localisation-cUserLocalisedString>
			</StartLocation>
			<LocoClass d:type="cDeltaString">LOCO_CLASS_DIESEL</LocoClass>
			<LocoAuthor d:type="cDeltaString">Kuju</LocoAuthor>
			<FilePath d:type="cDeltaString">Kuju\RailSimulator\RailVehicles\Diesel\HST\BH_TSD LNER\Class43</FilePath>
			<Longitude d:type="sFloat64" d:alt_encoding="B020C1AE5F0BD0BF" d:precision="string">-0.250694</Longitude>
			<Latitude d:type="sFloat64" d:alt_encoding="5AEC22CCAF494A40" d:precision="string">52.5757</Latitude>
			<Height d:type="sFloat32" d:alt_encoding="000000401BA42340" d:precision="string">9.82052</Height>
			<PlayerDriver d:type="bool">0</PlayerDriver>
		</sDriverFrontEndDetails>
		<sDriverFrontEndDetails d:id="212185474">
			<ServiceName>
				<Localisation-cUserLocalisedString>
					<English d:type="cDeltaString">1S27 1730 London Kings Cross to Edinburgh</English>
					<French d:type="cDeltaString"></French>
					<Italian d:type="cDeltaString"></Italian>
					<German d:type="cDeltaString"></German>
					<Spanish d:type="cDeltaString"></Spanish>
					<Dutch d:type="cDeltaString"></Dutch>
					<Polish d:type="cDeltaString"></Polish>
					<Russian d:type="cDeltaString"></Russian>
					<Other/>
					<Key d:type="cDeltaString">d49fed99-c934-4f36-948e-419cd1714e63</Key>
				</Localisation-cUserLocalisedString>
			</ServiceName>
			<LocoName>
				<Localisation-cUserLocalisedString>
					<English d:type="cDeltaString">[91/1] LNER (LED)</English>
					<French d:type="cDeltaString"></French>
					<Italian d:type="cDeltaString"></Italian>
					<German d:type="cDeltaString"></German>
					<Spanish d:type="cDeltaString"></Spanish>
					<Dutch d:type="cDeltaString"></Dutch>
					<Polish d:type="cDeltaString"></Polish>
					<Russian d:type="cDeltaString"></Russian>
					<Other/>
					<Key d:type="cDeltaString">RS_TXT_CL91_ICS</Key>
				</Localisation-cUserLocalisedString>
			</LocoName>
			<LocoBP>
				<iBlueprintLibrary-cAbsoluteBlueprintID>
					<BlueprintSetID>
						<iBlueprintLibrary-cBlueprintSetID>
							<Provider d:type="cDeltaString">DTG</Provider>
							<Product d:type="cDeltaString">Class91Pack02</Product>
						</iBlueprintLibrary-cBlueprintSetID>
					</BlueprintSetID>
					<BlueprintID d:type="cDeltaString">RailVehicles\Electric\Class 91\LNER\Engine\Class91NL.xml</BlueprintID>
				</iBlueprintLibrary-cAbsoluteBlueprintID>
			</LocoBP>
			<StartLocation>
				<Localisation-cUserLocalisedString>
					<English d:type="cDeltaString"></English>
					<French d:type="cDeltaString"></French>
					<Italian d:type="cDeltaString"></Italian>
					<German d:type="cDeltaString"></German>
					<Spanish d:type="cDeltaString"></Spanish>
					<Dutch d:type="cDeltaString"></Dutch>
					<Polish d:type="cDeltaString"></Polish>
					<Russian d:type="cDeltaString"></Russian>
					<Other/>
					<Key d:type="cDeltaString">b7c9d651-296f-4ca1-92a3-84cb52395a4d</Key>
				</Localisation-cUserLocalisedString>
			</StartLocation>
			<LocoClass d:type="cDeltaString">LOCO_CLASS_ELECTRIC</LocoClass>
			<LocoAuthor d:type="cDeltaString">DTG</LocoAuthor>
			<FilePath d:type="cDeltaString">DTG\Class91Pack02\RailVehicles\Electric\Class 91\LNER\Engine</FilePath>
			<Longitude d:type="sFloat64" d:alt_encoding="FCF96CF0C78FE4BF" d:precision="string">-0.642551</Longitude>
			<Latitude d:type="sFloat64" d:alt_encoding="68F3D2BBEF7A4A40" d:precision="string">52.9604</Latitude>
			<Height d:type="sFloat32" d:alt_encoding="000000C0B1114C40" d:precision="string">56.1382</Height>
			<PlayerDriver d:type="bool">0</PlayerDriver>
		</sDriverFrontEndDetails>
		<sDriverFrontEndDetails d:id="212185134">
			<ServiceName>
				<Localisation-cUserLocalisedString>
					<English d:type="cDeltaString">1D24 1733 London Kings Cross to Harrogate</English>
					<French d:type="cDeltaString"></French>
					<Italian d:type="cDeltaString"></Italian>
					<German d:type="cDeltaString"></German>
					<Spanish d:type="cDeltaString"></Spanish>
					<Dutch d:type="cDeltaString"></Dutch>
					<Polish d:type="cDeltaString"></Polish>
					<Russian d:type="cDeltaString"></Russian>
					<Other/>
					<Key d:type="cDeltaString">2969ed6e-fb81-4f42-9bca-ba7e445cf569</Key>
				</Localisation-cUserLocalisedString>
			</ServiceName>
			<LocoName>
				<Localisation-cUserLocalisedString>
					<English d:type="cDeltaString">High Speed Train VTEC (MTU) AP</English>
					<French d:type="cDeltaString"></French>
					<Italian d:type="cDeltaString"></Italian>
					<German d:type="cDeltaString"></German>
					<Spanish d:type="cDeltaString"></Spanish>
					<Dutch d:type="cDeltaString"></Dutch>
					<Polish d:type="cDeltaString"></Polish>
					<Russian d:type="cDeltaString"></Russian>
					<Other/>
					<Key d:type="cDeltaString">21ddfcb2-e39b-4572-b421-98540bc3861b</Key>
				</Localisation-cUserLocalisedString>
			</LocoName>
			<LocoBP>
				<iBlueprintLibrary-cAbsoluteBlueprintID>
					<BlueprintSetID>
						<iBlueprintLibrary-cBlueprintSetID>
							<Provider d:type="cDeltaString">Kuju</Provider>
							<Product d:type="cDeltaString">RailSimulator</Product>
						</iBlueprintLibrary-cBlueprintSetID>
					</BlueprintSetID>
					<BlueprintID d:type="cDeltaString">RailVehicles\Diesel\HST\BH_TSD LNER\Class43\class43_fgw.xml</BlueprintID>
				</iBlueprintLibrary-cAbsoluteBlueprintID>
			</LocoBP>
			<StartLocation>
				<Localisation-cUserLocalisedString>
					<English d:type="cDeltaString">Grantham Platform 2 Down</English>
					<French d:type="cDeltaString"></French>
					<Italian d:type="cDeltaString"></Italian>
					<German d:type="cDeltaString"></German>
					<Spanish d:type="cDeltaString"></Spanish>
					<Dutch d:type="cDeltaString"></Dutch>
					<Polish d:type="cDeltaString"></Polish>
					<Russian d:type="cDeltaString"></Russian>
					<Other/>
					<Key d:type="cDeltaString">70a72c61-26a6-446a-8a54-3e600bda806b</Key>
				</Localisation-cUserLocalisedString>
			</StartLocation>
			<LocoClass d:type="cDeltaString">LOCO_CLASS_DIESEL</LocoClass>
			<LocoAuthor d:type="cDeltaString">Kuju</LocoAuthor>
			<FilePath d:type="cDeltaString">Kuju\RailSimulator\RailVehicles\Diesel\HST\BH_TSD LNER\Class43</FilePath>
			<Longitude d:type="sFloat64" d:alt_encoding="A0A6B53E949FE4BF" d:precision="string">-0.64448</Longitude>
			<Latitude d:type="sFloat64" d:alt_encoding="9EC3436B2D744A40" d:precision="string">52.9076</Latitude>
			<Height d:type="sFloat32" d:alt_encoding="000000A09AAF5140" d:precision="string">70.7438</Height>
			<PlayerDriver d:type="bool">0</PlayerDriver>
		</sDriverFrontEndDetails>
		<sDriverFrontEndDetails d:id="212181462">
			<ServiceName>
				<Localisation-cUserLocalisedString>
					<English d:type="cDeltaString">1D23 1703 London Kings Cross to Leeds</English>
					<French d:type="cDeltaString"></French>
					<Italian d:type="cDeltaString"></Italian>
					<German d:type="cDeltaString"></German>
					<Spanish d:type="cDeltaString"></Spanish>
					<Dutch d:type="cDeltaString"></Dutch>
					<Polish d:type="cDeltaString"></Polish>
					<Russian d:type="cDeltaString"></Russian>
					<Other/>
					<Key d:type="cDeltaString">0ca41c7f-41b0-4c49-bf31-55d7359a4ba3</Key>
				</Localisation-cUserLocalisedString>
			</ServiceName>
			<LocoName>
				<Localisation-cUserLocalisedString>
					<English d:type="cDeltaString">Class 800 LNER Azuma</English>
					<French d:type="cDeltaString"></French>
					<Italian d:type="cDeltaString"></Italian>
					<German d:type="cDeltaString"></German>
					<Spanish d:type="cDeltaString"></Spanish>
					<Dutch d:type="cDeltaString"></Dutch>
					<Polish d:type="cDeltaString"></Polish>
					<Russian d:type="cDeltaString"></Russian>
					<Other/>
					<Key d:type="cDeltaString">e09279b8-aced-454a-bdff-9a25fb93d35c</Key>
				</Localisation-cUserLocalisedString>
			</LocoName>
			<LocoBP>
				<iBlueprintLibrary-cAbsoluteBlueprintID>
					<BlueprintSetID>
						<iBlueprintLibrary-cBlueprintSetID>
							<Provider d:type="cDeltaString">DTG</Provider>
							<Product d:type="cDeltaString">Class801Pack01</Product>
						</iBlueprintLibrary-cBlueprintSetID>
					</BlueprintSetID>
					<BlueprintID d:type="cDeltaString">RailVehicles\Electric\Class800\LNER\Engine\Class800_DPTF-U1L1.xml</BlueprintID>
				</iBlueprintLibrary-cAbsoluteBlueprintID>
			</LocoBP>
			<StartLocation>
				<Localisation-cUserLocalisedString>
					<English d:type="cDeltaString">Newark Platform 1 Down</English>
					<French d:type="cDeltaString"></French>
					<Italian d:type="cDeltaString"></Italian>
					<German d:type="cDeltaString"></German>
					<Spanish d:type="cDeltaString"></Spanish>
					<Dutch d:type="cDeltaString"></Dutch>
					<Polish d:type="cDeltaString"></Polish>
					<Russian d:type="cDeltaString"></Russian>
					<Other/>
					<Key d:type="cDeltaString">510768ee-499b-4bdd-8cb4-6393bf7c8da4</Key>
				</Localisation-cUserLocalisedString>
			</StartLocation>
			<LocoClass d:type="cDeltaString">LOCO_CLASS_ELECTRIC</LocoClass>
			<LocoAuthor d:type="cDeltaString">DTG</LocoAuthor>
			<FilePath d:type="cDeltaString">DTG\Class801Pack01\RailVehicles\Electric\Class800\LNER\Engine</FilePath>
			<Longitude d:type="sFloat64" d:alt_encoding="B8B3E1687D99E9BF" d:precision="string">-0.799987</Longitude>
			<Latitude d:type="sFloat64" d:alt_encoding="1C97B9858B8A4A40" d:precision="string">53.0824</Latitude>
			<Height d:type="sFloat32" d:alt_encoding="000000008B922640" d:precision="string">11.2862</Height>
			<PlayerDriver d:type="bool">0</PlayerDriver>
		</sDriverFrontEndDetails>
		<sDriverFrontEndDetails d:id="212181530">
			<ServiceName>
				<Localisation-cUserLocalisedString>
					<English d:type="cDeltaString">1H10 1718 London Kings Cross to Hull</English>
					<French d:type="cDeltaString"></French>
					<Italian d:type="cDeltaString"></Italian>
					<German d:type="cDeltaString"></German>
					<Spanish d:type="cDeltaString"></Spanish>
					<Dutch d:type="cDeltaString"></Dutch>
					<Polish d:type="cDeltaString"></Polish>
					<Russian d:type="cDeltaString"></Russian>
					<Other/>
					<Key d:type="cDeltaString">d5505b98-7374-4127-88dc-e4c55c5cee94</Key>
				</Localisation-cUserLocalisedString>
			</ServiceName>
			<LocoName>
				<Localisation-cUserLocalisedString>
					<English d:type="cDeltaString">Class 800 LNER Azuma</English>
					<French d:type="cDeltaString"></French>
					<Italian d:type="cDeltaString"></Italian>
					<German d:type="cDeltaString"></German>
					<Spanish d:type="cDeltaString"></Spanish>
					<Dutch d:type="cDeltaString"></Dutch>
					<Polish d:type="cDeltaString"></Polish>
					<Russian d:type="cDeltaString"></Russian>
					<Other/>
					<Key d:type="cDeltaString">b9e86a6c-a306-4ae2-b024-9a83f7b335f0</Key>
				</Localisation-cUserLocalisedString>
			</LocoName>
			<LocoBP>
				<iBlueprintLibrary-cAbsoluteBlueprintID>
					<BlueprintSetID>
						<iBlueprintLibrary-cBlueprintSetID>
							<Provider d:type="cDeltaString">DTG</Provider>
							<Product d:type="cDeltaString">Class801Pack01</Product>
						</iBlueprintLibrary-cBlueprintSetID>
					</BlueprintSetID>
					<BlueprintID d:type="cDeltaString">RailVehicles\Electric\Class800\LNER\Engine\Class800_DPTF-U1L1.xml</BlueprintID>
				</iBlueprintLibrary-cAbsoluteBlueprintID>
			</LocoBP>
			<StartLocation>
				<Localisation-cUserLocalisedString>
					<English d:type="cDeltaString"></English>
					<French d:type="cDeltaString"></French>
					<Italian d:type="cDeltaString"></Italian>
					<German d:type="cDeltaString"></German>
					<Spanish d:type="cDeltaString"></Spanish>
					<Dutch d:type="cDeltaString"></Dutch>
					<Polish d:type="cDeltaString"></Polish>
					<Russian d:type="cDeltaString"></Russian>
					<Other/>
					<Key d:type="cDeltaString">018a208a-4564-4c43-96b2-4e1dbf930165</Key>
				</Localisation-cUserLocalisedString>
			</StartLocation>
			<LocoClass d:type="cDeltaString">LOCO_CLASS_ELECTRIC</LocoClass>
			<LocoAuthor d:type="cDeltaString">DTG</LocoAuthor>
			<FilePath d:type="cDeltaString">DTG\Class801Pack01\RailVehicles\Electric\Class800\LNER\Engine</FilePath>
			<Longitude d:type="sFloat64" d:alt_encoding="10AAB98DB792E7BF" d:precision="string">-0.73666</Longitude>
			<Latitude d:type="sFloat64" d:alt_encoding="E343071DE3844A40" d:precision="string">53.0382</Latitude>
			<Height d:type="sFloat32" d:alt_encoding="00000060F4CF3240" d:precision="string">18.8123</Height>
			<PlayerDriver d:type="bool">0</PlayerDriver>
		</sDriverFrontEndDetails>
		<sDriverFrontEndDetails d:id="212182278">
			<ServiceName>
				<Localisation-cUserLocalisedString>
					<English d:type="cDeltaString">1S26 1700 London Kings Cross to Edinburgh</English>
					<French d:type="cDeltaString"></French>
					<Italian d:type="cDeltaString"></Italian>
					<German d:type="cDeltaString"></German>
					<Spanish d:type="cDeltaString"></Spanish>
					<Dutch d:type="cDeltaString"></Dutch>
					<Polish d:type="cDeltaString"></Polish>
					<Russian d:type="cDeltaString"></Russian>
					<Other/>
					<Key d:type="cDeltaString">9bcc164c-5ac8-4eef-a349-6b6fb3b8c527</Key>
				</Localisation-cUserLocalisedString>
			</ServiceName>
			<LocoName>
				<Localisation-cUserLocalisedString>
					<English d:type="cDeltaString">High Speed Train VTEC (MTU) AP</English>
					<French d:type="cDeltaString"></French>
					<Italian d:type="cDeltaString"></Italian>
					<German d:type="cDeltaString"></German>
					<Spanish d:type="cDeltaString"></Spanish>
					<Dutch d:type="cDeltaString"></Dutch>
					<Polish d:type="cDeltaString"></Polish>
					<Russian d:type="cDeltaString"></Russian>
					<Other/>
					<Key d:type="cDeltaString">60c29e53-8bb2-4798-8bcf-56fb3364390f</Key>
				</Localisation-cUserLocalisedString>
			</LocoName>
			<LocoBP>
				<iBlueprintLibrary-cAbsoluteBlueprintID>
					<BlueprintSetID>
						<iBlueprintLibrary-cBlueprintSetID>
							<Provider d:type="cDeltaString">Kuju</Provider>
							<Product d:type="cDeltaString">RailSimulator</Product>
						</iBlueprintLibrary-cBlueprintSetID>
					</BlueprintSetID>
					<BlueprintID d:type="cDeltaString">RailVehicles\Diesel\HST\BH_TSD LNER\Class43\class43_fgw.xml</BlueprintID>
				</iBlueprintLibrary-cAbsoluteBlueprintID>
			</LocoBP>
			<StartLocation>
				<Localisation-cUserLocalisedString>
					<English d:type="cDeltaString"></English>
					<French d:type="cDeltaString"></French>
					<Italian d:type="cDeltaString"></Italian>
					<German d:type="cDeltaString"></German>
					<Spanish d:type="cDeltaString"></Spanish>
					<Dutch d:type="cDeltaString"></Dutch>
					<Polish d:type="cDeltaString"></Polish>
					<Russian d:type="cDeltaString"></Russian>
					<Other/>
					<Key d:type="cDeltaString">ff41388d-0366-4af9-9c6e-8d99b8a2dd87</Key>
				</Localisation-cUserLocalisedString>
			</StartLocation>
			<LocoClass d:type="cDeltaString">LOCO_CLASS_DIESEL</LocoClass>
			<LocoAuthor d:type="cDeltaString">Kuju</LocoAuthor>
			<FilePath d:type="cDeltaString">Kuju\RailSimulator\RailVehicles\Diesel\HST\BH_TSD LNER\Class43</FilePath>
			<Longitude d:type="sFloat64" d:alt_encoding="4CEBE8D77A1BEABF" d:precision="string">-0.815854</Longitude>
			<Latitude d:type="sFloat64" d:alt_encoding="BFCE021688954A40" d:precision="string">53.1682</Latitude>
			<Height d:type="sFloat32" d:alt_encoding="00000060343D2340" d:precision="string">9.61954</Height>
			<PlayerDriver d:type="bool">0</PlayerDriver>
		</sDriverFrontEndDetails>
		<sDriverFrontEndDetails d:id="212182890">
			<ServiceName>
				<Localisation-cUserLocalisedString>
					<English d:type="cDeltaString">1N94 1648 London Kings Cross to Sunderland</English>
					<French d:type="cDeltaString"></French>
					<Italian d:type="cDeltaString"></Italian>
					<German d:type="cDeltaString"></German>
					<Spanish d:type="cDeltaString"></Spanish>
					<Dutch d:type="cDeltaString"></Dutch>
					<Polish d:type="cDeltaString"></Polish>
					<Russian d:type="cDeltaString"></Russian>
					<Other/>
					<Key d:type="cDeltaString">6ce199be-247c-4f34-885b-bbab250899a9</Key>
				</Localisation-cUserLocalisedString>
			</ServiceName>
			<LocoName>
				<Localisation-cUserLocalisedString>
					<English d:type="cDeltaString">Class 180 (Adelante)</English>
					<French d:type="cDeltaString"></French>
					<Italian d:type="cDeltaString"></Italian>
					<German d:type="cDeltaString"></German>
					<Spanish d:type="cDeltaString"></Spanish>
					<Dutch d:type="cDeltaString"></Dutch>
					<Polish d:type="cDeltaString"></Polish>
					<Russian d:type="cDeltaString"></Russian>
					<Other/>
					<Key d:type="cDeltaString">8163eb54-e356-4954-b0bd-34986eb7088a</Key>
				</Localisation-cUserLocalisedString>
			</LocoName>
			<LocoBP>
				<iBlueprintLibrary-cAbsoluteBlueprintID>
					<BlueprintSetID>
						<iBlueprintLibrary-cBlueprintSetID>
							<Provider d:type="cDeltaString">DTG</Provider>
							<Product d:type="cDeltaString">Class180Pack01</Product>
						</iBlueprintLibrary-cBlueprintSetID>
					</BlueprintSetID>
					<BlueprintID d:type="cDeltaString">RailVehicles\Diesel\Class180\DMSL\180_DMSL.xml</BlueprintID>
				</iBlueprintLibrary-cAbsoluteBlueprintID>
			</LocoBP>
			<StartLocation>
				<Localisation-cUserLocalisedString>
					<English d:type="cDeltaString"></English>
					<French d:type="cDeltaString"></French>
					<Italian d:type="cDeltaString"></Italian>
					<German d:type="cDeltaString"></German>
					<Spanish d:type="cDeltaString"></Spanish>
					<Dutch d:type="cDeltaString"></Dutch>
					<Polish d:type="cDeltaString"></Polish>
					<Russian d:type="cDeltaString"></Russian>
					<Other/>
					<Key d:type="cDeltaString">22e3ed5b-25d2-4468-8478-9efd5fecc348</Key>
				</Localisation-cUserLocalisedString>
			</StartLocation>
			<LocoClass d:type="cDeltaString">LOCO_CLASS_DIESEL</LocoClass>
			<LocoAuthor d:type="cDeltaString">DTG</LocoAuthor>
			<FilePath d:type="cDeltaString">DTG\Class180Pack01\RailVehicles\Diesel\Class180\DMSL</FilePath>
			<Longitude d:type="sFloat64" d:alt_encoding="F08B41600B5BEEBF" d:precision="string">-0.948614</Longitude>
			<Latitude d:type="sFloat64" d:alt_encoding="C18984BA62A84A40" d:precision="string">53.3155</Latitude>
			<Height d:type="sFloat32" d:alt_encoding="000000603B783440" d:precision="string">20.4697</Height>
			<PlayerDriver d:type="bool">0</PlayerDriver>
		</sDriverFrontEndDetails>
		<sDriverFrontEndDetails d:id="212181734">
			<ServiceName>
				<Localisation-cUserLocalisedString>
					<English d:type="cDeltaString">1D22 1633 London Kings Cross to Leeds</English>
					<French d:type="cDeltaString"></French>
					<Italian d:type="cDeltaString"></Italian>
					<German d:type="cDeltaString"></German>
					<Spanish d:type="cDeltaString"></Spanish>
					<Dutch d:type="cDeltaString"></Dutch>
					<Polish d:type="cDeltaString"></Polish>
					<Russian d:type="cDeltaString"></Russian>
					<Other/>
					<Key d:type="cDeltaString">8b9907bc-ade5-4397-9056-9a85ec641f2b</Key>
				</Localisation-cUserLocalisedString>
			</ServiceName>
			<LocoName>
				<Localisation-cUserLocalisedString>
					<English d:type="cDeltaString">[91/1] LNER (LED)</English>
					<French d:type="cDeltaString"></French>
					<Italian d:type="cDeltaString"></Italian>
					<German d:type="cDeltaString"></German>
					<Spanish d:type="cDeltaString"></Spanish>
					<Dutch d:type="cDeltaString"></Dutch>
					<Polish d:type="cDeltaString"></Polish>
					<Russian d:type="cDeltaString"></Russian>
					<Other/>
					<Key d:type="cDeltaString">RS_TXT_CL91_ICS</Key>
				</Localisation-cUserLocalisedString>
			</LocoName>
			<LocoBP>
				<iBlueprintLibrary-cAbsoluteBlueprintID>
					<BlueprintSetID>
						<iBlueprintLibrary-cBlueprintSetID>
							<Provider d:type="cDeltaString">DTG</Provider>
							<Product d:type="cDeltaString">Class91Pack02</Product>
						</iBlueprintLibrary-cBlueprintSetID>
					</BlueprintSetID>
					<BlueprintID d:type="cDeltaString">RailVehicles\Electric\Class 91\LNER\Engine\Class91NL.xml</BlueprintID>
				</iBlueprintLibrary-cAbsoluteBlueprintID>
			</LocoBP>
			<StartLocation>
				<Localisation-cUserLocalisedString>
					<English d:type="cDeltaString">Retford Platform 2</English>
					<French d:type="cDeltaString"></French>
					<Italian d:type="cDeltaString"></Italian>
					<German d:type="cDeltaString"></German>
					<Spanish d:type="cDeltaString"></Spanish>
					<Dutch d:type="cDeltaString"></Dutch>
					<Polish d:type="cDeltaString"></Polish>
					<Russian d:type="cDeltaString"></Russian>
					<Other/>
					<Key d:type="cDeltaString">fcfcda49-8891-41eb-9425-8d75dbc596ef</Key>
				</Localisation-cUserLocalisedString>
			</StartLocation>
			<LocoClass d:type="cDeltaString">LOCO_CLASS_ELECTRIC</LocoClass>
			<LocoAuthor d:type="cDeltaString">DTG</LocoAuthor>
			<FilePath d:type="cDeltaString">DTG\Class91Pack02\RailVehicles\Electric\Class 91\LNER\Engine</FilePath>
			<Longitude d:type="sFloat64" d:alt_encoding="90494996FA49EEBF" d:precision="string">-0.946531</Longitude>
			<Latitude d:type="sFloat64" d:alt_encoding="F459AAA330A84A40" d:precision="string">53.314</Latitude>
			<Height d:type="sFloat32" d:alt_encoding="000000800A793440" d:precision="string">20.4728</Height>
			<PlayerDriver d:type="bool">0</PlayerDriver>
		</sDriverFrontEndDetails>
		<sDriverFrontEndDetails d:id="212181870">
			<ServiceName>
				<Localisation-cUserLocalisedString>
					<English d:type="cDeltaString">1A96 1709 Hull to London Kings Cross</English>
					<French d:type="cDeltaString"></French>
					<Italian d:type="cDeltaString"></Italian>
					<German d:type="cDeltaString"></German>
					<Spanish d:type="cDeltaString"></Spanish>
					<Dutch d:type="cDeltaString"></Dutch>
					<Polish d:type="cDeltaString"></Polish>
					<Russian d:type="cDeltaString"></Russian>
					<Other/>
					<Key d:type="cDeltaString">41f2d60b-e542-4cc8-91c4-ceb5b426bbb2</Key>
				</Localisation-cUserLocalisedString>
			</ServiceName>
			<LocoName>
				<Localisation-cUserLocalisedString>
					<English d:type="cDeltaString">High Speed Train First Great Western AP</English>
					<French d:type="cDeltaString"></French>
					<Italian d:type="cDeltaString"></Italian>
					<German d:type="cDeltaString"></German>
					<Spanish d:type="cDeltaString"></Spanish>
					<Dutch d:type="cDeltaString"></Dutch>
					<Polish d:type="cDeltaString"></Polish>
					<Russian d:type="cDeltaString"></Russian>
					<Other/>
					<Key d:type="cDeltaString">bb52064c-4e2d-4bd1-bd90-f99818f65d68</Key>
				</Localisation-cUserLocalisedString>
			</LocoName>
			<LocoBP>
				<iBlueprintLibrary-cAbsoluteBlueprintID>
					<BlueprintSetID>
						<iBlueprintLibrary-cBlueprintSetID>
							<Provider d:type="cDeltaString">Kuju</Provider>
							<Product d:type="cDeltaString">RailSimulator</Product>
						</iBlueprintLibrary-cBlueprintSetID>
					</BlueprintSetID>
					<BlueprintID d:type="cDeltaString">RailVehicles\Diesel\HST\FGW_AP\Class43\class43_fgw.xml</BlueprintID>
				</iBlueprintLibrary-cAbsoluteBlueprintID>
			</LocoBP>
			<StartLocation>
				<Localisation-cUserLocalisedString>
					<English d:type="cDeltaString">Doncaster Platform 1</English>
					<French d:type="cDeltaString"></French>
					<Italian d:type="cDeltaString"></Italian>
					<German d:type="cDeltaString"></German>
					<Spanish d:type="cDeltaString"></Spanish>
					<Dutch d:type="cDeltaString"></Dutch>
					<Polish d:type="cDeltaString"></Polish>
					<Russian d:type="cDeltaString"></Russian>
					<Other/>
					<Key d:type="cDeltaString">f3da6d64-2fab-4ed8-a640-9044dbf8e0c0</Key>
				</Localisation-cUserLocalisedString>
			</StartLocation>
			<LocoClass d:type="cDeltaString">LOCO_CLASS_DIESEL</LocoClass>
			<LocoAuthor d:type="cDeltaString">Kuju</LocoAuthor>
			<FilePath d:type="cDeltaString">Kuju\RailSimulator\RailVehicles\Diesel\HST\FGW_AP\Class43</FilePath>
			<Longitude d:type="sFloat64" d:alt_encoding="2DD6FB52D13AF2BF" d:precision="string">-1.13936</Longitude>
			<Latitude d:type="sFloat64" d:alt_encoding="4177D1C7D6C24A40" d:precision="string">53.5222</Latitude>
			<Height d:type="sFloat32" d:alt_encoding="000000006F201B40" d:precision="string">6.78167</Height>
			<PlayerDriver d:type="bool">0</PlayerDriver>
		</sDriverFrontEndDetails>
		<sDriverFrontEndDetails d:id="212185202">
			<ServiceName>
				<Localisation-cUserLocalisedString>
					<English d:type="cDeltaString">1D81 1627 London Kings Cross to Bradford Interchange</English>
					<French d:type="cDeltaString"></French>
					<Italian d:type="cDeltaString"></Italian>
					<German d:type="cDeltaString"></German>
					<Spanish d:type="cDeltaString"></Spanish>
					<Dutch d:type="cDeltaString"></Dutch>
					<Polish d:type="cDeltaString"></Polish>
					<Russian d:type="cDeltaString"></Russian>
					<Other/>
					<Key d:type="cDeltaString">8f0d411e-8dcd-4727-ba39-1713db5c984d</Key>
				</Localisation-cUserLocalisedString>
			</ServiceName>
			<LocoName>
				<Localisation-cUserLocalisedString>
					<English d:type="cDeltaString">Class 180 (Adelante)</English>
					<French d:type="cDeltaString"></French>
					<Italian d:type="cDeltaString"></Italian>
					<German d:type="cDeltaString"></German>
					<Spanish d:type="cDeltaString"></Spanish>
					<Dutch d:type="cDeltaString"></Dutch>
					<Polish d:type="cDeltaString"></Polish>
					<Russian d:type="cDeltaString"></Russian>
					<Other/>
					<Key d:type="cDeltaString">4a66d886-f919-4f59-b3a8-3461fb407a86</Key>
				</Localisation-cUserLocalisedString>
			</LocoName>
			<LocoBP>
				<iBlueprintLibrary-cAbsoluteBlueprintID>
					<BlueprintSetID>
						<iBlueprintLibrary-cBlueprintSetID>
							<Provider d:type="cDeltaString">DTG</Provider>
							<Product d:type="cDeltaString">Class180Pack01</Product>
						</iBlueprintLibrary-cBlueprintSetID>
					</BlueprintSetID>
					<BlueprintID d:type="cDeltaString">RailVehicles\Diesel\Class180\DMSL\180_DMSL.xml</BlueprintID>
				</iBlueprintLibrary-cAbsoluteBlueprintID>
			</LocoBP>
			<StartLocation>
				<Localisation-cUserLocalisedString>
					<English d:type="cDeltaString">Doncaster Platform 8</English>
					<French d:type="cDeltaString"></French>
					<Italian d:type="cDeltaString"></Italian>
					<German d:type="cDeltaString"></German>
					<Spanish d:type="cDeltaString"></Spanish>
					<Dutch d:type="cDeltaString"></Dutch>
					<Polish d:type="cDeltaString"></Polish>
					<Russian d:type="cDeltaString"></Russian>
					<Other/>
					<Key d:type="cDeltaString">1963123e-88ce-4142-aabe-9356370409a2</Key>
				</Localisation-cUserLocalisedString>
			</StartLocation>
			<LocoClass d:type="cDeltaString">LOCO_CLASS_DIESEL</LocoClass>
			<LocoAuthor d:type="cDeltaString">DTG</LocoAuthor>
			<FilePath d:type="cDeltaString">DTG\Class180Pack01\RailVehicles\Diesel\Class180\DMSL</FilePath>
			<Longitude d:type="sFloat64" d:alt_encoding="435C6230AD3EF2BF" d:precision="string">-1.1403</Longitude>
			<Latitude d:type="sFloat64" d:alt_encoding="63F7E557ECC24A40" d:precision="string">53.5228</Latitude>
			<Height d:type="sFloat32" d:alt_encoding="0000000068211B40" d:precision="string">6.78262</Height>
			<PlayerDriver d:type="bool">0</PlayerDriver>
		</sDriverFrontEndDetails>
		<sDriverFrontEndDetails d:id="212183706">
			<ServiceName>
				<Localisation-cUserLocalisedString>
					<English d:type="cDeltaString">1W24 1600 London Kings Cross to Aberdeen</English>
					<French d:type="cDeltaString"></French>
					<Italian d:type="cDeltaString"></Italian>
					<German d:type="cDeltaString"></German>
					<Spanish d:type="cDeltaString"></Spanish>
					<Dutch d:type="cDeltaString"></Dutch>
					<Polish d:type="cDeltaString"></Polish>
					<Russian d:type="cDeltaString"></Russian>
					<Other/>
					<Key d:type="cDeltaString">f54e4db1-b375-4c38-a777-cb25d4761301</Key>
				</Localisation-cUserLocalisedString>
			</ServiceName>
			<LocoName>
				<Localisation-cUserLocalisedString>
					<English d:type="cDeltaString">High Speed Train VTEC (MTU) AP</English>
					<French d:type="cDeltaString"></French>
					<Italian d:type="cDeltaString"></Italian>
					<German d:type="cDeltaString"></German>
					<Spanish d:type="cDeltaString"></Spanish>
					<Dutch d:type="cDeltaString"></Dutch>
					<Polish d:type="cDeltaString"></Polish>
					<Russian d:type="cDeltaString"></Russian>
					<Other/>
					<Key d:type="cDeltaString">deea7ebd-3848-435a-af72-e7964eca197f</Key>
				</Localisation-cUserLocalisedString>
			</LocoName>
			<LocoBP>
				<iBlueprintLibrary-cAbsoluteBlueprintID>
					<BlueprintSetID>
						<iBlueprintLibrary-cBlueprintSetID>
							<Provider d:type="cDeltaString">Kuju</Provider>
							<Product d:type="cDeltaString">RailSimulator</Product>
						</iBlueprintLibrary-cBlueprintSetID>
					</BlueprintSetID>
					<BlueprintID d:type="cDeltaString">RailVehicles\Diesel\HST\BH_TSD LNER\Class43\class43_fgw.xml</BlueprintID>
				</iBlueprintLibrary-cAbsoluteBlueprintID>
			</LocoBP>
			<StartLocation>
				<Localisation-cUserLocalisedString>
					<English d:type="cDeltaString"></English>
					<French d:type="cDeltaString"></French>
					<Italian d:type="cDeltaString"></Italian>
					<German d:type="cDeltaString"></German>
					<Spanish d:type="cDeltaString"></Spanish>
					<Dutch d:type="cDeltaString"></Dutch>
					<Polish d:type="cDeltaString"></Polish>
					<Russian d:type="cDeltaString"></Russian>
					<Other/>
					<Key d:type="cDeltaString">f968d17d-8444-4f48-85d3-eddb3716d02a</Key>
				</Localisation-cUserLocalisedString>
			</StartLocation>
			<LocoClass d:type="cDeltaString">LOCO_CLASS_DIESEL</LocoClass>
			<LocoAuthor d:type="cDeltaString">Kuju</LocoAuthor>
			<FilePath d:type="cDeltaString">Kuju\RailSimulator\RailVehicles\Diesel\HST\BH_TSD LNER\Class43</FilePath>
			<Longitude d:type="sFloat64" d:alt_encoding="6436A78627C0F2BF" d:precision="string">-1.17191</Longitude>
			<Latitude d:type="sFloat64" d:alt_encoding="B5367D758BF14A40" d:precision="string">53.8871</Latitude>
			<Height d:type="sFloat32" d:alt_encoding="000000E08C932E40" d:precision="string">15.2882</Height>
			<PlayerDriver d:type="bool">0</PlayerDriver>
		</sDriverFrontEndDetails>
		<sDriverFrontEndDetails d:id="212182006">
			<ServiceName>
				<Localisation-cUserLocalisedString>
					<English d:type="cDeltaString">1E48 1345 Reading to Newcastle</English>
					<French d:type="cDeltaString"></French>
					<Italian d:type="cDeltaString"></Italian>
					<German d:type="cDeltaString"></German>
					<Spanish d:type="cDeltaString"></Spanish>
					<Dutch d:type="cDeltaString"></Dutch>
					<Polish d:type="cDeltaString"></Polish>
					<Russian d:type="cDeltaString"></Russian>
					<Other/>
					<Key d:type="cDeltaString">b8e79eee-46fe-4084-825c-4dfd19d17f43</Key>
				</Localisation-cUserLocalisedString>
			</ServiceName>
			<LocoName>
				<Localisation-cUserLocalisedString>
					<English d:type="cDeltaString">JT Class 220 CC A (DMF)</English>
					<French d:type="cDeltaString">JT Class 220 CC A (DMF)</French>
					<Italian d:type="cDeltaString">JT Class 220 CC A (DMF)</Italian>
					<German d:type="cDeltaString">JT Class 220 CC A (DMF)</German>
					<Spanish d:type="cDeltaString">JT Class 220 CC A (DMF)</Spanish>
					<Dutch d:type="cDeltaString">JT Class 220 CC A (DMF)</Dutch>
					<Polish d:type="cDeltaString">JT Class 220 CC A (DMF)</Polish>
					<Russian d:type="cDeltaString">JT Class 220 CC A (DMF)</Russian>
					<Other/>
					<Key d:type="cDeltaString">65b3c75f-babd-48e9-bfdf-97ba4fcdbd38</Key>
				</Localisation-cUserLocalisedString>
			</LocoName>
			<LocoBP>
				<iBlueprintLibrary-cAbsoluteBlueprintID>
					<BlueprintSetID>
						<iBlueprintLibrary-cBlueprintSetID>
							<Provider d:type="cDeltaString">JustTrains</Provider>
							<Product d:type="cDeltaString">Voyager</Product>
						</iBlueprintLibrary-cBlueprintSetID>
					</BlueprintSetID>
					<BlueprintID d:type="cDeltaString">RailVehicles\Diesel\220\Brown\Engine\a25_locomotive_220_dmf_xc.xml</BlueprintID>
				</iBlueprintLibrary-cAbsoluteBlueprintID>
			</LocoBP>
			<StartLocation>
				<Localisation-cUserLocalisedString>
					<English d:type="cDeltaString">York Platform 10</English>
					<French d:type="cDeltaString"></French>
					<Italian d:type="cDeltaString"></Italian>
					<German d:type="cDeltaString"></German>
					<Spanish d:type="cDeltaString"></Spanish>
					<Dutch d:type="cDeltaString"></Dutch>
					<Polish d:type="cDeltaString"></Polish>
					<Russian d:type="cDeltaString"></Russian>
					<Other/>
					<Key d:type="cDeltaString">1b72ac0f-ddd8-4d38-be0b-a213fa1009db</Key>
				</Localisation-cUserLocalisedString>
			</StartLocation>
			<LocoClass d:type="cDeltaString">LOCO_CLASS_DIESEL</LocoClass>
			<LocoAuthor d:type="cDeltaString">JustTrains</LocoAuthor>
			<FilePath d:type="cDeltaString">JustTrains\Voyager\RailVehicles\Diesel\220\Brown\Engine</FilePath>
			<Longitude d:type="sFloat64" d:alt_encoding="F46F200E9780F1BF" d:precision="string">-1.09389</Longitude>
			<Latitude d:type="sFloat64" d:alt_encoding="DAD91B9DA2FA4A40" d:precision="string">53.9581</Latitude>
			<Height d:type="sFloat32" d:alt_encoding="000000C0CCBC2E40" d:precision="string">15.3687</Height>
			<PlayerDriver d:type="bool">0</PlayerDriver>
		</sDriverFrontEndDetails>
		<sDriverFrontEndDetails d:id="212183774">
			<ServiceName>
				<Localisation-cUserLocalisedString>
					<English d:type="cDeltaString">1Y44 1625 Newcastle to London Kings Cross</English>
					<French d:type="cDeltaString"></French>
					<Italian d:type="cDeltaString"></Italian>
					<German d:type="cDeltaString"></German>
					<Spanish d:type="cDeltaString"></Spanish>
					<Dutch d:type="cDeltaString"></Dutch>
					<Polish d:type="cDeltaString"></Polish>
					<Russian d:type="cDeltaString"></Russian>
					<Other/>
					<Key d:type="cDeltaString">d459d02e-6ac6-4f2b-932f-f2b9e6c3bdb2</Key>
				</Localisation-cUserLocalisedString>
			</ServiceName>
			<LocoName>
				<Localisation-cUserLocalisedString>
					<English d:type="cDeltaString">High Speed Train VTEC (MTU) AP</English>
					<French d:type="cDeltaString"></French>
					<Italian d:type="cDeltaString"></Italian>
					<German d:type="cDeltaString"></German>
					<Spanish d:type="cDeltaString"></Spanish>
					<Dutch d:type="cDeltaString"></Dutch>
					<Polish d:type="cDeltaString"></Polish>
					<Russian d:type="cDeltaString"></Russian>
					<Other/>
					<Key d:type="cDeltaString">5c3d6df1-2c23-4d29-90bb-6216f07a242a</Key>
				</Localisation-cUserLocalisedString>
			</LocoName>
			<LocoBP>
				<iBlueprintLibrary-cAbsoluteBlueprintID>
					<BlueprintSetID>
						<iBlueprintLibrary-cBlueprintSetID>
							<Provider d:type="cDeltaString">Kuju</Provider>
							<Product d:type="cDeltaString">RailSimulator</Product>
						</iBlueprintLibrary-cBlueprintSetID>
					</BlueprintSetID>
					<BlueprintID d:type="cDeltaString">RailVehicles\Diesel\HST\BH_TSD LNER\Class43\class43_fgw.xml</BlueprintID>
				</iBlueprintLibrary-cAbsoluteBlueprintID>
			</LocoBP>
			<StartLocation>
				<Localisation-cUserLocalisedString>
					<English d:type="cDeltaString">York Platform 3</English>
					<French d:type="cDeltaString"></French>
					<Italian d:type="cDeltaString"></Italian>
					<German d:type="cDeltaString"></German>
					<Spanish d:type="cDeltaString"></Spanish>
					<Dutch d:type="cDeltaString"></Dutch>
					<Polish d:type="cDeltaString"></Polish>
					<Russian d:type="cDeltaString"></Russian>
					<Other/>
					<Key d:type="cDeltaString">ff06ad58-2ed9-4062-b8c9-a42dfab05512</Key>
				</Localisation-cUserLocalisedString>
			</StartLocation>
			<LocoClass d:type="cDeltaString">LOCO_CLASS_DIESEL</LocoClass>
			<LocoAuthor d:type="cDeltaString">Kuju</LocoAuthor>
			<FilePath d:type="cDeltaString">Kuju\RailSimulator\RailVehicles\Diesel\HST\BH_TSD LNER\Class43</FilePath>
			<Longitude d:type="sFloat64" d:alt_encoding="6F2ADBA8A07CF1BF" d:precision="string">-1.09293</Longitude>
			<Latitude d:type="sFloat64" d:alt_encoding="AD6B7C87A8FA4A40" d:precision="string">53.9583</Latitude>
			<Height d:type="sFloat32" d:alt_encoding="000000C0CCBC2E40" d:precision="string">15.3687</Height>
			<PlayerDriver d:type="bool">1</PlayerDriver>
		</sDriverFrontEndDetails>
		<sDriverFrontEndDetails d:id="212182550">
			<ServiceName>
				<Localisation-cUserLocalisedString>
					<English d:type="cDeltaString">2T59 1935 Newark North Gate to Cleethorpes</English>
					<French d:type="cDeltaString"></French>
					<Italian d:type="cDeltaString"></Italian>
					<German d:type="cDeltaString"></German>
					<Spanish d:type="cDeltaString"></Spanish>
					<Dutch d:type="cDeltaString"></Dutch>
					<Polish d:type="cDeltaString"></Polish>
					<Russian d:type="cDeltaString"></Russian>
					<Other/>
					<Key d:type="cDeltaString">bc2b7941-d6e6-44d3-961d-e6986e59c49d</Key>
				</Localisation-cUserLocalisedString>
			</ServiceName>
			<LocoName>
				<Localisation-cUserLocalisedString>
					<English d:type="cDeltaString">AP Class 156 Ex-East Midlands Trains (East Midlands Railway)</English>
					<French d:type="cDeltaString"></French>
					<Italian d:type="cDeltaString"></Italian>
					<German d:type="cDeltaString"></German>
					<Spanish d:type="cDeltaString"></Spanish>
					<Dutch d:type="cDeltaString"></Dutch>
					<Polish d:type="cDeltaString"></Polish>
					<Russian d:type="cDeltaString"></Russian>
					<Other/>
					<Key d:type="cDeltaString">7f835ec0-2517-4fa3-b0e7-fb96e21d335e</Key>
				</Localisation-cUserLocalisedString>
			</LocoName>
			<LocoBP>
				<iBlueprintLibrary-cAbsoluteBlueprintID>
					<BlueprintSetID>
						<iBlueprintLibrary-cBlueprintSetID>
							<Provider d:type="cDeltaString">AP</Provider>
							<Product d:type="cDeltaString">Class156Pack01</Product>
						</iBlueprintLibrary-cBlueprintSetID>
					</BlueprintSetID>
					<BlueprintID d:type="cDeltaString">RailVehicles\Diesel\Liveries\EMT_PRM\156_DMSA_EMR.xml</BlueprintID>
				</iBlueprintLibrary-cAbsoluteBlueprintID>
			</LocoBP>
			<StartLocation>
				<Localisation-cUserLocalisedString>
					<English d:type="cDeltaString">Newark Platform 3 Bay</English>
					<French d:type="cDeltaString"></French>
					<Italian d:type="cDeltaString"></Italian>
					<German d:type="cDeltaString"></German>
					<Spanish d:type="cDeltaString"></Spanish>
					<Dutch d:type="cDeltaString"></Dutch>
					<Polish d:type="cDeltaString"></Polish>
					<Russian d:type="cDeltaString"></Russian>
					<Other/>
					<Key d:type="cDeltaString">9bbeb836-786f-4911-a003-39513995d8cc</Key>
				</Localisation-cUserLocalisedString>
			</StartLocation>
			<LocoClass d:type="cDeltaString">LOCO_CLASS_DIESEL</LocoClass>
			<LocoAuthor d:type="cDeltaString">AP</LocoAuthor>
			<FilePath d:type="cDeltaString">AP\Class156Pack01\RailVehicles\Diesel\Liveries\EMT_PRM</FilePath>
			<Longitude d:type="sFloat64" d:alt_encoding="20A7E055F295E9BF" d:precision="string">-0.799554</Longitude>
			<Latitude d:type="sFloat64" d:alt_encoding="D2A6753D808A4A40" d:precision="string">53.082</Latitude>
			<Height d:type="sFloat32" d:alt_encoding="000000A06E922640" d:precision="string">11.286</Height>
			<PlayerDriver d:type="bool">0</PlayerDriver>
		</sDriverFrontEndDetails>
		<sDriverFrontEndDetails d:id="212183162">
			<ServiceName>
				<Localisation-cUserLocalisedString>
					<English d:type="cDeltaString">2B80 1828 Doncaster to Leeds</English>
					<French d:type="cDeltaString"></French>
					<Italian d:type="cDeltaString"></Italian>
					<German d:type="cDeltaString"></German>
					<Spanish d:type="cDeltaString"></Spanish>
					<Dutch d:type="cDeltaString"></Dutch>
					<Polish d:type="cDeltaString"></Polish>
					<Russian d:type="cDeltaString"></Russian>
					<Other/>
					<Key d:type="cDeltaString">6aec678a-996f-434b-8503-06679bdd4edf</Key>
				</Localisation-cUserLocalisedString>
			</ServiceName>
			<LocoName>
				<Localisation-cUserLocalisedString>
					<English d:type="cDeltaString">Class 322 Northern Rail</English>
					<French d:type="cDeltaString">Class 322 Northern Rail</French>
					<Italian d:type="cDeltaString">Class 322 Northern Rail</Italian>
					<German d:type="cDeltaString">Class 322 Northern Rail</German>
					<Spanish d:type="cDeltaString">Class 322 Northern Rail</Spanish>
					<Dutch d:type="cDeltaString">Class 322 Northern Rail</Dutch>
					<Polish d:type="cDeltaString">Class 322 Northern Rail</Polish>
					<Russian d:type="cDeltaString">Class 322 Northern Rail</Russian>
					<Other/>
					<Key d:type="cDeltaString">AP_TXT_321_DTCOONE</Key>
				</Localisation-cUserLocalisedString>
			</LocoName>
			<LocoBP>
				<iBlueprintLibrary-cAbsoluteBlueprintID>
					<BlueprintSetID>
						<iBlueprintLibrary-cBlueprintSetID>
							<Provider d:type="cDeltaString">AP</Provider>
							<Product d:type="cDeltaString">Class321Pack01</Product>
						</iBlueprintLibrary-cBlueprintSetID>
					</BlueprintSetID>
					<BlueprintID d:type="cDeltaString">RailVehicles\Class321\NR_YUB\DTCO\Class_321_DTCO.xml</BlueprintID>
				</iBlueprintLibrary-cAbsoluteBlueprintID>
			</LocoBP>
			<StartLocation>
				<Localisation-cUserLocalisedString>
					<English d:type="cDeltaString">Doncaster Platform 6</English>
					<French d:type="cDeltaString"></French>
					<Italian d:type="cDeltaString"></Italian>
					<German d:type="cDeltaString"></German>
					<Spanish d:type="cDeltaString"></Spanish>
					<Dutch d:type="cDeltaString"></Dutch>
					<Polish d:type="cDeltaString"></Polish>
					<Russian d:type="cDeltaString"></Russian>
					<Other/>
					<Key d:type="cDeltaString">b2c3563e-17a4-4f54-98a6-e13144a225f0</Key>
				</Localisation-cUserLocalisedString>
			</StartLocation>
			<LocoClass d:type="cDeltaString">LOCO_CLASS_ELECTRIC</LocoClass>
			<LocoAuthor d:type="cDeltaString">AP</LocoAuthor>
			<FilePath d:type="cDeltaString">AP\Class321Pack01\RailVehicles\Class321\NR_YUB\DTCO</FilePath>
			<Longitude d:type="sFloat64" d:alt_encoding="5C4991D9333EF2BF" d:precision="string">-1.14019</Longitude>
			<Latitude d:type="sFloat64" d:alt_encoding="7BCB36DCE5C24A40" d:precision="string">53.5226</Latitude>
			<Height d:type="sFloat32" d:alt_encoding="000000A079241B40" d:precision="string">6.78562</Height>
			<PlayerDriver d:type="bool">0</PlayerDriver>
		</sDriverFrontEndDetails>
		<sDriverFrontEndDetails d:id="212184726">
			<ServiceName>
				<Localisation-cUserLocalisedString>
					<English d:type="cDeltaString">2C85 1730 Sheffield to Hull</English>
					<French d:type="cDeltaString"></French>
					<Italian d:type="cDeltaString"></Italian>
					<German d:type="cDeltaString"></German>
					<Spanish d:type="cDeltaString"></Spanish>
					<Dutch d:type="cDeltaString"></Dutch>
					<Polish d:type="cDeltaString"></Polish>
					<Russian d:type="cDeltaString"></Russian>
					<Other/>
					<Key d:type="cDeltaString">ca010410-bd77-466b-8b7b-8d485d960bc5</Key>
				</Localisation-cUserLocalisedString>
			</ServiceName>
			<LocoName>
				<Localisation-cUserLocalisedString>
					<English d:type="cDeltaString">Class 142 ex-Northern Rail</English>
					<French d:type="cDeltaString"></French>
					<Italian d:type="cDeltaString"></Italian>
					<German d:type="cDeltaString"></German>
					<Spanish d:type="cDeltaString"></Spanish>
					<Dutch d:type="cDeltaString"></Dutch>
					<Polish d:type="cDeltaString"></Polish>
					<Russian d:type="cDeltaString"></Russian>
					<Other/>
					<Key d:type="cDeltaString">6ff42032-7481-444e-8736-142453d94f76</Key>
				</Localisation-cUserLocalisedString>
			</LocoName>
			<LocoBP>
				<iBlueprintLibrary-cAbsoluteBlueprintID>
					<BlueprintSetID>
						<iBlueprintLibrary-cBlueprintSetID>
							<Provider d:type="cDeltaString">AP_Waggonz</Provider>
							<Product d:type="cDeltaString">Class142Pack</Product>
						</iBlueprintLibrary-cBlueprintSetID>
					</BlueprintSetID>
					<BlueprintID d:type="cDeltaString">RailVehicles\Class142\Ex-Northern Rail\DMSL\Class 142DMSL.xml</BlueprintID>
				</iBlueprintLibrary-cAbsoluteBlueprintID>
			</LocoBP>
			<StartLocation>
				<Localisation-cUserLocalisedString>
					<English d:type="cDeltaString"></English>
					<French d:type="cDeltaString"></French>
					<Italian d:type="cDeltaString"></Italian>
					<German d:type="cDeltaString"></German>
					<Spanish d:type="cDeltaString"></Spanish>
					<Dutch d:type="cDeltaString"></Dutch>
					<Polish d:type="cDeltaString"></Polish>
					<Russian d:type="cDeltaString"></Russian>
					<Other/>
					<Key d:type="cDeltaString">d70b1f79-2e1c-4597-8dfa-503f21f95bf2</Key>
				</Localisation-cUserLocalisedString>
			</StartLocation>
			<LocoClass d:type="cDeltaString">LOCO_CLASS_DIESEL</LocoClass>
			<LocoAuthor d:type="cDeltaString">AP_Waggonz</LocoAuthor>
			<FilePath d:type="cDeltaString">AP_Waggonz\Class142Pack\RailVehicles\Class142\Ex-Northern Rail\DMSL</FilePath>
			<Longitude d:type="sFloat64" d:alt_encoding="40A8CB5E4281F2BF" d:precision="string">-1.15656</Longitude>
			<Latitude d:type="sFloat64" d:alt_encoding="D592F94353C14A40" d:precision="string">53.5104</Latitude>
			<Height d:type="sFloat32" d:alt_encoding="00000020F0151B40" d:precision="string">6.77142</Height>
			<PlayerDriver d:type="bool">0</PlayerDriver>
		</sDriverFrontEndDetails>
		<sDriverFrontEndDetails d:id="212181938">
			<ServiceName>
				<Localisation-cUserLocalisedString>
					<English d:type="cDeltaString">2T54 1724 Leeds to York</English>
					<French d:type="cDeltaString"></French>
					<Italian d:type="cDeltaString"></Italian>
					<German d:type="cDeltaString"></German>
					<Spanish d:type="cDeltaString"></Spanish>
					<Dutch d:type="cDeltaString"></Dutch>
					<Polish d:type="cDeltaString"></Polish>
					<Russian d:type="cDeltaString"></Russian>
					<Other/>
					<Key d:type="cDeltaString">ed741106-430e-4930-8b9c-cca60e93d2c4</Key>
				</Localisation-cUserLocalisedString>
			</ServiceName>
			<LocoName>
				<Localisation-cUserLocalisedString>
					<English d:type="cDeltaString">Class 158 Northern AP</English>
					<French d:type="cDeltaString"></French>
					<Italian d:type="cDeltaString"></Italian>
					<German d:type="cDeltaString"></German>
					<Spanish d:type="cDeltaString"></Spanish>
					<Dutch d:type="cDeltaString"></Dutch>
					<Polish d:type="cDeltaString"></Polish>
					<Russian d:type="cDeltaString"></Russian>
					<Other/>
					<Key d:type="cDeltaString">Description</Key>
				</Localisation-cUserLocalisedString>
			</LocoName>
			<LocoBP>
				<iBlueprintLibrary-cAbsoluteBlueprintID>
					<BlueprintSetID>
						<iBlueprintLibrary-cBlueprintSetID>
							<Provider d:type="cDeltaString">RSC</Provider>
							<Product d:type="cDeltaString">Class159Pack01</Product>
						</iBlueprintLibrary-cBlueprintSetID>
					</BlueprintSetID>
					<BlueprintID d:type="cDeltaString">RailVehicles\Diesel\Class159\Northern_AP\DMSL\Class158C_DMSLA.xml</BlueprintID>
				</iBlueprintLibrary-cAbsoluteBlueprintID>
			</LocoBP>
			<StartLocation>
				<Localisation-cUserLocalisedString>
					<English d:type="cDeltaString"></English>
					<French d:type="cDeltaString"></French>
					<Italian d:type="cDeltaString"></Italian>
					<German d:type="cDeltaString"></German>
					<Spanish d:type="cDeltaString"></Spanish>
					<Dutch d:type="cDeltaString"></Dutch>
					<Polish d:type="cDeltaString"></Polish>
					<Russian d:type="cDeltaString"></Russian>
					<Other/>
					<Key d:type="cDeltaString">c671111d-615f-43a9-a9ca-ae80a544f297</Key>
				</Localisation-cUserLocalisedString>
			</StartLocation>
			<LocoClass d:type="cDeltaString">LOCO_CLASS_DIESEL</LocoClass>
			<LocoAuthor d:type="cDeltaString">RSC</LocoAuthor>
			<FilePath d:type="cDeltaString">RSC\Class159Pack01\RailVehicles\Diesel\Class159\Northern_AP\DMSL</FilePath>
			<Longitude d:type="sFloat64" d:alt_encoding="98202A4FE1BEF2BF" d:precision="string">-1.1716</Longitude>
			<Latitude d:type="sFloat64" d:alt_encoding="C8A28969BBF14A40" d:precision="string">53.8885</Latitude>
			<Height d:type="sFloat32" d:alt_encoding="000000E07FB62E40" d:precision="string">15.3564</Height>
			<PlayerDriver d:type="bool">0</PlayerDriver>
		</sDriverFrontEndDetails>
	</FrontEndDriverList>
	<RequiredSet>
		<iBlueprintLibrary-cBlueprintSetID d:id="208707332">
			<Provider d:type="cDeltaString">AP</Provider>
			<Product d:type="cDeltaString">Class150Pack01</Product>
		</iBlueprintLibrary-cBlueprintSetID>
		<iBlueprintLibrary-cBlueprintSetID d:id="208707334">
			<Provider d:type="cDeltaString">AP</Provider>
			<Product d:type="cDeltaString">Class156Pack01</Product>
		</iBlueprintLibrary-cBlueprintSetID>
		<iBlueprintLibrary-cBlueprintSetID d:id="208707336">
			<Provider d:type="cDeltaString">AP</Provider>
			<Product d:type="cDeltaString">Class321Pack01</Product>
		</iBlueprintLibrary-cBlueprintSetID>
		<iBlueprintLibrary-cBlueprintSetID d:id="208707338">
			<Provider d:type="cDeltaString">AP_Waggonz</Provider>
			<Product d:type="cDeltaString">Class142Pack</Product>
		</iBlueprintLibrary-cBlueprintSetID>
		<iBlueprintLibrary-cBlueprintSetID d:id="208707340">
			<Provider d:type="cDeltaString">DTG</Provider>
			<Product d:type="cDeltaString">Class180Pack01</Product>
		</iBlueprintLibrary-cBlueprintSetID>
		<iBlueprintLibrary-cBlueprintSetID d:id="208707342">
			<Provider d:type="cDeltaString">DTG</Provider>
			<Product d:type="cDeltaString">Class801Pack01</Product>
		</iBlueprintLibrary-cBlueprintSetID>
		<iBlueprintLibrary-cBlueprintSetID d:id="208707344">
			<Provider d:type="cDeltaString">DTG</Provider>
			<Product d:type="cDeltaString">Class91Pack02</Product>
		</iBlueprintLibrary-cBlueprintSetID>
		<iBlueprintLibrary-cBlueprintSetID d:id="208707346">
			<Provider d:type="cDeltaString">JustTrains</Provider>
			<Product d:type="cDeltaString">Voyager</Product>
		</iBlueprintLibrary-cBlueprintSetID>
		<iBlueprintLibrary-cBlueprintSetID d:id="208707348">
			<Provider d:type="cDeltaString">Kuju</Provider>
			<Product d:type="cDeltaString">RailSimulator</Product>
		</iBlueprintLibrary-cBlueprintSetID>
		<iBlueprintLibrary-cBlueprintSetID d:id="208707350">
			<Provider d:type="cDeltaString">RSC</Provider>
			<Product d:type="cDeltaString">Class159Pack01</Product>
		</iBlueprintLibrary-cBlueprintSetID>
	</RequiredSet>
	<Gizmo>
		<cOwnedEntity d:id="212121862">
			<Component>
				<cEditorSceneryRender d:id="162381384">
					<DetailLevel d:type="sInt32">10</DetailLevel>
					<Global d:type="bool">0</Global>
					<Saved d:type="bool">1</Saved>
					<Palette0Index d:type="sUInt8">0</Palette0Index>
					<Palette1Index d:type="sUInt8">0</Palette1Index>
					<Palette2Index d:type="sUInt8">0</Palette2Index>
				</cEditorSceneryRender>
				<cPosOri d:id="212190706">
					<Scale d:numElements="4" d:elementType="sFloat32" d:precision="string">1.0000000 1.0000000 1.0000000 0.0000000</Scale>
					<RFarMatrix>
						<cFarMatrix d:id="212190712">
							<Height d:type="sFloat32" d:alt_encoding="000000606D252F40" d:precision="string">15.5731</Height>
							<RXAxis d:numElements="4" d:elementType="sFloat32" d:precision="string">1.0000000 0.0000000 0.0000000 0.0000000</RXAxis>
							<RYAxis d:numElements="4" d:elementType="sFloat32" d:precision="string">0.0000000 1.0000000 0.0000000 0.0000000</RYAxis>
							<RZAxis d:numElements="4" d:elementType="sFloat32" d:precision="string">0.0000000 0.0000000 1.0000000 0.0000000</RZAxis>
							<RFarPosition>
								<cFarVector2 d:id="212190719">
									<X>
										<cFarCoordinate>
											<RouteCoordinate>
												<cRouteCoordinate>
													<Distance d:type="sInt32">-22</Distance>
												</cRouteCoordinate>
											</RouteCoordinate>
											<TileCoordinate>
												<cTileCoordinate>
													<Distance d:type="sFloat32" d:alt_encoding="0000006039E46B40" d:precision="string">223.132</Distance>
												</cTileCoordinate>
											</TileCoordinate>
										</cFarCoordinate>
									</X>
									<Z>
										<cFarCoordinate>
											<RouteCoordinate>
												<cRouteCoordinate>
													<Distance d:type="sInt32">94</Distance>
												</cRouteCoordinate>
											</RouteCoordinate>
											<TileCoordinate>
												<cTileCoordinate>
													<Distance d:type="sFloat32" d:alt_encoding="000000A0F1548240" d:precision="string">586.618</Distance>
												</cTileCoordinate>
											</TileCoordinate>
										</cFarCoordinate>
									</Z>
								</cFarVector2>
							</RFarPosition>
						</cFarMatrix>
					</RFarMatrix>
				</cPosOri>
				<cScriptComponent d:id="157299014">
					<DebugDisplay d:type="bool">1</DebugDisplay>
					<StateName d:type="cDeltaString"></StateName>
				</cScriptComponent>
			</Component>
			<BlueprintID>
				<iBlueprintLibrary-cAbsoluteBlueprintID>
					<BlueprintSetID>
						<iBlueprintLibrary-cBlueprintSetID>
							<Provider d:type="cDeltaString">Kuju</Provider>
							<Product d:type="cDeltaString">RailSimulatorCore</Product>
						</iBlueprintLibrary-cBlueprintSetID>
					</BlueprintSetID>
					<BlueprintID d:type="cDeltaString">Editor\Gizmo\Scenario Markers\Standard Scenario Marker.xml</BlueprintID>
				</iBlueprintLibrary-cAbsoluteBlueprintID>
			</BlueprintID>
			<ReskinBlueprintID>
				<iBlueprintLibrary-cAbsoluteBlueprintID>
					<BlueprintSetID>
						<iBlueprintLibrary-cBlueprintSetID>
							<Provider d:type="cDeltaString"></Provider>
							<Product d:type="cDeltaString"></Product>
						</iBlueprintLibrary-cBlueprintSetID>
					</BlueprintSetID>
					<BlueprintID d:type="cDeltaString"></BlueprintID>
				</iBlueprintLibrary-cAbsoluteBlueprintID>
			</ReskinBlueprintID>
			<Name d:type="cDeltaString">Standard Scenario Marker</Name>
			<EntityID>
				<cGUID>
					<UUID>
						<e d:type="sUInt64">5422614010644963141</e>
						<e d:type="sUInt64">6415651070325322428</e>
					</UUID>
					<DevString d:type="cDeltaString">628c9f45-feb6-4b40-bc72-9829a8f80859</DevString>
				</cGUID>
			</EntityID>
		</cOwnedEntity>
	</Gizmo>
	<SimulationTime d:type="sFloat32" d:alt_encoding="0000000000000000" d:precision="string">0</SimulationTime>
	<AuthoredLanguage d:type="cDeltaString">en</AuthoredLanguage>
	<Version d:type="sFloat32" d:alt_encoding="000000000000F03F" d:precision="string">1</Version>
	<Author d:type="cDeltaString"></Author>
	<DispatcherVersion d:type="cDeltaString">V1</DispatcherVersion>
	<RBlueprintSetPreLoad>
		<iBlueprintLibrary-cBlueprintSetID d:id="208706232">
			<Provider d:type="cDeltaString">AP</Provider>
			<Product d:type="cDeltaString">C43MTUEP</Product>
		</iBlueprintLibrary-cBlueprintSetID>
		<iBlueprintLibrary-cBlueprintSetID d:id="208706234">
			<Provider d:type="cDeltaString">AP</Provider>
			<Product d:type="cDeltaString">C43VPEP</Product>
		</iBlueprintLibrary-cBlueprintSetID>
		<iBlueprintLibrary-cBlueprintSetID d:id="208706236">
			<Provider d:type="cDeltaString">AP</Provider>
			<Product d:type="cDeltaString">Class150Pack01</Product>
		</iBlueprintLibrary-cBlueprintSetID>
		<iBlueprintLibrary-cBlueprintSetID d:id="208706238">
			<Provider d:type="cDeltaString">DTG</Provider>
			<Product d:type="cDeltaString">Class91Pack02</Product>
		</iBlueprintLibrary-cBlueprintSetID>
		<iBlueprintLibrary-cBlueprintSetID d:id="208706240">
			<Provider d:type="cDeltaString">RSC</Provider>
			<Product d:type="cDeltaString">Class159Pack01</Product>
		</iBlueprintLibrary-cBlueprintSetID>
		<iBlueprintLibrary-cBlueprintSetID d:id="208706242">
			<Provider d:type="cDeltaString">AP</Provider>
			<Product d:type="cDeltaString">C158EP</Product>
		</iBlueprintLibrary-cBlueprintSetID>
		<iBlueprintLibrary-cBlueprintSetID d:id="208706244">
			<Provider d:type="cDeltaString">JustTrains</Provider>
			<Product d:type="cDeltaString">Voyager</Product>
		</iBlueprintLibrary-cBlueprintSetID>
		<iBlueprintLibrary-cBlueprintSetID d:id="208706246">
			<Provider d:type="cDeltaString">DTG</Provider>
			<Product d:type="cDeltaString">Class180Pack01</Product>
		</iBlueprintLibrary-cBlueprintSetID>
		<iBlueprintLibrary-cBlueprintSetID d:id="208706248">
			<Provider d:type="cDeltaString">RSC</Provider>
			<Product d:type="cDeltaString">RivieraLine</Product>
		</iBlueprintLibrary-cBlueprintSetID>
		<iBlueprintLibrary-cBlueprintSetID d:id="208706250">
			<Provider d:type="cDeltaString">AP_Waggonz</Provider>
			<Product d:type="cDeltaString">Class142Pack</Product>
		</iBlueprintLibrary-cBlueprintSetID>
		<iBlueprintLibrary-cBlueprintSetID d:id="208706252">
			<Provider d:type="cDeltaString">AP</Provider>
			<Product d:type="cDeltaString">Class321Pack01</Product>
		</iBlueprintLibrary-cBlueprintSetID>
		<iBlueprintLibrary-cBlueprintSetID d:id="208706254">
			<Provider d:type="cDeltaString">DTG</Provider>
			<Product d:type="cDeltaString">Class801Pack01</Product>
		</iBlueprintLibrary-cBlueprintSetID>
		<iBlueprintLibrary-cBlueprintSetID d:id="208706256">
			<Provider d:type="cDeltaString">JustTrains</Provider>
			<Product d:type="cDeltaString">Class153</Product>
		</iBlueprintLibrary-cBlueprintSetID>
		<iBlueprintLibrary-cBlueprintSetID d:id="208706258">
			<Provider d:type="cDeltaString">AP</Provider>
			<Product d:type="cDeltaString">Class156Pack01</Product>
		</iBlueprintLibrary-cBlueprintSetID>
	</RBlueprintSetPreLoad>
	<NamedEntity/>
	<Condition/>
	<DeferredEvent/>
	<CheckedCondition/>
	<CareerRules>
		<d:nil/>
	</CareerRules>
	<MD5 d:type="cDeltaString">3CD9027DA0628CDB673EAFD1D0AA5AFF</MD5>
	<MessageEvent/>
	<SimpleControlsOnly d:type="bool">0</SimpleControlsOnly>
	<ExpertControlsOnly d:type="bool">0</ExpertControlsOnly>
	<LocksScenario/>
	<StartDestString/>
	<TemplateStartDestMapping/>
	<IsTemplateGenerated d:type="bool">0</IsTemplateGenerated>
	<TemplateScenarioGUID>
		<cGUID>
			<UUID>
				<e d:type="sUInt64">0</e>
				<e d:type="sUInt64">0</e>
			</UUID>
			<DevString d:type="cDeltaString">00000000-0000-0000-0000-000000000000</DevString>
		</cGUID>
	</TemplateScenarioGUID>
	<WorkshopId d:type="sUInt64">0</WorkshopId>
	<WorkshopBy d:type="sUInt64">0</WorkshopBy>
	<WorkshopTags d:type="cDeltaString"></WorkshopTags>
	<StartInCab d:type="bool">0</StartInCab>
	<IsClonedDLC d:type="bool">0</IsClonedDLC>
	<StartLongitude d:type="sFloat64" d:alt_encoding="0000000000000000" d:precision="string">0</StartLongitude>
	<StartLatitude d:type="sFloat64" d:alt_encoding="0000000000000000" d:precision="string">0</StartLatitude>
	<StartHeight d:type="sFloat32" d:alt_encoding="0000000000000000" d:precision="string">0</StartHeight>
	<QuickDriveStartName d:type="cDeltaString"></QuickDriveStartName>
	<QuickDriveEndName d:type="cDeltaString"></QuickDriveEndName>
	<QuickDrivePlayerConsistName d:type="cDeltaString"></QuickDrivePlayerConsistName>
</cScenarioProperties>
