<?xml version="1.0" encoding="utf-8"?>
<cScenarioProperties xmlns:d="http://www.kuju.com/TnT/2003/Delta" d:version="1.0" d:id="133553256">
	<ID>
		<cGUID>
			<UUID>
				<e d:type="sUInt64">5281771603277710342</e>
				<e d:type="sUInt64">14985046415271871627</e>
			</UUID>
			<DevString d:type="cDeltaString">061d0406-9f4a-494c-8b44-050d5294f5cf</DevString>
		</cGUID>
	</ID>
	<String/>
	<DisplayName>
		<Localisation-cUserLocalisedString>
			<English d:type="cDeltaString">[CW] 1A23 19:29 Harwich International – Liverpool Street</English>
			<French d:type="cDeltaString"></French>
			<Italian d:type="cDeltaString"></Italian>
			<German d:type="cDeltaString"></German>
			<Spanish d:type="cDeltaString"></Spanish>
			<Dutch d:type="cDeltaString"></Dutch>
			<Polish d:type="cDeltaString"></Polish>
			<Russian d:type="cDeltaString"></Russian>
			<Other/>
			<Key d:type="cDeltaString">3c432e63-7d0e-4900-9871-8950edc232c1</Key>
		</Localisation-cUserLocalisedString>
	</DisplayName>
	<Description>
		<Localisation-cUserLocalisedString>
			<English d:type="cDeltaString">In the evening rush hour&apos;s tail end, drive 86227 on one of two direct services from Harwich International to Liverpool Street. Year: 2004.</English>
			<French d:type="cDeltaString"></French>
			<Italian d:type="cDeltaString"></Italian>
			<German d:type="cDeltaString"></German>
			<Spanish d:type="cDeltaString"></Spanish>
			<Dutch d:type="cDeltaString"></Dutch>
			<Polish d:type="cDeltaString"></Polish>
			<Russian d:type="cDeltaString"></Russian>
			<Other/>
			<Key d:type="cDeltaString">21380c69-0d5e-40f1-8e82-6ca638b4899a</Key>
		</Localisation-cUserLocalisedString>
	</Description>
	<Briefing>
		<Localisation-cUserLocalisedString>
			<English d:type="cDeltaString">Hi Driver, today you will pick up 86227 at Harwich International and drive it on one of the few daily boat trains to Liverpool Street. After a 19:29 departure, you will call at just Colchester en route. As this is the evening rush, it is quite busy so keep your head up. Good luck! Year: 2004.</English>
			<French d:type="cDeltaString"></French>
			<Italian d:type="cDeltaString"></Italian>
			<German d:type="cDeltaString"></German>
			<Spanish d:type="cDeltaString"></Spanish>
			<Dutch d:type="cDeltaString"></Dutch>
			<Polish d:type="cDeltaString"></Polish>
			<Russian d:type="cDeltaString"></Russian>
			<Other/>
			<Key d:type="cDeltaString">99d14ecf-8ee2-4e63-aa6f-9c161529121c</Key>
		</Localisation-cUserLocalisedString>
	</Briefing>
	<StartLocation>
		<Localisation-cUserLocalisedString>
			<English d:type="cDeltaString"></English>
			<French d:type="cDeltaString"></French>
			<Italian d:type="cDeltaString"></Italian>
			<German d:type="cDeltaString"></German>
			<Spanish d:type="cDeltaString"></Spanish>
			<Dutch d:type="cDeltaString"></Dutch>
			<Polish d:type="cDeltaString"></Polish>
			<Russian d:type="cDeltaString"></Russian>
			<Other/>
			<Key d:type="cDeltaString">aa4a407a-a2fb-416d-a1d6-717e9ab42bb7</Key>
		</Localisation-cUserLocalisedString>
	</StartLocation>
	<ScenarioClass d:type="cDeltaString">eStandardScenarioClass</ScenarioClass>
	<StartTime d:type="sFloat32" d:alt_encoding="000000008014F140" d:precision="string">69960</StartTime>
	<DurationMins d:type="sInt32">0</DurationMins>
	<StartDD d:type="sInt32">1</StartDD>
	<StartMM d:type="sInt32">7</StartMM>
	<StartYYYY d:type="sInt32">2010</StartYYYY>
	<Season d:type="cDeltaString">SEASON_SUMMER</Season>
	<WeatherBlueprint>
		<iBlueprintLibrary-cAbsoluteBlueprintID>
			<BlueprintSetID>
				<iBlueprintLibrary-cBlueprintSetID>
					<Provider d:type="cDeltaString">Kuju</Provider>
					<Product d:type="cDeltaString">RailSimulatorCore</Product>
				</iBlueprintLibrary-cBlueprintSetID>
			</BlueprintSetID>
			<BlueprintID d:type="cDeltaString">Weather\RW_Cloudy.xml</BlueprintID>
		</iBlueprintLibrary-cAbsoluteBlueprintID>
	</WeatherBlueprint>
	<WeatherExtensionBlueprint>
		<iBlueprintLibrary-cAbsoluteBlueprintID>
			<BlueprintSetID>
				<iBlueprintLibrary-cBlueprintSetID>
					<Provider d:type="cDeltaString"></Provider>
					<Product d:type="cDeltaString"></Product>
				</iBlueprintLibrary-cBlueprintSetID>
			</BlueprintSetID>
			<BlueprintID d:type="cDeltaString"></BlueprintID>
		</iBlueprintLibrary-cAbsoluteBlueprintID>
	</WeatherExtensionBlueprint>
	<Rating d:type="sInt32">1</Rating>
	<LocoClass d:type="cDeltaString">LOCO_CLASS_ELECTRIC</LocoClass>
	<HasRollingStart d:type="bool">0</HasRollingStart>
	<LoadedFromRollingStart d:type="bool">0</LoadedFromRollingStart>
	<FrontEndDriverList>
		<sDriverFrontEndDetails d:id="175636698">
			<ServiceName>
				<Localisation-cUserLocalisedString>
					<English d:type="cDeltaString">2W86 20:30 London Liverpool St - Shenfield</English>
					<French d:type="cDeltaString"></French>
					<Italian d:type="cDeltaString"></Italian>
					<German d:type="cDeltaString"></German>
					<Spanish d:type="cDeltaString"></Spanish>
					<Dutch d:type="cDeltaString"></Dutch>
					<Polish d:type="cDeltaString"></Polish>
					<Russian d:type="cDeltaString"></Russian>
					<Other/>
					<Key d:type="cDeltaString">5e004ac8-bf2e-4d45-8e1a-aff6c572e0bf</Key>
				</Localisation-cUserLocalisedString>
			</ServiceName>
			<LocoName>
				<Localisation-cUserLocalisedString>
					<English d:type="cDeltaString">APW Class 315 First Great Eastern</English>
					<French d:type="cDeltaString">APW Class 315 First Great Eastern</French>
					<Italian d:type="cDeltaString">APW Class 315 First Great Eastern</Italian>
					<German d:type="cDeltaString">APW Class 315 First Great Eastern</German>
					<Spanish d:type="cDeltaString">APW Class 315 First Great Eastern</Spanish>
					<Dutch d:type="cDeltaString">APW Class 315 First Great Eastern</Dutch>
					<Polish d:type="cDeltaString">APW Class 315 First Great Eastern</Polish>
					<Russian d:type="cDeltaString">APW Class 315 First Great Eastern</Russian>
					<Other/>
					<Key d:type="cDeltaString">AP_TXT_315_DMSOSTH</Key>
				</Localisation-cUserLocalisedString>
			</LocoName>
			<LocoBP>
				<iBlueprintLibrary-cAbsoluteBlueprintID>
					<BlueprintSetID>
						<iBlueprintLibrary-cBlueprintSetID>
							<Provider d:type="cDeltaString">AP_Waggonz</Provider>
							<Product d:type="cDeltaString">Class315Pack01</Product>
						</iBlueprintLibrary-cBlueprintSetID>
					</BlueprintSetID>
					<BlueprintID d:type="cDeltaString">RailVehicles\Class315\F-GE\DMSOA\Class_315_DMSO - A.xml</BlueprintID>
				</iBlueprintLibrary-cAbsoluteBlueprintID>
			</LocoBP>
			<StartLocation>
				<Localisation-cUserLocalisedString>
					<English d:type="cDeltaString">Liverpool St P16</English>
					<French d:type="cDeltaString"></French>
					<Italian d:type="cDeltaString"></Italian>
					<German d:type="cDeltaString"></German>
					<Spanish d:type="cDeltaString"></Spanish>
					<Dutch d:type="cDeltaString"></Dutch>
					<Polish d:type="cDeltaString"></Polish>
					<Russian d:type="cDeltaString"></Russian>
					<Other/>
					<Key d:type="cDeltaString">cb8045ba-893f-4614-a5c6-5c54d23a8d07</Key>
				</Localisation-cUserLocalisedString>
			</StartLocation>
			<LocoClass d:type="cDeltaString">LOCO_CLASS_ELECTRIC</LocoClass>
			<LocoAuthor d:type="cDeltaString">AP_Waggonz</LocoAuthor>
			<FilePath d:type="cDeltaString">AP_Waggonz\Class315Pack01\RailVehicles\Class315\F-GE\DMSOA</FilePath>
			<Longitude d:type="sFloat64" d:alt_encoding="001D9499B699B4BF" d:precision="string">-0.0804705</Longitude>
			<Latitude d:type="sFloat64" d:alt_encoding="98DB75E24FC24940" d:precision="string">51.5181</Latitude>
			<Height d:type="sFloat32" d:alt_encoding="0000000000E01540" d:precision="string">5.46875</Height>
			<PlayerDriver d:type="bool">0</PlayerDriver>
		</sDriverFrontEndDetails>
		<sDriverFrontEndDetails d:id="175638670">
			<ServiceName>
				<Localisation-cUserLocalisedString>
					<English d:type="cDeltaString">1B28 20:40 London Liverpool St - Stansted Airport (317)</English>
					<French d:type="cDeltaString"></French>
					<Italian d:type="cDeltaString"></Italian>
					<German d:type="cDeltaString"></German>
					<Spanish d:type="cDeltaString"></Spanish>
					<Dutch d:type="cDeltaString"></Dutch>
					<Polish d:type="cDeltaString"></Polish>
					<Russian d:type="cDeltaString"></Russian>
					<Other/>
					<Key d:type="cDeltaString">b24b6248-0ce0-44f3-8ba3-7af307dae390</Key>
				</Localisation-cUserLocalisedString>
			</ServiceName>
			<LocoName>
				<Localisation-cUserLocalisedString>
					<English d:type="cDeltaString">APW Class 315 Network SouthEast</English>
					<French d:type="cDeltaString">APW Class 315 Network SouthEast</French>
					<Italian d:type="cDeltaString">APW Class 315 Network SouthEast</Italian>
					<German d:type="cDeltaString">APW Class 315 Network SouthEast</German>
					<Spanish d:type="cDeltaString">APW Class 315 Network SouthEast</Spanish>
					<Dutch d:type="cDeltaString">APW Class 315 Network SouthEast</Dutch>
					<Polish d:type="cDeltaString">APW Class 315 Network SouthEast</Polish>
					<Russian d:type="cDeltaString">APW Class 315 Network SouthEast</Russian>
					<Other/>
					<Key d:type="cDeltaString">AP_TXT_315_DMSOSTH</Key>
				</Localisation-cUserLocalisedString>
			</LocoName>
			<LocoBP>
				<iBlueprintLibrary-cAbsoluteBlueprintID>
					<BlueprintSetID>
						<iBlueprintLibrary-cBlueprintSetID>
							<Provider d:type="cDeltaString">AP_Waggonz</Provider>
							<Product d:type="cDeltaString">Class315Pack01</Product>
						</iBlueprintLibrary-cBlueprintSetID>
					</BlueprintSetID>
					<BlueprintID d:type="cDeltaString">RailVehicles\Class315\NSE\DMSOB\Class_315_DMSO - B.xml</BlueprintID>
				</iBlueprintLibrary-cAbsoluteBlueprintID>
			</LocoBP>
			<StartLocation>
				<Localisation-cUserLocalisedString>
					<English d:type="cDeltaString">Liverpool St P5</English>
					<French d:type="cDeltaString"></French>
					<Italian d:type="cDeltaString"></Italian>
					<German d:type="cDeltaString"></German>
					<Spanish d:type="cDeltaString"></Spanish>
					<Dutch d:type="cDeltaString"></Dutch>
					<Polish d:type="cDeltaString"></Polish>
					<Russian d:type="cDeltaString"></Russian>
					<Other/>
					<Key d:type="cDeltaString">c0e018ab-3949-4024-a19a-ad2c2e11e19a</Key>
				</Localisation-cUserLocalisedString>
			</StartLocation>
			<LocoClass d:type="cDeltaString">LOCO_CLASS_ELECTRIC</LocoClass>
			<LocoAuthor d:type="cDeltaString">AP_Waggonz</LocoAuthor>
			<FilePath d:type="cDeltaString">AP_Waggonz\Class315Pack01\RailVehicles\Class315\NSE\DMSOB</FilePath>
			<Longitude d:type="sFloat64" d:alt_encoding="20D910FBF410B5BF" d:precision="string">-0.08229</Longitude>
			<Latitude d:type="sFloat64" d:alt_encoding="F718820748C24940" d:precision="string">51.5178</Latitude>
			<Height d:type="sFloat32" d:alt_encoding="0000000000E01540" d:precision="string">5.46875</Height>
			<PlayerDriver d:type="bool">0</PlayerDriver>
		</sDriverFrontEndDetails>
		<sDriverFrontEndDetails d:id="175634590">
			<ServiceName>
				<Localisation-cUserLocalisedString>
					<English d:type="cDeltaString">1K08 20:35 London Liverpool St - Southend Victoria</English>
					<French d:type="cDeltaString"></French>
					<Italian d:type="cDeltaString"></Italian>
					<German d:type="cDeltaString"></German>
					<Spanish d:type="cDeltaString"></Spanish>
					<Dutch d:type="cDeltaString"></Dutch>
					<Polish d:type="cDeltaString"></Polish>
					<Russian d:type="cDeltaString"></Russian>
					<Other/>
					<Key d:type="cDeltaString">e20f0e4d-455f-4016-85af-c5819356b6ba</Key>
				</Localisation-cUserLocalisedString>
			</ServiceName>
			<LocoName>
				<Localisation-cUserLocalisedString>
					<English d:type="cDeltaString">Class 321 First Great Eastern</English>
					<French d:type="cDeltaString">Class 321 First Great Eastern</French>
					<Italian d:type="cDeltaString">Class 321 First Great Eastern</Italian>
					<German d:type="cDeltaString">Class 321 First Great Eastern</German>
					<Spanish d:type="cDeltaString">Class 321 First Great Eastern</Spanish>
					<Dutch d:type="cDeltaString">Class 321 First Great Eastern</Dutch>
					<Polish d:type="cDeltaString">Class 321 First Great Eastern</Polish>
					<Russian d:type="cDeltaString">Class 321 First Great Eastern</Russian>
					<Other/>
					<Key d:type="cDeltaString">AP_TXT_321_DTCOFGE</Key>
				</Localisation-cUserLocalisedString>
			</LocoName>
			<LocoBP>
				<iBlueprintLibrary-cAbsoluteBlueprintID>
					<BlueprintSetID>
						<iBlueprintLibrary-cBlueprintSetID>
							<Provider d:type="cDeltaString">AP</Provider>
							<Product d:type="cDeltaString">Class321Pack01</Product>
						</iBlueprintLibrary-cBlueprintSetID>
					</BlueprintSetID>
					<BlueprintID d:type="cDeltaString">RailVehicles\Class321\GE\DTCO\Class_321_DTCO.xml</BlueprintID>
				</iBlueprintLibrary-cAbsoluteBlueprintID>
			</LocoBP>
			<StartLocation>
				<Localisation-cUserLocalisedString>
					<English d:type="cDeltaString">Liverpool St P14</English>
					<French d:type="cDeltaString"></French>
					<Italian d:type="cDeltaString"></Italian>
					<German d:type="cDeltaString"></German>
					<Spanish d:type="cDeltaString"></Spanish>
					<Dutch d:type="cDeltaString"></Dutch>
					<Polish d:type="cDeltaString"></Polish>
					<Russian d:type="cDeltaString"></Russian>
					<Other/>
					<Key d:type="cDeltaString">3c68cd93-7c80-4f64-b69e-ecd1952daf64</Key>
				</Localisation-cUserLocalisedString>
			</StartLocation>
			<LocoClass d:type="cDeltaString">LOCO_CLASS_ELECTRIC</LocoClass>
			<LocoAuthor d:type="cDeltaString">AP</LocoAuthor>
			<FilePath d:type="cDeltaString">AP\Class321Pack01\RailVehicles\Class321\GE\DTCO</FilePath>
			<Longitude d:type="sFloat64" d:alt_encoding="A0A0616BAF8DB4BF" d:precision="string">-0.0802869</Longitude>
			<Latitude d:type="sFloat64" d:alt_encoding="EFE0BB9E66C24940" d:precision="string">51.5188</Latitude>
			<Height d:type="sFloat32" d:alt_encoding="0000000000E01540" d:precision="string">5.46875</Height>
			<PlayerDriver d:type="bool">0</PlayerDriver>
		</sDriverFrontEndDetails>
		<sDriverFrontEndDetails d:id="175636086">
			<ServiceName>
				<Localisation-cUserLocalisedString>
					<English d:type="cDeltaString">1P64 20:30 London Liverpool St - Norwich</English>
					<French d:type="cDeltaString"></French>
					<Italian d:type="cDeltaString"></Italian>
					<German d:type="cDeltaString"></German>
					<Spanish d:type="cDeltaString"></Spanish>
					<Dutch d:type="cDeltaString"></Dutch>
					<Polish d:type="cDeltaString"></Polish>
					<Russian d:type="cDeltaString"></Russian>
					<Other/>
					<Key d:type="cDeltaString">8ea993fc-b074-42c8-a0aa-17fbf63298c8</Key>
				</Localisation-cUserLocalisedString>
			</ServiceName>
			<LocoName>
				<Localisation-cUserLocalisedString>
					<English d:type="cDeltaString">Class 86 Anglia Railways AP</English>
					<French d:type="cDeltaString"></French>
					<Italian d:type="cDeltaString"></Italian>
					<German d:type="cDeltaString"></German>
					<Spanish d:type="cDeltaString"></Spanish>
					<Dutch d:type="cDeltaString"></Dutch>
					<Polish d:type="cDeltaString"></Polish>
					<Russian d:type="cDeltaString"></Russian>
					<Other/>
					<Key d:type="cDeltaString">0e47ccd8-55b1-41c9-96fd-46ac3c9503cb</Key>
				</Localisation-cUserLocalisedString>
			</LocoName>
			<LocoBP>
				<iBlueprintLibrary-cAbsoluteBlueprintID>
					<BlueprintSetID>
						<iBlueprintLibrary-cBlueprintSetID>
							<Provider d:type="cDeltaString">RSC</Provider>
							<Product d:type="cDeltaString">Class86Pack</Product>
						</iBlueprintLibrary-cBlueprintSetID>
					</BlueprintSetID>
					<BlueprintID d:type="cDeltaString">RailVehicles\Electric\Class86\Anglia_W3_AP\86.xml</BlueprintID>
				</iBlueprintLibrary-cAbsoluteBlueprintID>
			</LocoBP>
			<StartLocation>
				<Localisation-cUserLocalisedString>
					<English d:type="cDeltaString">Liverpool St P10</English>
					<French d:type="cDeltaString"></French>
					<Italian d:type="cDeltaString"></Italian>
					<German d:type="cDeltaString"></German>
					<Spanish d:type="cDeltaString"></Spanish>
					<Dutch d:type="cDeltaString"></Dutch>
					<Polish d:type="cDeltaString"></Polish>
					<Russian d:type="cDeltaString"></Russian>
					<Other/>
					<Key d:type="cDeltaString">b7e54261-6e37-421a-a27d-911d3dcab48f</Key>
				</Localisation-cUserLocalisedString>
			</StartLocation>
			<LocoClass d:type="cDeltaString">LOCO_CLASS_ELECTRIC</LocoClass>
			<LocoAuthor d:type="cDeltaString">RSC</LocoAuthor>
			<FilePath d:type="cDeltaString">RSC\Class86Pack\RailVehicles\Electric\Class86\Anglia_W3_AP</FilePath>
			<Longitude d:type="sFloat64" d:alt_encoding="20D502A501B3B4BF" d:precision="string">-0.0808564</Longitude>
			<Latitude d:type="sFloat64" d:alt_encoding="0E4431C276C24940" d:precision="string">51.5192</Latitude>
			<Height d:type="sFloat32" d:alt_encoding="0000000000E01540" d:precision="string">5.46875</Height>
			<PlayerDriver d:type="bool">0</PlayerDriver>
		</sDriverFrontEndDetails>
		<sDriverFrontEndDetails d:id="175636154">
			<ServiceName>
				<Localisation-cUserLocalisedString>
					<English d:type="cDeltaString">1N58 20:18 London Liverpool St - Clacton-on-Sea</English>
					<French d:type="cDeltaString"></French>
					<Italian d:type="cDeltaString"></Italian>
					<German d:type="cDeltaString"></German>
					<Spanish d:type="cDeltaString"></Spanish>
					<Dutch d:type="cDeltaString"></Dutch>
					<Polish d:type="cDeltaString"></Polish>
					<Russian d:type="cDeltaString"></Russian>
					<Other/>
					<Key d:type="cDeltaString">5b8dabdd-9cba-4996-9f1b-1036428e9326</Key>
				</Localisation-cUserLocalisedString>
			</ServiceName>
			<LocoName>
				<Localisation-cUserLocalisedString>
					<English d:type="cDeltaString">Class 360 First Great Eastern EMU</English>
					<French d:type="cDeltaString"></French>
					<Italian d:type="cDeltaString"></Italian>
					<German d:type="cDeltaString"></German>
					<Spanish d:type="cDeltaString"></Spanish>
					<Dutch d:type="cDeltaString"></Dutch>
					<Polish d:type="cDeltaString"></Polish>
					<Russian d:type="cDeltaString"></Russian>
					<Other/>
					<Key d:type="cDeltaString">RS_TXT_CL360_FGE</Key>
				</Localisation-cUserLocalisedString>
			</LocoName>
			<LocoBP>
				<iBlueprintLibrary-cAbsoluteBlueprintID>
					<BlueprintSetID>
						<iBlueprintLibrary-cBlueprintSetID>
							<Provider d:type="cDeltaString">RSC</Provider>
							<Product d:type="cDeltaString">GEML</Product>
						</iBlueprintLibrary-cBlueprintSetID>
					</BlueprintSetID>
					<BlueprintID d:type="cDeltaString">RailVehicles\Electric\Class360\FGE\Engine\DMCO\Class360 DMCO A.xml</BlueprintID>
				</iBlueprintLibrary-cAbsoluteBlueprintID>
			</LocoBP>
			<StartLocation>
				<Localisation-cUserLocalisedString>
					<English d:type="cDeltaString"></English>
					<French d:type="cDeltaString"></French>
					<Italian d:type="cDeltaString"></Italian>
					<German d:type="cDeltaString"></German>
					<Spanish d:type="cDeltaString"></Spanish>
					<Dutch d:type="cDeltaString"></Dutch>
					<Polish d:type="cDeltaString"></Polish>
					<Russian d:type="cDeltaString"></Russian>
					<Other/>
					<Key d:type="cDeltaString">c1045488-3e47-46f3-9c7b-5a161268b2c6</Key>
				</Localisation-cUserLocalisedString>
			</StartLocation>
			<LocoClass d:type="cDeltaString">LOCO_CLASS_ELECTRIC</LocoClass>
			<LocoAuthor d:type="cDeltaString">RSC</LocoAuthor>
			<FilePath d:type="cDeltaString">RSC\GEML\RailVehicles\Electric\Class360\FGE\Engine\DMCO</FilePath>
			<Longitude d:type="sFloat64" d:alt_encoding="000256FBBCEB7EBF" d:precision="string">-0.00754904</Longitude>
			<Latitude d:type="sFloat64" d:alt_encoding="950E84ECF8C44940" d:precision="string">51.5388</Latitude>
			<Height d:type="sFloat32" d:alt_encoding="000000A089601C40" d:precision="string">7.09427</Height>
			<PlayerDriver d:type="bool">0</PlayerDriver>
		</sDriverFrontEndDetails>
		<sDriverFrontEndDetails d:id="175636970">
			<ServiceName>
				<Localisation-cUserLocalisedString>
					<English d:type="cDeltaString">1Y40 20:02 London Liverpool St - Ipswich</English>
					<French d:type="cDeltaString"></French>
					<Italian d:type="cDeltaString"></Italian>
					<German d:type="cDeltaString"></German>
					<Spanish d:type="cDeltaString"></Spanish>
					<Dutch d:type="cDeltaString"></Dutch>
					<Polish d:type="cDeltaString"></Polish>
					<Russian d:type="cDeltaString"></Russian>
					<Other/>
					<Key d:type="cDeltaString">85450a01-042c-49e9-b0ef-0cb451a3973f</Key>
				</Localisation-cUserLocalisedString>
			</ServiceName>
			<LocoName>
				<Localisation-cUserLocalisedString>
					<English d:type="cDeltaString">Class 321 First Great Eastern</English>
					<French d:type="cDeltaString">Class 321 First Great Eastern</French>
					<Italian d:type="cDeltaString">Class 321 First Great Eastern</Italian>
					<German d:type="cDeltaString">Class 321 First Great Eastern</German>
					<Spanish d:type="cDeltaString">Class 321 First Great Eastern</Spanish>
					<Dutch d:type="cDeltaString">Class 321 First Great Eastern</Dutch>
					<Polish d:type="cDeltaString">Class 321 First Great Eastern</Polish>
					<Russian d:type="cDeltaString">Class 321 First Great Eastern</Russian>
					<Other/>
					<Key d:type="cDeltaString">AP_TXT_321_DTSOFGE</Key>
				</Localisation-cUserLocalisedString>
			</LocoName>
			<LocoBP>
				<iBlueprintLibrary-cAbsoluteBlueprintID>
					<BlueprintSetID>
						<iBlueprintLibrary-cBlueprintSetID>
							<Provider d:type="cDeltaString">AP</Provider>
							<Product d:type="cDeltaString">Class321Pack01</Product>
						</iBlueprintLibrary-cBlueprintSetID>
					</BlueprintSetID>
					<BlueprintID d:type="cDeltaString">RailVehicles\Class321\GE\DTSO\Class_321_DTSO.xml</BlueprintID>
				</iBlueprintLibrary-cAbsoluteBlueprintID>
			</LocoBP>
			<StartLocation>
				<Localisation-cUserLocalisedString>
					<English d:type="cDeltaString">Ilford P2</English>
					<French d:type="cDeltaString"></French>
					<Italian d:type="cDeltaString"></Italian>
					<German d:type="cDeltaString"></German>
					<Spanish d:type="cDeltaString"></Spanish>
					<Dutch d:type="cDeltaString"></Dutch>
					<Polish d:type="cDeltaString"></Polish>
					<Russian d:type="cDeltaString"></Russian>
					<Other/>
					<Key d:type="cDeltaString">9bce69da-87a0-488d-930d-7ee85dc66252</Key>
				</Localisation-cUserLocalisedString>
			</StartLocation>
			<LocoClass d:type="cDeltaString">LOCO_CLASS_ELECTRIC</LocoClass>
			<LocoAuthor d:type="cDeltaString">AP</LocoAuthor>
			<FilePath d:type="cDeltaString">AP\Class321Pack01\RailVehicles\Class321\GE\DTSO</FilePath>
			<Longitude d:type="sFloat64" d:alt_encoding="60857AE29150B13F" d:precision="string">0.0676356</Longitude>
			<Latitude d:type="sFloat64" d:alt_encoding="A9948C6382C74940" d:precision="string">51.5587</Latitude>
			<Height d:type="sFloat32" d:alt_encoding="000000E0CF3A1F40" d:precision="string">7.80743</Height>
			<PlayerDriver d:type="bool">0</PlayerDriver>
		</sDriverFrontEndDetails>
		<sDriverFrontEndDetails d:id="175637446">
			<ServiceName>
				<Localisation-cUserLocalisedString>
					<English d:type="cDeltaString">1P62 20:00 London Liverpool St - Norwich</English>
					<French d:type="cDeltaString"></French>
					<Italian d:type="cDeltaString"></Italian>
					<German d:type="cDeltaString"></German>
					<Spanish d:type="cDeltaString"></Spanish>
					<Dutch d:type="cDeltaString"></Dutch>
					<Polish d:type="cDeltaString"></Polish>
					<Russian d:type="cDeltaString"></Russian>
					<Other/>
					<Key d:type="cDeltaString">f33d51f2-032a-4d88-acb8-04ea7f133cdb</Key>
				</Localisation-cUserLocalisedString>
			</ServiceName>
			<LocoName>
				<Localisation-cUserLocalisedString>
					<English d:type="cDeltaString">Class 86 Anglia Railways AP</English>
					<French d:type="cDeltaString"></French>
					<Italian d:type="cDeltaString"></Italian>
					<German d:type="cDeltaString"></German>
					<Spanish d:type="cDeltaString"></Spanish>
					<Dutch d:type="cDeltaString"></Dutch>
					<Polish d:type="cDeltaString"></Polish>
					<Russian d:type="cDeltaString"></Russian>
					<Other/>
					<Key d:type="cDeltaString">634e52f6-babb-4e8a-8908-194ebcc1330c</Key>
				</Localisation-cUserLocalisedString>
			</LocoName>
			<LocoBP>
				<iBlueprintLibrary-cAbsoluteBlueprintID>
					<BlueprintSetID>
						<iBlueprintLibrary-cBlueprintSetID>
							<Provider d:type="cDeltaString">RSC</Provider>
							<Product d:type="cDeltaString">Class86Pack</Product>
						</iBlueprintLibrary-cBlueprintSetID>
					</BlueprintSetID>
					<BlueprintID d:type="cDeltaString">RailVehicles\Electric\Class86\Anglia_W3_AP\86.xml</BlueprintID>
				</iBlueprintLibrary-cAbsoluteBlueprintID>
			</LocoBP>
			<StartLocation>
				<Localisation-cUserLocalisedString>
					<English d:type="cDeltaString"></English>
					<French d:type="cDeltaString"></French>
					<Italian d:type="cDeltaString"></Italian>
					<German d:type="cDeltaString"></German>
					<Spanish d:type="cDeltaString"></Spanish>
					<Dutch d:type="cDeltaString"></Dutch>
					<Polish d:type="cDeltaString"></Polish>
					<Russian d:type="cDeltaString"></Russian>
					<Other/>
					<Key d:type="cDeltaString">b947b8fd-731e-4551-b8db-c8a4fb357627</Key>
				</Localisation-cUserLocalisedString>
			</StartLocation>
			<LocoClass d:type="cDeltaString">LOCO_CLASS_ELECTRIC</LocoClass>
			<LocoAuthor d:type="cDeltaString">RSC</LocoAuthor>
			<FilePath d:type="cDeltaString">RSC\Class86Pack\RailVehicles\Electric\Class86\Anglia_W3_AP</FilePath>
			<Longitude d:type="sFloat64" d:alt_encoding="A05D4271FF94C83F" d:precision="string">0.192047</Longitude>
			<Latitude d:type="sFloat64" d:alt_encoding="F8C871C3E6C94940" d:precision="string">51.5774</Latitude>
			<Height d:type="sFloat32" d:alt_encoding="000000606FF73440" d:precision="string">20.9665</Height>
			<PlayerDriver d:type="bool">0</PlayerDriver>
		</sDriverFrontEndDetails>
		<sDriverFrontEndDetails d:id="175637514">
			<ServiceName>
				<Localisation-cUserLocalisedString>
					<English d:type="cDeltaString">1K04 19:55 London Liverpool St - Southend Victoria</English>
					<French d:type="cDeltaString"></French>
					<Italian d:type="cDeltaString"></Italian>
					<German d:type="cDeltaString"></German>
					<Spanish d:type="cDeltaString"></Spanish>
					<Dutch d:type="cDeltaString"></Dutch>
					<Polish d:type="cDeltaString"></Polish>
					<Russian d:type="cDeltaString"></Russian>
					<Other/>
					<Key d:type="cDeltaString">326df983-78f7-47c7-90a2-f9ec27580f9b</Key>
				</Localisation-cUserLocalisedString>
			</ServiceName>
			<LocoName>
				<Localisation-cUserLocalisedString>
					<English d:type="cDeltaString">Class 321 First Great Eastern</English>
					<French d:type="cDeltaString">Class 321 First Great Eastern</French>
					<Italian d:type="cDeltaString">Class 321 First Great Eastern</Italian>
					<German d:type="cDeltaString">Class 321 First Great Eastern</German>
					<Spanish d:type="cDeltaString">Class 321 First Great Eastern</Spanish>
					<Dutch d:type="cDeltaString">Class 321 First Great Eastern</Dutch>
					<Polish d:type="cDeltaString">Class 321 First Great Eastern</Polish>
					<Russian d:type="cDeltaString">Class 321 First Great Eastern</Russian>
					<Other/>
					<Key d:type="cDeltaString">AP_TXT_321_DTSOFGE</Key>
				</Localisation-cUserLocalisedString>
			</LocoName>
			<LocoBP>
				<iBlueprintLibrary-cAbsoluteBlueprintID>
					<BlueprintSetID>
						<iBlueprintLibrary-cBlueprintSetID>
							<Provider d:type="cDeltaString">AP</Provider>
							<Product d:type="cDeltaString">Class321Pack01</Product>
						</iBlueprintLibrary-cBlueprintSetID>
					</BlueprintSetID>
					<BlueprintID d:type="cDeltaString">RailVehicles\Class321\GE\DTSO\Class_321_DTSO.xml</BlueprintID>
				</iBlueprintLibrary-cAbsoluteBlueprintID>
			</LocoBP>
			<StartLocation>
				<Localisation-cUserLocalisedString>
					<English d:type="cDeltaString"></English>
					<French d:type="cDeltaString"></French>
					<Italian d:type="cDeltaString"></Italian>
					<German d:type="cDeltaString"></German>
					<Spanish d:type="cDeltaString"></Spanish>
					<Dutch d:type="cDeltaString"></Dutch>
					<Polish d:type="cDeltaString"></Polish>
					<Russian d:type="cDeltaString"></Russian>
					<Other/>
					<Key d:type="cDeltaString">9f9f7a5d-b822-4819-b549-22654f5f83f2</Key>
				</Localisation-cUserLocalisedString>
			</StartLocation>
			<LocoClass d:type="cDeltaString">LOCO_CLASS_ELECTRIC</LocoClass>
			<LocoAuthor d:type="cDeltaString">AP</LocoAuthor>
			<FilePath d:type="cDeltaString">AP\Class321Pack01\RailVehicles\Class321\GE\DTSO</FilePath>
			<Longitude d:type="sFloat64" d:alt_encoding="90D5103C3BBBC93F" d:precision="string">0.201026</Longitude>
			<Latitude d:type="sFloat64" d:alt_encoding="477C44AD40CA4940" d:precision="string">51.5801</Latitude>
			<Height d:type="sFloat32" d:alt_encoding="000000E054DB3640" d:precision="string">22.8568</Height>
			<PlayerDriver d:type="bool">0</PlayerDriver>
		</sDriverFrontEndDetails>
		<sDriverFrontEndDetails d:id="175638194">
			<ServiceName>
				<Localisation-cUserLocalisedString>
					<English d:type="cDeltaString">1F56 19:48 London Liverpool St - Braintree</English>
					<French d:type="cDeltaString"></French>
					<Italian d:type="cDeltaString"></Italian>
					<German d:type="cDeltaString"></German>
					<Spanish d:type="cDeltaString"></Spanish>
					<Dutch d:type="cDeltaString"></Dutch>
					<Polish d:type="cDeltaString"></Polish>
					<Russian d:type="cDeltaString"></Russian>
					<Other/>
					<Key d:type="cDeltaString">48910b99-c8c2-4661-b9ee-af1e12a13749</Key>
				</Localisation-cUserLocalisedString>
			</ServiceName>
			<LocoName>
				<Localisation-cUserLocalisedString>
					<English d:type="cDeltaString">Class 321 First Great Eastern</English>
					<French d:type="cDeltaString">Class 321 First Great Eastern</French>
					<Italian d:type="cDeltaString">Class 321 First Great Eastern</Italian>
					<German d:type="cDeltaString">Class 321 First Great Eastern</German>
					<Spanish d:type="cDeltaString">Class 321 First Great Eastern</Spanish>
					<Dutch d:type="cDeltaString">Class 321 First Great Eastern</Dutch>
					<Polish d:type="cDeltaString">Class 321 First Great Eastern</Polish>
					<Russian d:type="cDeltaString">Class 321 First Great Eastern</Russian>
					<Other/>
					<Key d:type="cDeltaString">AP_TXT_321_DTSOFGE</Key>
				</Localisation-cUserLocalisedString>
			</LocoName>
			<LocoBP>
				<iBlueprintLibrary-cAbsoluteBlueprintID>
					<BlueprintSetID>
						<iBlueprintLibrary-cBlueprintSetID>
							<Provider d:type="cDeltaString">AP</Provider>
							<Product d:type="cDeltaString">Class321Pack01</Product>
						</iBlueprintLibrary-cBlueprintSetID>
					</BlueprintSetID>
					<BlueprintID d:type="cDeltaString">RailVehicles\Class321\GE\DTSO\Class_321_DTSO.xml</BlueprintID>
				</iBlueprintLibrary-cAbsoluteBlueprintID>
			</LocoBP>
			<StartLocation>
				<Localisation-cUserLocalisedString>
					<English d:type="cDeltaString">Gidea Park P2</English>
					<French d:type="cDeltaString"></French>
					<Italian d:type="cDeltaString"></Italian>
					<German d:type="cDeltaString"></German>
					<Spanish d:type="cDeltaString"></Spanish>
					<Dutch d:type="cDeltaString"></Dutch>
					<Polish d:type="cDeltaString"></Polish>
					<Russian d:type="cDeltaString"></Russian>
					<Other/>
					<Key d:type="cDeltaString">a23279b0-bd97-4512-84b9-b7b42692e83c</Key>
				</Localisation-cUserLocalisedString>
			</StartLocation>
			<LocoClass d:type="cDeltaString">LOCO_CLASS_ELECTRIC</LocoClass>
			<LocoAuthor d:type="cDeltaString">AP</LocoAuthor>
			<FilePath d:type="cDeltaString">AP\Class321Pack01\RailVehicles\Class321\GE\DTSO</FilePath>
			<Longitude d:type="sFloat64" d:alt_encoding="F0B5CD824447CA3F" d:precision="string">0.2053</Longitude>
			<Latitude d:type="sFloat64" d:alt_encoding="DB8E60A373CA4940" d:precision="string">51.5817</Latitude>
			<Height d:type="sFloat32" d:alt_encoding="000000A0C6993740" d:precision="string">23.6007</Height>
			<PlayerDriver d:type="bool">0</PlayerDriver>
		</sDriverFrontEndDetails>
		<sDriverFrontEndDetails d:id="175638262">
			<ServiceName>
				<Localisation-cUserLocalisedString>
					<English d:type="cDeltaString">1F54 19:38 London Liverpool St - Colchester Town</English>
					<French d:type="cDeltaString"></French>
					<Italian d:type="cDeltaString"></Italian>
					<German d:type="cDeltaString"></German>
					<Spanish d:type="cDeltaString"></Spanish>
					<Dutch d:type="cDeltaString"></Dutch>
					<Polish d:type="cDeltaString"></Polish>
					<Russian d:type="cDeltaString"></Russian>
					<Other/>
					<Key d:type="cDeltaString">6dccebf8-138c-4c69-a32d-92d387b233f5</Key>
				</Localisation-cUserLocalisedString>
			</ServiceName>
			<LocoName>
				<Localisation-cUserLocalisedString>
					<English d:type="cDeltaString">Class 360 First Great Eastern EMU</English>
					<French d:type="cDeltaString"></French>
					<Italian d:type="cDeltaString"></Italian>
					<German d:type="cDeltaString"></German>
					<Spanish d:type="cDeltaString"></Spanish>
					<Dutch d:type="cDeltaString"></Dutch>
					<Polish d:type="cDeltaString"></Polish>
					<Russian d:type="cDeltaString"></Russian>
					<Other/>
					<Key d:type="cDeltaString">RS_TXT_CL360_FGE</Key>
				</Localisation-cUserLocalisedString>
			</LocoName>
			<LocoBP>
				<iBlueprintLibrary-cAbsoluteBlueprintID>
					<BlueprintSetID>
						<iBlueprintLibrary-cBlueprintSetID>
							<Provider d:type="cDeltaString">RSC</Provider>
							<Product d:type="cDeltaString">GEML</Product>
						</iBlueprintLibrary-cBlueprintSetID>
					</BlueprintSetID>
					<BlueprintID d:type="cDeltaString">RailVehicles\Electric\Class360\FGE\Engine\DMCO\Class360 DMCO A.xml</BlueprintID>
				</iBlueprintLibrary-cAbsoluteBlueprintID>
			</LocoBP>
			<StartLocation>
				<Localisation-cUserLocalisedString>
					<English d:type="cDeltaString">Shenfield P3</English>
					<French d:type="cDeltaString"></French>
					<Italian d:type="cDeltaString"></Italian>
					<German d:type="cDeltaString"></German>
					<Spanish d:type="cDeltaString"></Spanish>
					<Dutch d:type="cDeltaString"></Dutch>
					<Polish d:type="cDeltaString"></Polish>
					<Russian d:type="cDeltaString"></Russian>
					<Other/>
					<Key d:type="cDeltaString">6cddb8d5-3afb-415b-bbad-af5a3c35d8ae</Key>
				</Localisation-cUserLocalisedString>
			</StartLocation>
			<LocoClass d:type="cDeltaString">LOCO_CLASS_ELECTRIC</LocoClass>
			<LocoAuthor d:type="cDeltaString">RSC</LocoAuthor>
			<FilePath d:type="cDeltaString">RSC\GEML\RailVehicles\Electric\Class360\FGE\Engine\DMCO</FilePath>
			<Longitude d:type="sFloat64" d:alt_encoding="B89BDC2F2014D53F" d:precision="string">0.329353</Longitude>
			<Latitude d:type="sFloat64" d:alt_encoding="E167BF54A1D04940" d:precision="string">51.6299</Latitude>
			<Height d:type="sFloat32" d:alt_encoding="00000060FC2B5240" d:precision="string">72.6873</Height>
			<PlayerDriver d:type="bool">0</PlayerDriver>
		</sDriverFrontEndDetails>
		<sDriverFrontEndDetails d:id="175638330">
			<ServiceName>
				<Localisation-cUserLocalisedString>
					<English d:type="cDeltaString">1P60 19:30 London Liverpool St - Norwich</English>
					<French d:type="cDeltaString"></French>
					<Italian d:type="cDeltaString"></Italian>
					<German d:type="cDeltaString"></German>
					<Spanish d:type="cDeltaString"></Spanish>
					<Dutch d:type="cDeltaString"></Dutch>
					<Polish d:type="cDeltaString"></Polish>
					<Russian d:type="cDeltaString"></Russian>
					<Other/>
					<Key d:type="cDeltaString">72a9406d-c7d4-454c-92ef-3e488c269758</Key>
				</Localisation-cUserLocalisedString>
			</ServiceName>
			<LocoName>
				<Localisation-cUserLocalisedString>
					<English d:type="cDeltaString">Class 86 Anglia Railways AP</English>
					<French d:type="cDeltaString"></French>
					<Italian d:type="cDeltaString"></Italian>
					<German d:type="cDeltaString"></German>
					<Spanish d:type="cDeltaString"></Spanish>
					<Dutch d:type="cDeltaString"></Dutch>
					<Polish d:type="cDeltaString"></Polish>
					<Russian d:type="cDeltaString"></Russian>
					<Other/>
					<Key d:type="cDeltaString">1cf0dc99-ef51-40a6-bd25-b26779bed7c5</Key>
				</Localisation-cUserLocalisedString>
			</LocoName>
			<LocoBP>
				<iBlueprintLibrary-cAbsoluteBlueprintID>
					<BlueprintSetID>
						<iBlueprintLibrary-cBlueprintSetID>
							<Provider d:type="cDeltaString">RSC</Provider>
							<Product d:type="cDeltaString">Class86Pack</Product>
						</iBlueprintLibrary-cBlueprintSetID>
					</BlueprintSetID>
					<BlueprintID d:type="cDeltaString">RailVehicles\Electric\Class86\Anglia_W3_AP\86.xml</BlueprintID>
				</iBlueprintLibrary-cAbsoluteBlueprintID>
			</LocoBP>
			<StartLocation>
				<Localisation-cUserLocalisedString>
					<English d:type="cDeltaString"></English>
					<French d:type="cDeltaString"></French>
					<Italian d:type="cDeltaString"></Italian>
					<German d:type="cDeltaString"></German>
					<Spanish d:type="cDeltaString"></Spanish>
					<Dutch d:type="cDeltaString"></Dutch>
					<Polish d:type="cDeltaString"></Polish>
					<Russian d:type="cDeltaString"></Russian>
					<Other/>
					<Key d:type="cDeltaString">5ed88087-16a8-41f1-820c-b6a4da2827f3</Key>
				</Localisation-cUserLocalisedString>
			</StartLocation>
			<LocoClass d:type="cDeltaString">LOCO_CLASS_ELECTRIC</LocoClass>
			<LocoAuthor d:type="cDeltaString">RSC</LocoAuthor>
			<FilePath d:type="cDeltaString">RSC\Class86Pack\RailVehicles\Electric\Class86\Anglia_W3_AP</FilePath>
			<Longitude d:type="sFloat64" d:alt_encoding="48BBC5A42789DD3F" d:precision="string">0.461496</Longitude>
			<Latitude d:type="sFloat64" d:alt_encoding="47EEC71D65DD4940" d:precision="string">51.7296</Latitude>
			<Height d:type="sFloat32" d:alt_encoding="000000A01C204040" d:precision="string">32.2509</Height>
			<PlayerDriver d:type="bool">0</PlayerDriver>
		</sDriverFrontEndDetails>
		<sDriverFrontEndDetails d:id="175640302">
			<ServiceName>
				<Localisation-cUserLocalisedString>
					<English d:type="cDeltaString">1N56 19:18 London Liverpool St - Clacton-on-Sea</English>
					<French d:type="cDeltaString"></French>
					<Italian d:type="cDeltaString"></Italian>
					<German d:type="cDeltaString"></German>
					<Spanish d:type="cDeltaString"></Spanish>
					<Dutch d:type="cDeltaString"></Dutch>
					<Polish d:type="cDeltaString"></Polish>
					<Russian d:type="cDeltaString"></Russian>
					<Other/>
					<Key d:type="cDeltaString">6903590a-9e2a-4ae3-afb2-570e1476ac2c</Key>
				</Localisation-cUserLocalisedString>
			</ServiceName>
			<LocoName>
				<Localisation-cUserLocalisedString>
					<English d:type="cDeltaString">Class 321 First Great Eastern</English>
					<French d:type="cDeltaString">Class 321 First Great Eastern</French>
					<Italian d:type="cDeltaString">Class 321 First Great Eastern</Italian>
					<German d:type="cDeltaString">Class 321 First Great Eastern</German>
					<Spanish d:type="cDeltaString">Class 321 First Great Eastern</Spanish>
					<Dutch d:type="cDeltaString">Class 321 First Great Eastern</Dutch>
					<Polish d:type="cDeltaString">Class 321 First Great Eastern</Polish>
					<Russian d:type="cDeltaString">Class 321 First Great Eastern</Russian>
					<Other/>
					<Key d:type="cDeltaString">AP_TXT_321_DTSOFGE</Key>
				</Localisation-cUserLocalisedString>
			</LocoName>
			<LocoBP>
				<iBlueprintLibrary-cAbsoluteBlueprintID>
					<BlueprintSetID>
						<iBlueprintLibrary-cBlueprintSetID>
							<Provider d:type="cDeltaString">AP</Provider>
							<Product d:type="cDeltaString">Class321Pack01</Product>
						</iBlueprintLibrary-cBlueprintSetID>
					</BlueprintSetID>
					<BlueprintID d:type="cDeltaString">RailVehicles\Class321\GE\DTSO\Class_321_DTSO.xml</BlueprintID>
				</iBlueprintLibrary-cAbsoluteBlueprintID>
			</LocoBP>
			<StartLocation>
				<Localisation-cUserLocalisedString>
					<English d:type="cDeltaString">Chelmsford P2</English>
					<French d:type="cDeltaString"></French>
					<Italian d:type="cDeltaString"></Italian>
					<German d:type="cDeltaString"></German>
					<Spanish d:type="cDeltaString"></Spanish>
					<Dutch d:type="cDeltaString"></Dutch>
					<Polish d:type="cDeltaString"></Polish>
					<Russian d:type="cDeltaString"></Russian>
					<Other/>
					<Key d:type="cDeltaString">8c01aa9e-ebbe-49a0-afb4-a30fbeabc5eb</Key>
				</Localisation-cUserLocalisedString>
			</StartLocation>
			<LocoClass d:type="cDeltaString">LOCO_CLASS_ELECTRIC</LocoClass>
			<LocoAuthor d:type="cDeltaString">AP</LocoAuthor>
			<FilePath d:type="cDeltaString">AP\Class321Pack01\RailVehicles\Class321\GE\DTSO</FilePath>
			<Longitude d:type="sFloat64" d:alt_encoding="7092B03343F5DD3F" d:precision="string">0.468095</Longitude>
			<Latitude d:type="sFloat64" d:alt_encoding="2C8BFD6941DE4940" d:precision="string">51.7364</Latitude>
			<Height d:type="sFloat32" d:alt_encoding="000000E0E3C44040" d:precision="string">33.5382</Height>
			<PlayerDriver d:type="bool">0</PlayerDriver>
		</sDriverFrontEndDetails>
		<sDriverFrontEndDetails d:id="175639214">
			<ServiceName>
				<Localisation-cUserLocalisedString>
					<English d:type="cDeltaString">1Y38 19:10 London Liverpool St - Ipswich</English>
					<French d:type="cDeltaString"></French>
					<Italian d:type="cDeltaString"></Italian>
					<German d:type="cDeltaString"></German>
					<Spanish d:type="cDeltaString"></Spanish>
					<Dutch d:type="cDeltaString"></Dutch>
					<Polish d:type="cDeltaString"></Polish>
					<Russian d:type="cDeltaString"></Russian>
					<Other/>
					<Key d:type="cDeltaString">71693074-4e1c-4902-86ac-5c803540c275</Key>
				</Localisation-cUserLocalisedString>
			</ServiceName>
			<LocoName>
				<Localisation-cUserLocalisedString>
					<English d:type="cDeltaString">Class 321 First Great Eastern</English>
					<French d:type="cDeltaString">Class 321 First Great Eastern</French>
					<Italian d:type="cDeltaString">Class 321 First Great Eastern</Italian>
					<German d:type="cDeltaString">Class 321 First Great Eastern</German>
					<Spanish d:type="cDeltaString">Class 321 First Great Eastern</Spanish>
					<Dutch d:type="cDeltaString">Class 321 First Great Eastern</Dutch>
					<Polish d:type="cDeltaString">Class 321 First Great Eastern</Polish>
					<Russian d:type="cDeltaString">Class 321 First Great Eastern</Russian>
					<Other/>
					<Key d:type="cDeltaString">AP_TXT_321_DTSOFGE</Key>
				</Localisation-cUserLocalisedString>
			</LocoName>
			<LocoBP>
				<iBlueprintLibrary-cAbsoluteBlueprintID>
					<BlueprintSetID>
						<iBlueprintLibrary-cBlueprintSetID>
							<Provider d:type="cDeltaString">AP</Provider>
							<Product d:type="cDeltaString">Class321Pack01</Product>
						</iBlueprintLibrary-cBlueprintSetID>
					</BlueprintSetID>
					<BlueprintID d:type="cDeltaString">RailVehicles\Class321\GE\DTSO\Class_321_DTSO.xml</BlueprintID>
				</iBlueprintLibrary-cAbsoluteBlueprintID>
			</LocoBP>
			<StartLocation>
				<Localisation-cUserLocalisedString>
					<English d:type="cDeltaString">Witham P3</English>
					<French d:type="cDeltaString"></French>
					<Italian d:type="cDeltaString"></Italian>
					<German d:type="cDeltaString"></German>
					<Spanish d:type="cDeltaString"></Spanish>
					<Dutch d:type="cDeltaString"></Dutch>
					<Polish d:type="cDeltaString"></Polish>
					<Russian d:type="cDeltaString"></Russian>
					<Other/>
					<Key d:type="cDeltaString">497b1da2-4050-42b6-83ca-955acff12f6d</Key>
				</Localisation-cUserLocalisedString>
			</StartLocation>
			<LocoClass d:type="cDeltaString">LOCO_CLASS_ELECTRIC</LocoClass>
			<LocoAuthor d:type="cDeltaString">AP</LocoAuthor>
			<FilePath d:type="cDeltaString">AP\Class321Pack01\RailVehicles\Class321\GE\DTSO</FilePath>
			<Longitude d:type="sFloat64" d:alt_encoding="DCBA3610EF73E43F" d:precision="string">0.639152</Longitude>
			<Latitude d:type="sFloat64" d:alt_encoding="9A956C6325E74940" d:precision="string">51.8058</Latitude>
			<Height d:type="sFloat32" d:alt_encoding="000000C0471C3A40" d:precision="string">26.1105</Height>
			<PlayerDriver d:type="bool">0</PlayerDriver>
		</sDriverFrontEndDetails>
		<sDriverFrontEndDetails d:id="175641526">
			<ServiceName>
				<Localisation-cUserLocalisedString>
					<English d:type="cDeltaString">1P58 19:02 London Liverpool St - Norwich</English>
					<French d:type="cDeltaString"></French>
					<Italian d:type="cDeltaString"></Italian>
					<German d:type="cDeltaString"></German>
					<Spanish d:type="cDeltaString"></Spanish>
					<Dutch d:type="cDeltaString"></Dutch>
					<Polish d:type="cDeltaString"></Polish>
					<Russian d:type="cDeltaString"></Russian>
					<Other/>
					<Key d:type="cDeltaString">ae949459-88e5-496c-881c-0dfff408dff6</Key>
				</Localisation-cUserLocalisedString>
			</ServiceName>
			<LocoName>
				<Localisation-cUserLocalisedString>
					<English d:type="cDeltaString">Class 86 Anglia Railways AP</English>
					<French d:type="cDeltaString"></French>
					<Italian d:type="cDeltaString"></Italian>
					<German d:type="cDeltaString"></German>
					<Spanish d:type="cDeltaString"></Spanish>
					<Dutch d:type="cDeltaString"></Dutch>
					<Polish d:type="cDeltaString"></Polish>
					<Russian d:type="cDeltaString"></Russian>
					<Other/>
					<Key d:type="cDeltaString">7cb9f049-3448-4389-99c5-0aa4b955641a</Key>
				</Localisation-cUserLocalisedString>
			</LocoName>
			<LocoBP>
				<iBlueprintLibrary-cAbsoluteBlueprintID>
					<BlueprintSetID>
						<iBlueprintLibrary-cBlueprintSetID>
							<Provider d:type="cDeltaString">RSC</Provider>
							<Product d:type="cDeltaString">Class86Pack</Product>
						</iBlueprintLibrary-cBlueprintSetID>
					</BlueprintSetID>
					<BlueprintID d:type="cDeltaString">RailVehicles\Electric\Class86\Anglia_W3_AP\86.xml</BlueprintID>
				</iBlueprintLibrary-cAbsoluteBlueprintID>
			</LocoBP>
			<StartLocation>
				<Localisation-cUserLocalisedString>
					<English d:type="cDeltaString">Colchester P2</English>
					<French d:type="cDeltaString"></French>
					<Italian d:type="cDeltaString"></Italian>
					<German d:type="cDeltaString"></German>
					<Spanish d:type="cDeltaString"></Spanish>
					<Dutch d:type="cDeltaString"></Dutch>
					<Polish d:type="cDeltaString"></Polish>
					<Russian d:type="cDeltaString"></Russian>
					<Other/>
					<Key d:type="cDeltaString">dd55cf90-54b9-4cc3-9f09-f61615d007ee</Key>
				</Localisation-cUserLocalisedString>
			</StartLocation>
			<LocoClass d:type="cDeltaString">LOCO_CLASS_ELECTRIC</LocoClass>
			<LocoAuthor d:type="cDeltaString">RSC</LocoAuthor>
			<FilePath d:type="cDeltaString">RSC\Class86Pack\RailVehicles\Electric\Class86\Anglia_W3_AP</FilePath>
			<Longitude d:type="sFloat64" d:alt_encoding="0444E0C5FAA9EC3F" d:precision="string">0.895749</Longitude>
			<Latitude d:type="sFloat64" d:alt_encoding="C75F46EE3AF34940" d:precision="string">51.9002</Latitude>
			<Height d:type="sFloat32" d:alt_encoding="00000000F8423040" d:precision="string">16.2616</Height>
			<PlayerDriver d:type="bool">0</PlayerDriver>
		</sDriverFrontEndDetails>
		<sDriverFrontEndDetails d:id="175639758">
			<ServiceName>
				<Localisation-cUserLocalisedString>
					<English d:type="cDeltaString">1A23 19:29 Harwich International - Liverpool St</English>
					<French d:type="cDeltaString"></French>
					<Italian d:type="cDeltaString"></Italian>
					<German d:type="cDeltaString"></German>
					<Spanish d:type="cDeltaString"></Spanish>
					<Dutch d:type="cDeltaString"></Dutch>
					<Polish d:type="cDeltaString"></Polish>
					<Russian d:type="cDeltaString"></Russian>
					<Other/>
					<Key d:type="cDeltaString">f84d3040-63ac-4473-ac49-00ef4a703875</Key>
				</Localisation-cUserLocalisedString>
			</ServiceName>
			<LocoName>
				<Localisation-cUserLocalisedString>
					<English d:type="cDeltaString">Class 86 Anglia Railways AP</English>
					<French d:type="cDeltaString"></French>
					<Italian d:type="cDeltaString"></Italian>
					<German d:type="cDeltaString"></German>
					<Spanish d:type="cDeltaString"></Spanish>
					<Dutch d:type="cDeltaString"></Dutch>
					<Polish d:type="cDeltaString"></Polish>
					<Russian d:type="cDeltaString"></Russian>
					<Other/>
					<Key d:type="cDeltaString">b8aa28eb-5a77-44c0-bda1-96bb95a178e3</Key>
				</Localisation-cUserLocalisedString>
			</LocoName>
			<LocoBP>
				<iBlueprintLibrary-cAbsoluteBlueprintID>
					<BlueprintSetID>
						<iBlueprintLibrary-cBlueprintSetID>
							<Provider d:type="cDeltaString">RSC</Provider>
							<Product d:type="cDeltaString">Class86Pack</Product>
						</iBlueprintLibrary-cBlueprintSetID>
					</BlueprintSetID>
					<BlueprintID d:type="cDeltaString">RailVehicles\Electric\Class86\Anglia_W3_AP\86.xml</BlueprintID>
				</iBlueprintLibrary-cAbsoluteBlueprintID>
			</LocoBP>
			<StartLocation>
				<Localisation-cUserLocalisedString>
					<English d:type="cDeltaString">Harwich International P2</English>
					<French d:type="cDeltaString"></French>
					<Italian d:type="cDeltaString"></Italian>
					<German d:type="cDeltaString"></German>
					<Spanish d:type="cDeltaString"></Spanish>
					<Dutch d:type="cDeltaString"></Dutch>
					<Polish d:type="cDeltaString"></Polish>
					<Russian d:type="cDeltaString"></Russian>
					<Other/>
					<Key d:type="cDeltaString">c55d6c2c-ad13-4ef2-972f-43339caf9236</Key>
				</Localisation-cUserLocalisedString>
			</StartLocation>
			<LocoClass d:type="cDeltaString">LOCO_CLASS_ELECTRIC</LocoClass>
			<LocoAuthor d:type="cDeltaString">RSC</LocoAuthor>
			<FilePath d:type="cDeltaString">RSC\Class86Pack\RailVehicles\Electric\Class86\Anglia_W3_AP</FilePath>
			<Longitude d:type="sFloat64" d:alt_encoding="16976CD4E11BF43F" d:precision="string">1.25681</Longitude>
			<Latitude d:type="sFloat64" d:alt_encoding="D6B9803239F94940" d:precision="string">51.9471</Latitude>
			<Height d:type="sFloat32" d:alt_encoding="00000080DB56F73F" d:precision="string">1.45871</Height>
			<PlayerDriver d:type="bool">1</PlayerDriver>
		</sDriverFrontEndDetails>
		<sDriverFrontEndDetails d:id="175638806">
			<ServiceName>
				<Localisation-cUserLocalisedString>
					<English d:type="cDeltaString">2D64 20:45 London Liverpool St - Cheshunt</English>
					<French d:type="cDeltaString"></French>
					<Italian d:type="cDeltaString"></Italian>
					<German d:type="cDeltaString"></German>
					<Spanish d:type="cDeltaString"></Spanish>
					<Dutch d:type="cDeltaString"></Dutch>
					<Polish d:type="cDeltaString"></Polish>
					<Russian d:type="cDeltaString"></Russian>
					<Other/>
					<Key d:type="cDeltaString">243568dd-44f0-40f6-ae77-16215093d2e4</Key>
				</Localisation-cUserLocalisedString>
			</ServiceName>
			<LocoName>
				<Localisation-cUserLocalisedString>
					<English d:type="cDeltaString">APW Class 315 First Great Eastern</English>
					<French d:type="cDeltaString">APW Class 315 First Great Eastern</French>
					<Italian d:type="cDeltaString">APW Class 315 First Great Eastern</Italian>
					<German d:type="cDeltaString">APW Class 315 First Great Eastern</German>
					<Spanish d:type="cDeltaString">APW Class 315 First Great Eastern</Spanish>
					<Dutch d:type="cDeltaString">APW Class 315 First Great Eastern</Dutch>
					<Polish d:type="cDeltaString">APW Class 315 First Great Eastern</Polish>
					<Russian d:type="cDeltaString">APW Class 315 First Great Eastern</Russian>
					<Other/>
					<Key d:type="cDeltaString">AP_TXT_315_DMSOSTH</Key>
				</Localisation-cUserLocalisedString>
			</LocoName>
			<LocoBP>
				<iBlueprintLibrary-cAbsoluteBlueprintID>
					<BlueprintSetID>
						<iBlueprintLibrary-cBlueprintSetID>
							<Provider d:type="cDeltaString">AP_Waggonz</Provider>
							<Product d:type="cDeltaString">Class315Pack01</Product>
						</iBlueprintLibrary-cBlueprintSetID>
					</BlueprintSetID>
					<BlueprintID d:type="cDeltaString">RailVehicles\Class315\F-GE\DMSOB\Class_315_DMSO - B.xml</BlueprintID>
				</iBlueprintLibrary-cAbsoluteBlueprintID>
			</LocoBP>
			<StartLocation>
				<Localisation-cUserLocalisedString>
					<English d:type="cDeltaString">Liverpool St P1</English>
					<French d:type="cDeltaString"></French>
					<Italian d:type="cDeltaString"></Italian>
					<German d:type="cDeltaString"></German>
					<Spanish d:type="cDeltaString"></Spanish>
					<Dutch d:type="cDeltaString"></Dutch>
					<Polish d:type="cDeltaString"></Polish>
					<Russian d:type="cDeltaString"></Russian>
					<Other/>
					<Key d:type="cDeltaString">fa7c0a1d-38fb-496e-8a81-1652d4a60b8b</Key>
				</Localisation-cUserLocalisedString>
			</StartLocation>
			<LocoClass d:type="cDeltaString">LOCO_CLASS_ELECTRIC</LocoClass>
			<LocoAuthor d:type="cDeltaString">AP_Waggonz</LocoAuthor>
			<FilePath d:type="cDeltaString">AP_Waggonz\Class315Pack01\RailVehicles\Class315\F-GE\DMSOB</FilePath>
			<Longitude d:type="sFloat64" d:alt_encoding="80F11F836129B5BF" d:precision="string">-0.0826627</Longitude>
			<Latitude d:type="sFloat64" d:alt_encoding="FA4342DE4AC24940" d:precision="string">51.5179</Latitude>
			<Height d:type="sFloat32" d:alt_encoding="00000020B85A1740" d:precision="string">5.83859</Height>
			<PlayerDriver d:type="bool">0</PlayerDriver>
		</sDriverFrontEndDetails>
		<sDriverFrontEndDetails d:id="175640642">
			<ServiceName>
				<Localisation-cUserLocalisedString>
					<English d:type="cDeltaString">2O12 20:42 London Liverpool St - Hertford East</English>
					<French d:type="cDeltaString"></French>
					<Italian d:type="cDeltaString"></Italian>
					<German d:type="cDeltaString"></German>
					<Spanish d:type="cDeltaString"></Spanish>
					<Dutch d:type="cDeltaString"></Dutch>
					<Polish d:type="cDeltaString"></Polish>
					<Russian d:type="cDeltaString"></Russian>
					<Other/>
					<Key d:type="cDeltaString">7ec55b42-4f51-4fb0-87b6-005fd419b0d3</Key>
				</Localisation-cUserLocalisedString>
			</ServiceName>
			<LocoName>
				<Localisation-cUserLocalisedString>
					<English d:type="cDeltaString">APW Class 315 First Great Eastern</English>
					<French d:type="cDeltaString">APW Class 315 First Great Eastern</French>
					<Italian d:type="cDeltaString">APW Class 315 First Great Eastern</Italian>
					<German d:type="cDeltaString">APW Class 315 First Great Eastern</German>
					<Spanish d:type="cDeltaString">APW Class 315 First Great Eastern</Spanish>
					<Dutch d:type="cDeltaString">APW Class 315 First Great Eastern</Dutch>
					<Polish d:type="cDeltaString">APW Class 315 First Great Eastern</Polish>
					<Russian d:type="cDeltaString">APW Class 315 First Great Eastern</Russian>
					<Other/>
					<Key d:type="cDeltaString">AP_TXT_315_DMSOSTH</Key>
				</Localisation-cUserLocalisedString>
			</LocoName>
			<LocoBP>
				<iBlueprintLibrary-cAbsoluteBlueprintID>
					<BlueprintSetID>
						<iBlueprintLibrary-cBlueprintSetID>
							<Provider d:type="cDeltaString">AP_Waggonz</Provider>
							<Product d:type="cDeltaString">Class315Pack01</Product>
						</iBlueprintLibrary-cBlueprintSetID>
					</BlueprintSetID>
					<BlueprintID d:type="cDeltaString">RailVehicles\Class315\F-GE\DMSOA\Class_315_DMSO - A.xml</BlueprintID>
				</iBlueprintLibrary-cAbsoluteBlueprintID>
			</LocoBP>
			<StartLocation>
				<Localisation-cUserLocalisedString>
					<English d:type="cDeltaString">Liverpool St P6</English>
					<French d:type="cDeltaString"></French>
					<Italian d:type="cDeltaString"></Italian>
					<German d:type="cDeltaString"></German>
					<Spanish d:type="cDeltaString"></Spanish>
					<Dutch d:type="cDeltaString"></Dutch>
					<Polish d:type="cDeltaString"></Polish>
					<Russian d:type="cDeltaString"></Russian>
					<Other/>
					<Key d:type="cDeltaString">0edd42ac-0b75-4c71-a273-567a014a7ae5</Key>
				</Localisation-cUserLocalisedString>
			</StartLocation>
			<LocoClass d:type="cDeltaString">LOCO_CLASS_ELECTRIC</LocoClass>
			<LocoAuthor d:type="cDeltaString">AP_Waggonz</LocoAuthor>
			<FilePath d:type="cDeltaString">AP_Waggonz\Class315Pack01\RailVehicles\Class315\F-GE\DMSOA</FilePath>
			<Longitude d:type="sFloat64" d:alt_encoding="00B1ADE7250EB5BF" d:precision="string">-0.0822471</Longitude>
			<Latitude d:type="sFloat64" d:alt_encoding="6E9257A047C24940" d:precision="string">51.5178</Latitude>
			<Height d:type="sFloat32" d:alt_encoding="0000000000E01540" d:precision="string">5.46875</Height>
			<PlayerDriver d:type="bool">0</PlayerDriver>
		</sDriverFrontEndDetails>
		<sDriverFrontEndDetails d:id="175639690">
			<ServiceName>
				<Localisation-cUserLocalisedString>
					<English d:type="cDeltaString">2F02 20:38 London Liverpool St - Colchester Town</English>
					<French d:type="cDeltaString"></French>
					<Italian d:type="cDeltaString"></Italian>
					<German d:type="cDeltaString"></German>
					<Spanish d:type="cDeltaString"></Spanish>
					<Dutch d:type="cDeltaString"></Dutch>
					<Polish d:type="cDeltaString"></Polish>
					<Russian d:type="cDeltaString"></Russian>
					<Other/>
					<Key d:type="cDeltaString">49837f0d-2d1a-452b-97de-b8fdb49af287</Key>
				</Localisation-cUserLocalisedString>
			</ServiceName>
			<LocoName>
				<Localisation-cUserLocalisedString>
					<English d:type="cDeltaString">Class 321 First Great Eastern</English>
					<French d:type="cDeltaString">Class 321 First Great Eastern</French>
					<Italian d:type="cDeltaString">Class 321 First Great Eastern</Italian>
					<German d:type="cDeltaString">Class 321 First Great Eastern</German>
					<Spanish d:type="cDeltaString">Class 321 First Great Eastern</Spanish>
					<Dutch d:type="cDeltaString">Class 321 First Great Eastern</Dutch>
					<Polish d:type="cDeltaString">Class 321 First Great Eastern</Polish>
					<Russian d:type="cDeltaString">Class 321 First Great Eastern</Russian>
					<Other/>
					<Key d:type="cDeltaString">AP_TXT_321_DTCOFGE</Key>
				</Localisation-cUserLocalisedString>
			</LocoName>
			<LocoBP>
				<iBlueprintLibrary-cAbsoluteBlueprintID>
					<BlueprintSetID>
						<iBlueprintLibrary-cBlueprintSetID>
							<Provider d:type="cDeltaString">AP</Provider>
							<Product d:type="cDeltaString">Class321Pack01</Product>
						</iBlueprintLibrary-cBlueprintSetID>
					</BlueprintSetID>
					<BlueprintID d:type="cDeltaString">RailVehicles\Class321\GE\DTCO\Class_321_DTCO.xml</BlueprintID>
				</iBlueprintLibrary-cAbsoluteBlueprintID>
			</LocoBP>
			<StartLocation>
				<Localisation-cUserLocalisedString>
					<English d:type="cDeltaString">Liverpool St P12</English>
					<French d:type="cDeltaString"></French>
					<Italian d:type="cDeltaString"></Italian>
					<German d:type="cDeltaString"></German>
					<Spanish d:type="cDeltaString"></Spanish>
					<Dutch d:type="cDeltaString"></Dutch>
					<Polish d:type="cDeltaString"></Polish>
					<Russian d:type="cDeltaString"></Russian>
					<Other/>
					<Key d:type="cDeltaString">a8ea1e5f-bf2d-49f7-bb3e-2e4cdf84d57a</Key>
				</Localisation-cUserLocalisedString>
			</StartLocation>
			<LocoClass d:type="cDeltaString">LOCO_CLASS_ELECTRIC</LocoClass>
			<LocoAuthor d:type="cDeltaString">AP</LocoAuthor>
			<FilePath d:type="cDeltaString">AP\Class321Pack01\RailVehicles\Class321\GE\DTCO</FilePath>
			<Longitude d:type="sFloat64" d:alt_encoding="80E92E022599B4BF" d:precision="string">-0.0804618</Longitude>
			<Latitude d:type="sFloat64" d:alt_encoding="5BCDB7B867C24940" d:precision="string">51.5188</Latitude>
			<Height d:type="sFloat32" d:alt_encoding="0000000000E01540" d:precision="string">5.46875</Height>
			<PlayerDriver d:type="bool">0</PlayerDriver>
		</sDriverFrontEndDetails>
		<sDriverFrontEndDetails d:id="175639486">
			<ServiceName>
				<Localisation-cUserLocalisedString>
					<English d:type="cDeltaString">2F85 19:35 Colchester Town - London Liverpool St</English>
					<French d:type="cDeltaString"></French>
					<Italian d:type="cDeltaString"></Italian>
					<German d:type="cDeltaString"></German>
					<Spanish d:type="cDeltaString"></Spanish>
					<Dutch d:type="cDeltaString"></Dutch>
					<Polish d:type="cDeltaString"></Polish>
					<Russian d:type="cDeltaString"></Russian>
					<Other/>
					<Key d:type="cDeltaString">ad066abc-53c4-4452-8abd-5ca0ef8dfefa</Key>
				</Localisation-cUserLocalisedString>
			</ServiceName>
			<LocoName>
				<Localisation-cUserLocalisedString>
					<English d:type="cDeltaString">Class 321 First Great Eastern</English>
					<French d:type="cDeltaString">Class 321 First Great Eastern</French>
					<Italian d:type="cDeltaString">Class 321 First Great Eastern</Italian>
					<German d:type="cDeltaString">Class 321 First Great Eastern</German>
					<Spanish d:type="cDeltaString">Class 321 First Great Eastern</Spanish>
					<Dutch d:type="cDeltaString">Class 321 First Great Eastern</Dutch>
					<Polish d:type="cDeltaString">Class 321 First Great Eastern</Polish>
					<Russian d:type="cDeltaString">Class 321 First Great Eastern</Russian>
					<Other/>
					<Key d:type="cDeltaString">AP_TXT_321_DTCOFGE</Key>
				</Localisation-cUserLocalisedString>
			</LocoName>
			<LocoBP>
				<iBlueprintLibrary-cAbsoluteBlueprintID>
					<BlueprintSetID>
						<iBlueprintLibrary-cBlueprintSetID>
							<Provider d:type="cDeltaString">AP</Provider>
							<Product d:type="cDeltaString">Class321Pack01</Product>
						</iBlueprintLibrary-cBlueprintSetID>
					</BlueprintSetID>
					<BlueprintID d:type="cDeltaString">RailVehicles\Class321\GE\DTCO\Class_321_DTCO.xml</BlueprintID>
				</iBlueprintLibrary-cAbsoluteBlueprintID>
			</LocoBP>
			<StartLocation>
				<Localisation-cUserLocalisedString>
					<English d:type="cDeltaString">Colchester P4</English>
					<French d:type="cDeltaString"></French>
					<Italian d:type="cDeltaString"></Italian>
					<German d:type="cDeltaString"></German>
					<Spanish d:type="cDeltaString"></Spanish>
					<Dutch d:type="cDeltaString"></Dutch>
					<Polish d:type="cDeltaString"></Polish>
					<Russian d:type="cDeltaString"></Russian>
					<Other/>
					<Key d:type="cDeltaString">94c16d7b-977c-4a8a-b444-2be984347c1c</Key>
				</Localisation-cUserLocalisedString>
			</StartLocation>
			<LocoClass d:type="cDeltaString">LOCO_CLASS_ELECTRIC</LocoClass>
			<LocoAuthor d:type="cDeltaString">AP</LocoAuthor>
			<FilePath d:type="cDeltaString">AP\Class321Pack01\RailVehicles\Class321\GE\DTCO</FilePath>
			<Longitude d:type="sFloat64" d:alt_encoding="8CD0E7A570A6EC3F" d:precision="string">0.895317</Longitude>
			<Latitude d:type="sFloat64" d:alt_encoding="EED8BB6B39F34940" d:precision="string">51.9002</Latitude>
			<Height d:type="sFloat32" d:alt_encoding="00000020776D3040" d:precision="string">16.4276</Height>
			<PlayerDriver d:type="bool">0</PlayerDriver>
		</sDriverFrontEndDetails>
		<sDriverFrontEndDetails d:id="175639554">
			<ServiceName>
				<Localisation-cUserLocalisedString>
					<English d:type="cDeltaString">2W84 20:20 London Liverpool St - Shenfield</English>
					<French d:type="cDeltaString"></French>
					<Italian d:type="cDeltaString"></Italian>
					<German d:type="cDeltaString"></German>
					<Spanish d:type="cDeltaString"></Spanish>
					<Dutch d:type="cDeltaString"></Dutch>
					<Polish d:type="cDeltaString"></Polish>
					<Russian d:type="cDeltaString"></Russian>
					<Other/>
					<Key d:type="cDeltaString">b142410b-0790-4a7b-bbb2-7ce2b27ac810</Key>
				</Localisation-cUserLocalisedString>
			</ServiceName>
			<LocoName>
				<Localisation-cUserLocalisedString>
					<English d:type="cDeltaString">APW Class 315 First Great Eastern</English>
					<French d:type="cDeltaString">APW Class 315 First Great Eastern</French>
					<Italian d:type="cDeltaString">APW Class 315 First Great Eastern</Italian>
					<German d:type="cDeltaString">APW Class 315 First Great Eastern</German>
					<Spanish d:type="cDeltaString">APW Class 315 First Great Eastern</Spanish>
					<Dutch d:type="cDeltaString">APW Class 315 First Great Eastern</Dutch>
					<Polish d:type="cDeltaString">APW Class 315 First Great Eastern</Polish>
					<Russian d:type="cDeltaString">APW Class 315 First Great Eastern</Russian>
					<Other/>
					<Key d:type="cDeltaString">AP_TXT_315_DMSOSTH</Key>
				</Localisation-cUserLocalisedString>
			</LocoName>
			<LocoBP>
				<iBlueprintLibrary-cAbsoluteBlueprintID>
					<BlueprintSetID>
						<iBlueprintLibrary-cBlueprintSetID>
							<Provider d:type="cDeltaString">AP_Waggonz</Provider>
							<Product d:type="cDeltaString">Class315Pack01</Product>
						</iBlueprintLibrary-cBlueprintSetID>
					</BlueprintSetID>
					<BlueprintID d:type="cDeltaString">RailVehicles\Class315\F-GE\DMSOB\Class_315_DMSO - B.xml</BlueprintID>
				</iBlueprintLibrary-cAbsoluteBlueprintID>
			</LocoBP>
			<StartLocation>
				<Localisation-cUserLocalisedString>
					<English d:type="cDeltaString"></English>
					<French d:type="cDeltaString"></French>
					<Italian d:type="cDeltaString"></Italian>
					<German d:type="cDeltaString"></German>
					<Spanish d:type="cDeltaString"></Spanish>
					<Dutch d:type="cDeltaString"></Dutch>
					<Polish d:type="cDeltaString"></Polish>
					<Russian d:type="cDeltaString"></Russian>
					<Other/>
					<Key d:type="cDeltaString">1f389d33-5a6b-4ace-a5de-8174ff1c0e80</Key>
				</Localisation-cUserLocalisedString>
			</StartLocation>
			<LocoClass d:type="cDeltaString">LOCO_CLASS_ELECTRIC</LocoClass>
			<LocoAuthor d:type="cDeltaString">AP_Waggonz</LocoAuthor>
			<FilePath d:type="cDeltaString">AP_Waggonz\Class315Pack01\RailVehicles\Class315\F-GE\DMSOB</FilePath>
			<Longitude d:type="sFloat64" d:alt_encoding="00EE2029836C7BBF" d:precision="string">-0.00669528</Longitude>
			<Latitude d:type="sFloat64" d:alt_encoding="53769FD30AC54940" d:precision="string">51.5394</Latitude>
			<Height d:type="sFloat32" d:alt_encoding="000000400E261B40" d:precision="string">6.78716</Height>
			<PlayerDriver d:type="bool">0</PlayerDriver>
		</sDriverFrontEndDetails>
		<sDriverFrontEndDetails d:id="175639622">
			<ServiceName>
				<Localisation-cUserLocalisedString>
					<English d:type="cDeltaString">2W82 20:10 London Liverpool St - Shenfield</English>
					<French d:type="cDeltaString"></French>
					<Italian d:type="cDeltaString"></Italian>
					<German d:type="cDeltaString"></German>
					<Spanish d:type="cDeltaString"></Spanish>
					<Dutch d:type="cDeltaString"></Dutch>
					<Polish d:type="cDeltaString"></Polish>
					<Russian d:type="cDeltaString"></Russian>
					<Other/>
					<Key d:type="cDeltaString">78fde11f-b2db-4df2-a67d-e4b964e3a829</Key>
				</Localisation-cUserLocalisedString>
			</ServiceName>
			<LocoName>
				<Localisation-cUserLocalisedString>
					<English d:type="cDeltaString">APW Class 315 First Great Eastern</English>
					<French d:type="cDeltaString">APW Class 315 First Great Eastern</French>
					<Italian d:type="cDeltaString">APW Class 315 First Great Eastern</Italian>
					<German d:type="cDeltaString">APW Class 315 First Great Eastern</German>
					<Spanish d:type="cDeltaString">APW Class 315 First Great Eastern</Spanish>
					<Dutch d:type="cDeltaString">APW Class 315 First Great Eastern</Dutch>
					<Polish d:type="cDeltaString">APW Class 315 First Great Eastern</Polish>
					<Russian d:type="cDeltaString">APW Class 315 First Great Eastern</Russian>
					<Other/>
					<Key d:type="cDeltaString">AP_TXT_315_DMSOSTH</Key>
				</Localisation-cUserLocalisedString>
			</LocoName>
			<LocoBP>
				<iBlueprintLibrary-cAbsoluteBlueprintID>
					<BlueprintSetID>
						<iBlueprintLibrary-cBlueprintSetID>
							<Provider d:type="cDeltaString">AP_Waggonz</Provider>
							<Product d:type="cDeltaString">Class315Pack01</Product>
						</iBlueprintLibrary-cBlueprintSetID>
					</BlueprintSetID>
					<BlueprintID d:type="cDeltaString">RailVehicles\Class315\F-GE\DMSOB\Class_315_DMSO - B.xml</BlueprintID>
				</iBlueprintLibrary-cAbsoluteBlueprintID>
			</LocoBP>
			<StartLocation>
				<Localisation-cUserLocalisedString>
					<English d:type="cDeltaString">Stratford P8</English>
					<French d:type="cDeltaString"></French>
					<Italian d:type="cDeltaString"></Italian>
					<German d:type="cDeltaString"></German>
					<Spanish d:type="cDeltaString"></Spanish>
					<Dutch d:type="cDeltaString"></Dutch>
					<Polish d:type="cDeltaString"></Polish>
					<Russian d:type="cDeltaString"></Russian>
					<Other/>
					<Key d:type="cDeltaString">28d014fd-880d-4e0d-81ba-06c05134f6ca</Key>
				</Localisation-cUserLocalisedString>
			</StartLocation>
			<LocoClass d:type="cDeltaString">LOCO_CLASS_ELECTRIC</LocoClass>
			<LocoAuthor d:type="cDeltaString">AP_Waggonz</LocoAuthor>
			<FilePath d:type="cDeltaString">AP_Waggonz\Class315Pack01\RailVehicles\Class315\F-GE\DMSOB</FilePath>
			<Longitude d:type="sFloat64" d:alt_encoding="0096A06671F871BF" d:precision="string">-0.00438732</Longitude>
			<Latitude d:type="sFloat64" d:alt_encoding="FFBD084A4DC54940" d:precision="string">51.5414</Latitude>
			<Height d:type="sFloat32" d:alt_encoding="000000409E591740" d:precision="string">5.83752</Height>
			<PlayerDriver d:type="bool">0</PlayerDriver>
		</sDriverFrontEndDetails>
		<sDriverFrontEndDetails d:id="175641050">
			<ServiceName>
				<Localisation-cUserLocalisedString>
					<English d:type="cDeltaString">2K06 20:13 London Liverpool St - Southend Victoria</English>
					<French d:type="cDeltaString"></French>
					<Italian d:type="cDeltaString"></Italian>
					<German d:type="cDeltaString"></German>
					<Spanish d:type="cDeltaString"></Spanish>
					<Dutch d:type="cDeltaString"></Dutch>
					<Polish d:type="cDeltaString"></Polish>
					<Russian d:type="cDeltaString"></Russian>
					<Other/>
					<Key d:type="cDeltaString">c3b18e26-ed94-4578-950f-9ccc2f078997</Key>
				</Localisation-cUserLocalisedString>
			</ServiceName>
			<LocoName>
				<Localisation-cUserLocalisedString>
					<English d:type="cDeltaString">Class 321 First Great Eastern</English>
					<French d:type="cDeltaString">Class 321 First Great Eastern</French>
					<Italian d:type="cDeltaString">Class 321 First Great Eastern</Italian>
					<German d:type="cDeltaString">Class 321 First Great Eastern</German>
					<Spanish d:type="cDeltaString">Class 321 First Great Eastern</Spanish>
					<Dutch d:type="cDeltaString">Class 321 First Great Eastern</Dutch>
					<Polish d:type="cDeltaString">Class 321 First Great Eastern</Polish>
					<Russian d:type="cDeltaString">Class 321 First Great Eastern</Russian>
					<Other/>
					<Key d:type="cDeltaString">AP_TXT_321_DTSOFGE</Key>
				</Localisation-cUserLocalisedString>
			</LocoName>
			<LocoBP>
				<iBlueprintLibrary-cAbsoluteBlueprintID>
					<BlueprintSetID>
						<iBlueprintLibrary-cBlueprintSetID>
							<Provider d:type="cDeltaString">AP</Provider>
							<Product d:type="cDeltaString">Class321Pack01</Product>
						</iBlueprintLibrary-cBlueprintSetID>
					</BlueprintSetID>
					<BlueprintID d:type="cDeltaString">RailVehicles\Class321\GE\DTSO\Class_321_DTSO.xml</BlueprintID>
				</iBlueprintLibrary-cAbsoluteBlueprintID>
			</LocoBP>
			<StartLocation>
				<Localisation-cUserLocalisedString>
					<English d:type="cDeltaString">Stratford P10</English>
					<French d:type="cDeltaString"></French>
					<Italian d:type="cDeltaString"></Italian>
					<German d:type="cDeltaString"></German>
					<Spanish d:type="cDeltaString"></Spanish>
					<Dutch d:type="cDeltaString"></Dutch>
					<Polish d:type="cDeltaString"></Polish>
					<Russian d:type="cDeltaString"></Russian>
					<Other/>
					<Key d:type="cDeltaString">5a538c09-1a04-4a1a-888f-c996064cb9ef</Key>
				</Localisation-cUserLocalisedString>
			</StartLocation>
			<LocoClass d:type="cDeltaString">LOCO_CLASS_ELECTRIC</LocoClass>
			<LocoAuthor d:type="cDeltaString">AP</LocoAuthor>
			<FilePath d:type="cDeltaString">AP\Class321Pack01\RailVehicles\Class321\GE\DTSO</FilePath>
			<Longitude d:type="sFloat64" d:alt_encoding="00A091F9FED86DBF" d:precision="string">-0.00364351</Longitude>
			<Latitude d:type="sFloat64" d:alt_encoding="2A9B0C2D64C54940" d:precision="string">51.5421</Latitude>
			<Height d:type="sFloat32" d:alt_encoding="00000020C7221640" d:precision="string">5.53396</Height>
			<PlayerDriver d:type="bool">0</PlayerDriver>
		</sDriverFrontEndDetails>
		<sDriverFrontEndDetails d:id="175639010">
			<ServiceName>
				<Localisation-cUserLocalisedString>
					<English d:type="cDeltaString">2W78 19:52 London Liverpool St - Shenfield</English>
					<French d:type="cDeltaString"></French>
					<Italian d:type="cDeltaString"></Italian>
					<German d:type="cDeltaString"></German>
					<Spanish d:type="cDeltaString"></Spanish>
					<Dutch d:type="cDeltaString"></Dutch>
					<Polish d:type="cDeltaString"></Polish>
					<Russian d:type="cDeltaString"></Russian>
					<Other/>
					<Key d:type="cDeltaString">799d1521-fd5e-4c48-8a87-1420b40f6faf</Key>
				</Localisation-cUserLocalisedString>
			</ServiceName>
			<LocoName>
				<Localisation-cUserLocalisedString>
					<English d:type="cDeltaString">APW Class 315 First Great Eastern</English>
					<French d:type="cDeltaString">APW Class 315 First Great Eastern</French>
					<Italian d:type="cDeltaString">APW Class 315 First Great Eastern</Italian>
					<German d:type="cDeltaString">APW Class 315 First Great Eastern</German>
					<Spanish d:type="cDeltaString">APW Class 315 First Great Eastern</Spanish>
					<Dutch d:type="cDeltaString">APW Class 315 First Great Eastern</Dutch>
					<Polish d:type="cDeltaString">APW Class 315 First Great Eastern</Polish>
					<Russian d:type="cDeltaString">APW Class 315 First Great Eastern</Russian>
					<Other/>
					<Key d:type="cDeltaString">AP_TXT_315_DMSOSTH</Key>
				</Localisation-cUserLocalisedString>
			</LocoName>
			<LocoBP>
				<iBlueprintLibrary-cAbsoluteBlueprintID>
					<BlueprintSetID>
						<iBlueprintLibrary-cBlueprintSetID>
							<Provider d:type="cDeltaString">AP_Waggonz</Provider>
							<Product d:type="cDeltaString">Class315Pack01</Product>
						</iBlueprintLibrary-cBlueprintSetID>
					</BlueprintSetID>
					<BlueprintID d:type="cDeltaString">RailVehicles\Class315\F-GE\DMSOA\Class_315_DMSO - A.xml</BlueprintID>
				</iBlueprintLibrary-cAbsoluteBlueprintID>
			</LocoBP>
			<StartLocation>
				<Localisation-cUserLocalisedString>
					<English d:type="cDeltaString">Ilford P4</English>
					<French d:type="cDeltaString"></French>
					<Italian d:type="cDeltaString"></Italian>
					<German d:type="cDeltaString"></German>
					<Spanish d:type="cDeltaString"></Spanish>
					<Dutch d:type="cDeltaString"></Dutch>
					<Polish d:type="cDeltaString"></Polish>
					<Russian d:type="cDeltaString"></Russian>
					<Other/>
					<Key d:type="cDeltaString">ac5aac46-cf3f-4e59-846d-a4a0aeba9c8c</Key>
				</Localisation-cUserLocalisedString>
			</StartLocation>
			<LocoClass d:type="cDeltaString">LOCO_CLASS_ELECTRIC</LocoClass>
			<LocoAuthor d:type="cDeltaString">AP_Waggonz</LocoAuthor>
			<FilePath d:type="cDeltaString">AP_Waggonz\Class315Pack01\RailVehicles\Class315\F-GE\DMSOA</FilePath>
			<Longitude d:type="sFloat64" d:alt_encoding="8052A8972D79B13F" d:precision="string">0.0682553</Longitude>
			<Latitude d:type="sFloat64" d:alt_encoding="9C66C2D28BC74940" d:precision="string">51.559</Latitude>
			<Height d:type="sFloat32" d:alt_encoding="00000000BF212040" d:precision="string">8.06591</Height>
			<PlayerDriver d:type="bool">0</PlayerDriver>
		</sDriverFrontEndDetails>
		<sDriverFrontEndDetails d:id="175639078">
			<ServiceName>
				<Localisation-cUserLocalisedString>
					<English d:type="cDeltaString">2W76 19:38 London Liverpool St - Shenfield</English>
					<French d:type="cDeltaString"></French>
					<Italian d:type="cDeltaString"></Italian>
					<German d:type="cDeltaString"></German>
					<Spanish d:type="cDeltaString"></Spanish>
					<Dutch d:type="cDeltaString"></Dutch>
					<Polish d:type="cDeltaString"></Polish>
					<Russian d:type="cDeltaString"></Russian>
					<Other/>
					<Key d:type="cDeltaString">abde3d89-cc84-48d5-8eab-7a1956d1bd36</Key>
				</Localisation-cUserLocalisedString>
			</ServiceName>
			<LocoName>
				<Localisation-cUserLocalisedString>
					<English d:type="cDeltaString">APW Class 315 First Great Eastern</English>
					<French d:type="cDeltaString">APW Class 315 First Great Eastern</French>
					<Italian d:type="cDeltaString">APW Class 315 First Great Eastern</Italian>
					<German d:type="cDeltaString">APW Class 315 First Great Eastern</German>
					<Spanish d:type="cDeltaString">APW Class 315 First Great Eastern</Spanish>
					<Dutch d:type="cDeltaString">APW Class 315 First Great Eastern</Dutch>
					<Polish d:type="cDeltaString">APW Class 315 First Great Eastern</Polish>
					<Russian d:type="cDeltaString">APW Class 315 First Great Eastern</Russian>
					<Other/>
					<Key d:type="cDeltaString">AP_TXT_315_DMSOSTH</Key>
				</Localisation-cUserLocalisedString>
			</LocoName>
			<LocoBP>
				<iBlueprintLibrary-cAbsoluteBlueprintID>
					<BlueprintSetID>
						<iBlueprintLibrary-cBlueprintSetID>
							<Provider d:type="cDeltaString">AP_Waggonz</Provider>
							<Product d:type="cDeltaString">Class315Pack01</Product>
						</iBlueprintLibrary-cBlueprintSetID>
					</BlueprintSetID>
					<BlueprintID d:type="cDeltaString">RailVehicles\Class315\F-GE\DMSOB\Class_315_DMSO - B.xml</BlueprintID>
				</iBlueprintLibrary-cAbsoluteBlueprintID>
			</LocoBP>
			<StartLocation>
				<Localisation-cUserLocalisedString>
					<English d:type="cDeltaString">Gidea Park P4</English>
					<French d:type="cDeltaString"></French>
					<Italian d:type="cDeltaString"></Italian>
					<German d:type="cDeltaString"></German>
					<Spanish d:type="cDeltaString"></Spanish>
					<Dutch d:type="cDeltaString"></Dutch>
					<Polish d:type="cDeltaString"></Polish>
					<Russian d:type="cDeltaString"></Russian>
					<Other/>
					<Key d:type="cDeltaString">dcde7279-8827-45fe-8f1e-dd62e2f85036</Key>
				</Localisation-cUserLocalisedString>
			</StartLocation>
			<LocoClass d:type="cDeltaString">LOCO_CLASS_ELECTRIC</LocoClass>
			<LocoAuthor d:type="cDeltaString">AP_Waggonz</LocoAuthor>
			<FilePath d:type="cDeltaString">AP_Waggonz\Class315Pack01\RailVehicles\Class315\F-GE\DMSOB</FilePath>
			<Longitude d:type="sFloat64" d:alt_encoding="D0AE23110451CA3F" d:precision="string">0.205597</Longitude>
			<Latitude d:type="sFloat64" d:alt_encoding="B9D29BF37CCA4940" d:precision="string">51.5819</Latitude>
			<Height d:type="sFloat32" d:alt_encoding="000000607CA83740" d:precision="string">23.6581</Height>
			<PlayerDriver d:type="bool">0</PlayerDriver>
		</sDriverFrontEndDetails>
	</FrontEndDriverList>
	<RequiredSet>
		<iBlueprintLibrary-cBlueprintSetID d:id="33430868">
			<Provider d:type="cDeltaString">AP</Provider>
			<Product d:type="cDeltaString">BRMk2Pack01</Product>
		</iBlueprintLibrary-cBlueprintSetID>
		<iBlueprintLibrary-cBlueprintSetID d:id="33430870">
			<Provider d:type="cDeltaString">AP</Provider>
			<Product d:type="cDeltaString">Class150Pack01</Product>
		</iBlueprintLibrary-cBlueprintSetID>
		<iBlueprintLibrary-cBlueprintSetID d:id="33430872">
			<Provider d:type="cDeltaString">AP</Provider>
			<Product d:type="cDeltaString">Class321Pack01</Product>
		</iBlueprintLibrary-cBlueprintSetID>
		<iBlueprintLibrary-cBlueprintSetID d:id="33430874">
			<Provider d:type="cDeltaString">AP</Provider>
			<Product d:type="cDeltaString">Mk2DBSO</Product>
		</iBlueprintLibrary-cBlueprintSetID>
		<iBlueprintLibrary-cBlueprintSetID d:id="33430876">
			<Provider d:type="cDeltaString">AP_Waggonz</Provider>
			<Product d:type="cDeltaString">Class315Pack01</Product>
		</iBlueprintLibrary-cBlueprintSetID>
		<iBlueprintLibrary-cBlueprintSetID d:id="33430878">
			<Provider d:type="cDeltaString">RSC</Provider>
			<Product d:type="cDeltaString">Class86Pack</Product>
		</iBlueprintLibrary-cBlueprintSetID>
		<iBlueprintLibrary-cBlueprintSetID d:id="33430880">
			<Provider d:type="cDeltaString">RSC</Provider>
			<Product d:type="cDeltaString">GEML</Product>
		</iBlueprintLibrary-cBlueprintSetID>
	</RequiredSet>
	<Gizmo>
		<cOwnedEntity d:id="175032350">
			<Component>
				<cEditorSceneryRender d:id="135652820">
					<DetailLevel d:type="sInt32">10</DetailLevel>
					<Global d:type="bool">0</Global>
					<Saved d:type="bool">1</Saved>
					<Palette0Index d:type="sUInt8">0</Palette0Index>
					<Palette1Index d:type="sUInt8">0</Palette1Index>
					<Palette2Index d:type="sUInt8">0</Palette2Index>
				</cEditorSceneryRender>
				<cPosOri d:id="135549400">
					<Scale d:numElements="4" d:elementType="sFloat32" d:precision="string">1.0000000 1.0000000 1.0000000 0.0000000</Scale>
					<RFarMatrix>
						<cFarMatrix d:id="135549406">
							<Height d:type="sFloat32" d:alt_encoding="0000000000000000" d:precision="string">0</Height>
							<RXAxis d:numElements="4" d:elementType="sFloat32" d:precision="string">1.0000000 0.0000000 0.0000000 0.0000000</RXAxis>
							<RYAxis d:numElements="4" d:elementType="sFloat32" d:precision="string">0.0000000 1.0000000 0.0000000 0.0000000</RYAxis>
							<RZAxis d:numElements="4" d:elementType="sFloat32" d:precision="string">0.0000000 0.0000000 1.0000000 0.0000000</RZAxis>
							<RFarPosition>
								<cFarVector2 d:id="135549413">
									<X>
										<cFarCoordinate>
											<RouteCoordinate>
												<cRouteCoordinate>
													<Distance d:type="sInt32">10</Distance>
												</cRouteCoordinate>
											</RouteCoordinate>
											<TileCoordinate>
												<cTileCoordinate>
													<Distance d:type="sFloat32" d:alt_encoding="00000040375B7940" d:precision="string">405.701</Distance>
												</cTileCoordinate>
											</TileCoordinate>
										</cFarCoordinate>
									</X>
									<Z>
										<cFarCoordinate>
											<RouteCoordinate>
												<cRouteCoordinate>
													<Distance d:type="sInt32">4</Distance>
												</cRouteCoordinate>
											</RouteCoordinate>
											<TileCoordinate>
												<cTileCoordinate>
													<Distance d:type="sFloat32" d:alt_encoding="000000603BFD8E40" d:precision="string">991.654</Distance>
												</cTileCoordinate>
											</TileCoordinate>
										</cFarCoordinate>
									</Z>
								</cFarVector2>
							</RFarPosition>
						</cFarMatrix>
					</RFarMatrix>
				</cPosOri>
				<cScriptComponent d:id="136288728">
					<DebugDisplay d:type="bool">1</DebugDisplay>
					<StateName d:type="cDeltaString"></StateName>
				</cScriptComponent>
			</Component>
			<BlueprintID>
				<iBlueprintLibrary-cAbsoluteBlueprintID>
					<BlueprintSetID>
						<iBlueprintLibrary-cBlueprintSetID>
							<Provider d:type="cDeltaString">Kuju</Provider>
							<Product d:type="cDeltaString">RailSimulatorCore</Product>
						</iBlueprintLibrary-cBlueprintSetID>
					</BlueprintSetID>
					<BlueprintID d:type="cDeltaString">Editor\Gizmo\Scenario Markers\Standard Scenario Marker.xml</BlueprintID>
				</iBlueprintLibrary-cAbsoluteBlueprintID>
			</BlueprintID>
			<ReskinBlueprintID>
				<iBlueprintLibrary-cAbsoluteBlueprintID>
					<BlueprintSetID>
						<iBlueprintLibrary-cBlueprintSetID>
							<Provider d:type="cDeltaString"></Provider>
							<Product d:type="cDeltaString"></Product>
						</iBlueprintLibrary-cBlueprintSetID>
					</BlueprintSetID>
					<BlueprintID d:type="cDeltaString"></BlueprintID>
				</iBlueprintLibrary-cAbsoluteBlueprintID>
			</ReskinBlueprintID>
			<Name d:type="cDeltaString">Standard Scenario Marker</Name>
			<EntityID>
				<cGUID>
					<UUID>
						<e d:type="sUInt64">5476436425003616464</e>
						<e d:type="sUInt64">7333659475700445336</e>
					</UUID>
					<DevString d:type="cDeltaString">c359c8d0-35e9-4c00-9870-cd107064c665</DevString>
				</cGUID>
			</EntityID>
		</cOwnedEntity>
	</Gizmo>
	<SimulationTime d:type="sFloat32" d:alt_encoding="0000000000000000" d:precision="string">0</SimulationTime>
	<AuthoredLanguage d:type="cDeltaString">en</AuthoredLanguage>
	<Version d:type="sFloat32" d:alt_encoding="000000000000F03F" d:precision="string">1</Version>
	<Author d:type="cDeltaString"></Author>
	<DispatcherVersion d:type="cDeltaString">V1</DispatcherVersion>
	<RBlueprintSetPreLoad>
		<iBlueprintLibrary-cBlueprintSetID d:id="33430882">
			<Provider d:type="cDeltaString">RSC</Provider>
			<Product d:type="cDeltaString">Class86Pack</Product>
		</iBlueprintLibrary-cBlueprintSetID>
		<iBlueprintLibrary-cBlueprintSetID d:id="33430884">
			<Provider d:type="cDeltaString">AP</Provider>
			<Product d:type="cDeltaString">BRMk2Pack01</Product>
		</iBlueprintLibrary-cBlueprintSetID>
		<iBlueprintLibrary-cBlueprintSetID d:id="33430886">
			<Provider d:type="cDeltaString">AP</Provider>
			<Product d:type="cDeltaString">Mk2DBSO</Product>
		</iBlueprintLibrary-cBlueprintSetID>
		<iBlueprintLibrary-cBlueprintSetID d:id="33430888">
			<Provider d:type="cDeltaString">AP</Provider>
			<Product d:type="cDeltaString">Class150Pack01</Product>
		</iBlueprintLibrary-cBlueprintSetID>
		<iBlueprintLibrary-cBlueprintSetID d:id="33430890">
			<Provider d:type="cDeltaString">AP</Provider>
			<Product d:type="cDeltaString">Class321Pack01</Product>
		</iBlueprintLibrary-cBlueprintSetID>
		<iBlueprintLibrary-cBlueprintSetID d:id="33430892">
			<Provider d:type="cDeltaString">AP_Waggonz</Provider>
			<Product d:type="cDeltaString">Class315Pack01</Product>
		</iBlueprintLibrary-cBlueprintSetID>
		<iBlueprintLibrary-cBlueprintSetID d:id="33430894">
			<Provider d:type="cDeltaString">RSC</Provider>
			<Product d:type="cDeltaString">Class101Strath</Product>
		</iBlueprintLibrary-cBlueprintSetID>
	</RBlueprintSetPreLoad>
	<NamedEntity/>
	<Condition/>
	<DeferredEvent/>
	<CheckedCondition/>
	<CareerRules>
		<d:nil/>
	</CareerRules>
	<MD5 d:type="cDeltaString">00772A8E2C3FA9284915D36DAEE4F4BA</MD5>
	<MessageEvent/>
	<SimpleControlsOnly d:type="bool">0</SimpleControlsOnly>
	<ExpertControlsOnly d:type="bool">0</ExpertControlsOnly>
	<LocksScenario/>
	<StartDestString/>
	<TemplateStartDestMapping/>
	<IsTemplateGenerated d:type="bool">0</IsTemplateGenerated>
	<TemplateScenarioGUID>
		<cGUID>
			<UUID>
				<e d:type="sUInt64">0</e>
				<e d:type="sUInt64">0</e>
			</UUID>
			<DevString d:type="cDeltaString">00000000-0000-0000-0000-000000000000</DevString>
		</cGUID>
	</TemplateScenarioGUID>
	<WorkshopId d:type="sUInt64">0</WorkshopId>
	<WorkshopBy d:type="sUInt64">0</WorkshopBy>
	<WorkshopTags d:type="cDeltaString"></WorkshopTags>
	<StartInCab d:type="bool">0</StartInCab>
	<IsClonedDLC d:type="bool">0</IsClonedDLC>
	<StartLongitude d:type="sFloat64" d:alt_encoding="0000000000000000" d:precision="string">0</StartLongitude>
	<StartLatitude d:type="sFloat64" d:alt_encoding="0000000000000000" d:precision="string">0</StartLatitude>
	<StartHeight d:type="sFloat32" d:alt_encoding="0000000000000000" d:precision="string">0</StartHeight>
	<QuickDriveStartName d:type="cDeltaString"></QuickDriveStartName>
	<QuickDriveEndName d:type="cDeltaString"></QuickDriveEndName>
	<QuickDrivePlayerConsistName d:type="cDeltaString"></QuickDrivePlayerConsistName>
</cScenarioProperties>
