<?xml version="1.0" encoding="utf-8"?>
<cScenarioProperties xmlns:d="http://www.kuju.com/TnT/2003/Delta" d:version="1.0" d:id="175045320">
	<ID>
		<cGUID>
			<UUID>
				<e d:type="sUInt64">4875854474861836478</e>
				<e d:type="sUInt64">16208773169028041355</e>
			</UUID>
			<DevString d:type="cDeltaString">bea378be-83cf-43aa-8b8a-ccc85121f1e0</DevString>
		</cGUID>
	</ID>
	<String/>
	<DisplayName>
		<Localisation-cUserLocalisedString>
			<English d:type="cDeltaString">[CW] 2C60 08:54 Cambridge - King&apos;s Cross</English>
			<French d:type="cDeltaString">[CW] 2C60 08:54 Cambridge - King&apos;s Cross</French>
			<Italian d:type="cDeltaString">[CW] 2C60 08:54 Cambridge - King&apos;s Cross</Italian>
			<German d:type="cDeltaString">[CW] 2C60 08:54 Cambridge - King&apos;s Cross</German>
			<Spanish d:type="cDeltaString">[CW] 2C60 08:54 Cambridge - King&apos;s Cross</Spanish>
			<Dutch d:type="cDeltaString"></Dutch>
			<Polish d:type="cDeltaString"></Polish>
			<Russian d:type="cDeltaString"></Russian>
			<Other/>
			<Key d:type="cDeltaString">3db41864-5df0-4834-87c4-cae87a95ed50</Key>
		</Localisation-cUserLocalisedString>
	</DisplayName>
	<Description>
		<Localisation-cUserLocalisedString>
			<English d:type="cDeltaString">On a decent morning, drive a stopping service from Cambridge to the Capital. You are delayed by 17 minutes already, can you catch up to time as you take over the service at Royston? Summer 2008</English>
			<French d:type="cDeltaString">On a decent morning, drive a stopping service from Cambridge to the Capital. You are delayed by 17 minutes already, can you catch up to time as you take over the service at Royston? Summer 2008</French>
			<Italian d:type="cDeltaString">On a decent morning, drive a stopping service from Cambridge to the Capital. You are delayed by 17 minutes already, can you catch up to time as you take over the service at Royston? Summer 2008</Italian>
			<German d:type="cDeltaString">On a decent morning, drive a stopping service from Cambridge to the Capital. You are delayed by 17 minutes already, can you catch up to time as you take over the service at Royston? Summer 2008</German>
			<Spanish d:type="cDeltaString">On a decent morning, drive a stopping service from Cambridge to the Capital. You are delayed by 17 minutes already, can you catch up to time as you take over the service at Royston? Summer 2008</Spanish>
			<Dutch d:type="cDeltaString"></Dutch>
			<Polish d:type="cDeltaString"></Polish>
			<Russian d:type="cDeltaString"></Russian>
			<Other/>
			<Key d:type="cDeltaString">d199c15f-cb8a-4c01-89d9-63240984b6b3</Key>
		</Localisation-cUserLocalisedString>
	</Description>
	<Briefing>
		<Localisation-cUserLocalisedString>
			<English d:type="cDeltaString">Morning driver, we&apos;re starting 17 minutes late here at Royston so let&apos;s get going as soon as you possibly can. Please open the doors here and depart as soon as possible, you wil call at all stations below. Please try and make up time on the way to the Capital if you can, also remember this service is DOO. Good luck!</English>
			<French d:type="cDeltaString">Morning driver, we&apos;re starting 17 minutes late here at Royston so let&apos;s get going as soon as you possibly can. Please open the doors here and depart as soon as possible, you wil call at all stations below. Please try and make up time on the way to the Capital if you can, also remember this service is DOO. Good luck!</French>
			<Italian d:type="cDeltaString">Morning driver, we&apos;re starting 17 minutes late here at Royston so let&apos;s get going as soon as you possibly can. Please open the doors here and depart as soon as possible, you wil call at all stations below. Please try and make up time on the way to the Capital if you can, also remember this service is DOO. Good luck!</Italian>
			<German d:type="cDeltaString">Morning driver, we&apos;re starting 17 minutes late here at Royston so let&apos;s get going as soon as you possibly can. Please open the doors here and depart as soon as possible, you wil call at all stations below. Please try and make up time on the way to the Capital if you can, also remember this service is DOO. Good luck!</German>
			<Spanish d:type="cDeltaString">Morning driver, we&apos;re starting 17 minutes late here at Royston so let&apos;s get going as soon as you possibly can. Please open the doors here and depart as soon as possible, you wil call at all stations below. Please try and make up time on the way to the Capital if you can, also remember this service is DOO. Good luck!</Spanish>
			<Dutch d:type="cDeltaString"></Dutch>
			<Polish d:type="cDeltaString"></Polish>
			<Russian d:type="cDeltaString"></Russian>
			<Other/>
			<Key d:type="cDeltaString">2d299d67-807d-4232-864b-b49708d516cc</Key>
		</Localisation-cUserLocalisedString>
	</Briefing>
	<StartLocation>
		<Localisation-cUserLocalisedString>
			<English d:type="cDeltaString">ROY</English>
			<French d:type="cDeltaString"></French>
			<Italian d:type="cDeltaString"></Italian>
			<German d:type="cDeltaString"></German>
			<Spanish d:type="cDeltaString"></Spanish>
			<Dutch d:type="cDeltaString"></Dutch>
			<Polish d:type="cDeltaString"></Polish>
			<Russian d:type="cDeltaString"></Russian>
			<Other/>
			<Key d:type="cDeltaString">ed5b929a-4cc3-48fc-9389-0bceaf08f2fa</Key>
		</Localisation-cUserLocalisedString>
	</StartLocation>
	<ScenarioClass d:type="cDeltaString">eStandardScenarioClass</ScenarioClass>
	<StartTime d:type="sFloat32" d:alt_encoding="0000000000B3E040" d:precision="string">34200.0000</StartTime>
	<DurationMins d:type="sInt32">70</DurationMins>
	<StartDD d:type="sInt32">30</StartDD>
	<StartMM d:type="sInt32">9</StartMM>
	<StartYYYY d:type="sInt32">2008</StartYYYY>
	<Season d:type="cDeltaString">SEASON_SUMMER</Season>
	<WeatherBlueprint>
		<iBlueprintLibrary-cAbsoluteBlueprintID>
			<BlueprintSetID>
				<iBlueprintLibrary-cBlueprintSetID>
					<Provider d:type="cDeltaString">Kuju</Provider>
					<Product d:type="cDeltaString">RailSimulatorCore</Product>
				</iBlueprintLibrary-cBlueprintSetID>
			</BlueprintSetID>
			<BlueprintID d:type="cDeltaString">Weather\RW_Cloudy.xml</BlueprintID>
		</iBlueprintLibrary-cAbsoluteBlueprintID>
	</WeatherBlueprint>
	<WeatherExtensionBlueprint>
		<iBlueprintLibrary-cAbsoluteBlueprintID>
			<BlueprintSetID>
				<iBlueprintLibrary-cBlueprintSetID>
					<Provider d:type="cDeltaString"></Provider>
					<Product d:type="cDeltaString"></Product>
				</iBlueprintLibrary-cBlueprintSetID>
			</BlueprintSetID>
			<BlueprintID d:type="cDeltaString"></BlueprintID>
		</iBlueprintLibrary-cAbsoluteBlueprintID>
	</WeatherExtensionBlueprint>
	<Rating d:type="sInt32">3</Rating>
	<LocoClass d:type="cDeltaString">LOCO_CLASS_ELECTRIC</LocoClass>
	<HasRollingStart d:type="bool">0</HasRollingStart>
	<LoadedFromRollingStart d:type="bool">0</LoadedFromRollingStart>
	<FrontEndDriverList>
		<sDriverFrontEndDetails d:id="255427066">
			<ServiceName>
				<Localisation-cUserLocalisedString>
					<English d:type="cDeltaString">5V60 10:26 King&apos;s Cross - Welwyn GC CSD</English>
					<French d:type="cDeltaString"></French>
					<Italian d:type="cDeltaString"></Italian>
					<German d:type="cDeltaString"></German>
					<Spanish d:type="cDeltaString"></Spanish>
					<Dutch d:type="cDeltaString"></Dutch>
					<Polish d:type="cDeltaString"></Polish>
					<Russian d:type="cDeltaString"></Russian>
					<Other/>
					<Key d:type="cDeltaString">91bc8478-e621-42f0-90b4-9c88284fd21d</Key>
				</Localisation-cUserLocalisedString>
			</ServiceName>
			<LocoName>
				<Localisation-cUserLocalisedString>
					<English d:type="cDeltaString">Class 365 Norfolk AP</English>
					<French d:type="cDeltaString"></French>
					<Italian d:type="cDeltaString"></Italian>
					<German d:type="cDeltaString"></German>
					<Spanish d:type="cDeltaString"></Spanish>
					<Dutch d:type="cDeltaString"></Dutch>
					<Polish d:type="cDeltaString"></Polish>
					<Russian d:type="cDeltaString"></Russian>
					<Other/>
					<Key d:type="cDeltaString">03832bd7-6703-4b18-81c3-468767439669</Key>
				</Localisation-cUserLocalisedString>
			</LocoName>
			<LocoBP>
				<iBlueprintLibrary-cAbsoluteBlueprintID>
					<BlueprintSetID>
						<iBlueprintLibrary-cBlueprintSetID>
							<Provider d:type="cDeltaString">RSC</Provider>
							<Product d:type="cDeltaString">ECMLS</Product>
						</iBlueprintLibrary-cBlueprintSetID>
					</BlueprintSetID>
					<BlueprintID d:type="cDeltaString">RailVehicles\Electric\Class365\Class365\Norfolk_AP\Class365_DMOC_B.xml</BlueprintID>
				</iBlueprintLibrary-cAbsoluteBlueprintID>
			</LocoBP>
			<StartLocation>
				<Localisation-cUserLocalisedString>
					<English d:type="cDeltaString">Kings Cross Platform 8</English>
					<French d:type="cDeltaString"></French>
					<Italian d:type="cDeltaString"></Italian>
					<German d:type="cDeltaString"></German>
					<Spanish d:type="cDeltaString"></Spanish>
					<Dutch d:type="cDeltaString"></Dutch>
					<Polish d:type="cDeltaString"></Polish>
					<Russian d:type="cDeltaString"></Russian>
					<Other/>
					<Key d:type="cDeltaString">38b225f1-6c9a-4aec-bedd-2b1daf28f4ab</Key>
				</Localisation-cUserLocalisedString>
			</StartLocation>
			<LocoClass d:type="cDeltaString">LOCO_CLASS_ELECTRIC</LocoClass>
			<LocoAuthor d:type="cDeltaString">RSC</LocoAuthor>
			<FilePath d:type="cDeltaString">RSC\ECMLS\RailVehicles\Electric\Class365\Class365\Norfolk_AP</FilePath>
			<Longitude d:type="sFloat64" d:alt_encoding="807E37EFF1ACBFBF" d:precision="string">-0.123733</Longitude>
			<Latitude d:type="sFloat64" d:alt_encoding="C226D2EC01C44940" d:precision="string">51.5313</Latitude>
			<Height d:type="sFloat32" d:alt_encoding="000000600A3E2C40" d:precision="string">14.1212</Height>
			<PlayerDriver d:type="bool">0</PlayerDriver>
		</sDriverFrontEndDetails>
		<sDriverFrontEndDetails d:id="255425502">
			<ServiceName>
				<Localisation-cUserLocalisedString>
					<English d:type="cDeltaString">5E47 10:18 King&apos;s Cross - Hornsey E.M.U.D. (Delayed)</English>
					<French d:type="cDeltaString"></French>
					<Italian d:type="cDeltaString"></Italian>
					<German d:type="cDeltaString"></German>
					<Spanish d:type="cDeltaString"></Spanish>
					<Dutch d:type="cDeltaString"></Dutch>
					<Polish d:type="cDeltaString"></Polish>
					<Russian d:type="cDeltaString"></Russian>
					<Other/>
					<Key d:type="cDeltaString">bd7d9632-36a0-4da9-820d-71efe61f4f2e</Key>
				</Localisation-cUserLocalisedString>
			</ServiceName>
			<LocoName>
				<Localisation-cUserLocalisedString>
					<English d:type="cDeltaString">Class 365 First Capital Connect AP</English>
					<French d:type="cDeltaString"></French>
					<Italian d:type="cDeltaString"></Italian>
					<German d:type="cDeltaString"></German>
					<Spanish d:type="cDeltaString"></Spanish>
					<Dutch d:type="cDeltaString"></Dutch>
					<Polish d:type="cDeltaString"></Polish>
					<Russian d:type="cDeltaString"></Russian>
					<Other/>
					<Key d:type="cDeltaString">cc0b8af7-f920-40b4-98ef-84d304a734a6</Key>
				</Localisation-cUserLocalisedString>
			</LocoName>
			<LocoBP>
				<iBlueprintLibrary-cAbsoluteBlueprintID>
					<BlueprintSetID>
						<iBlueprintLibrary-cBlueprintSetID>
							<Provider d:type="cDeltaString">RSC</Provider>
							<Product d:type="cDeltaString">ECMLS</Product>
						</iBlueprintLibrary-cBlueprintSetID>
					</BlueprintSetID>
					<BlueprintID d:type="cDeltaString">RailVehicles\Electric\Class365\Class365\FCC_AP\Class365_DMOC_B.xml</BlueprintID>
				</iBlueprintLibrary-cAbsoluteBlueprintID>
			</LocoBP>
			<StartLocation>
				<Localisation-cUserLocalisedString>
					<English d:type="cDeltaString">Kings Cross Platform 10</English>
					<French d:type="cDeltaString"></French>
					<Italian d:type="cDeltaString"></Italian>
					<German d:type="cDeltaString"></German>
					<Spanish d:type="cDeltaString"></Spanish>
					<Dutch d:type="cDeltaString"></Dutch>
					<Polish d:type="cDeltaString"></Polish>
					<Russian d:type="cDeltaString"></Russian>
					<Other/>
					<Key d:type="cDeltaString">a3c1f159-9b57-46a7-8bee-643687ab0670</Key>
				</Localisation-cUserLocalisedString>
			</StartLocation>
			<LocoClass d:type="cDeltaString">LOCO_CLASS_ELECTRIC</LocoClass>
			<LocoAuthor d:type="cDeltaString">RSC</LocoAuthor>
			<FilePath d:type="cDeltaString">RSC\ECMLS\RailVehicles\Electric\Class365\Class365\FCC_AP</FilePath>
			<Longitude d:type="sFloat64" d:alt_encoding="C0CB0AF62ACFBFBF" d:precision="string">-0.124255</Longitude>
			<Latitude d:type="sFloat64" d:alt_encoding="2AB9B4CC25C44940" d:precision="string">51.5324</Latitude>
			<Height d:type="sFloat32" d:alt_encoding="000000600A3E2C40" d:precision="string">14.1212</Height>
			<PlayerDriver d:type="bool">0</PlayerDriver>
		</sDriverFrontEndDetails>
		<sDriverFrontEndDetails d:id="255426182">
			<ServiceName>
				<Localisation-cUserLocalisedString>
					<English d:type="cDeltaString">2V15 09:42 Moorgate - Welwyn Garden City</English>
					<French d:type="cDeltaString"></French>
					<Italian d:type="cDeltaString"></Italian>
					<German d:type="cDeltaString"></German>
					<Spanish d:type="cDeltaString"></Spanish>
					<Dutch d:type="cDeltaString"></Dutch>
					<Polish d:type="cDeltaString"></Polish>
					<Russian d:type="cDeltaString"></Russian>
					<Other/>
					<Key d:type="cDeltaString">284af68a-5cd3-4ef6-bb38-2a660c802b1e</Key>
				</Localisation-cUserLocalisedString>
			</ServiceName>
			<LocoName>
				<Localisation-cUserLocalisedString>
					<English d:type="cDeltaString">Class 313 First Capital Connect</English>
					<French d:type="cDeltaString"></French>
					<Italian d:type="cDeltaString"></Italian>
					<German d:type="cDeltaString"></German>
					<Spanish d:type="cDeltaString"></Spanish>
					<Dutch d:type="cDeltaString"></Dutch>
					<Polish d:type="cDeltaString"></Polish>
					<Russian d:type="cDeltaString"></Russian>
					<Other/>
					<Key d:type="cDeltaString">AP_TXT_313_DMSOSTH</Key>
				</Localisation-cUserLocalisedString>
			</LocoName>
			<LocoBP>
				<iBlueprintLibrary-cAbsoluteBlueprintID>
					<BlueprintSetID>
						<iBlueprintLibrary-cBlueprintSetID>
							<Provider d:type="cDeltaString">AP_Waggonz</Provider>
							<Product d:type="cDeltaString">Class313Pack01</Product>
						</iBlueprintLibrary-cBlueprintSetID>
					</BlueprintSetID>
					<BlueprintID d:type="cDeltaString">RailVehicles\Class313\FCC\DMSOB\Class_313_DMSO - B.xml</BlueprintID>
				</iBlueprintLibrary-cAbsoluteBlueprintID>
			</LocoBP>
			<StartLocation>
				<Localisation-cUserLocalisedString>
					<English d:type="cDeltaString">New Barnet Platform 4</English>
					<French d:type="cDeltaString"></French>
					<Italian d:type="cDeltaString"></Italian>
					<German d:type="cDeltaString"></German>
					<Spanish d:type="cDeltaString"></Spanish>
					<Dutch d:type="cDeltaString"></Dutch>
					<Polish d:type="cDeltaString"></Polish>
					<Russian d:type="cDeltaString"></Russian>
					<Other/>
					<Key d:type="cDeltaString">d871b6ad-0324-4df4-9ca0-f5b8a2348378</Key>
				</Localisation-cUserLocalisedString>
			</StartLocation>
			<LocoClass d:type="cDeltaString">LOCO_CLASS_ELECTRIC</LocoClass>
			<LocoAuthor d:type="cDeltaString">AP_Waggonz</LocoAuthor>
			<FilePath d:type="cDeltaString">AP_Waggonz\Class313Pack01\RailVehicles\Class313\FCC\DMSOB</FilePath>
			<Longitude d:type="sFloat64" d:alt_encoding="604381AEBD17C6BF" d:precision="string">-0.1726</Longitude>
			<Latitude d:type="sFloat64" d:alt_encoding="6790F18BE5D24940" d:precision="string">51.6476</Latitude>
			<Height d:type="sFloat32" d:alt_encoding="00000000D9ED5140" d:precision="string">71.7164</Height>
			<PlayerDriver d:type="bool">0</PlayerDriver>
		</sDriverFrontEndDetails>
		<sDriverFrontEndDetails d:id="255427406">
			<ServiceName>
				<Localisation-cUserLocalisedString>
					<English d:type="cDeltaString">1C85 09:26 Cambridge - King&apos;s Cross</English>
					<French d:type="cDeltaString"></French>
					<Italian d:type="cDeltaString"></Italian>
					<German d:type="cDeltaString"></German>
					<Spanish d:type="cDeltaString"></Spanish>
					<Dutch d:type="cDeltaString"></Dutch>
					<Polish d:type="cDeltaString"></Polish>
					<Russian d:type="cDeltaString"></Russian>
					<Other/>
					<Key d:type="cDeltaString">b3820599-8a74-456a-bfb3-f522c2b0a9c8</Key>
				</Localisation-cUserLocalisedString>
			</ServiceName>
			<LocoName>
				<Localisation-cUserLocalisedString>
					<English d:type="cDeltaString">Class 365 First Capital Connect AP</English>
					<French d:type="cDeltaString"></French>
					<Italian d:type="cDeltaString"></Italian>
					<German d:type="cDeltaString"></German>
					<Spanish d:type="cDeltaString"></Spanish>
					<Dutch d:type="cDeltaString"></Dutch>
					<Polish d:type="cDeltaString"></Polish>
					<Russian d:type="cDeltaString"></Russian>
					<Other/>
					<Key d:type="cDeltaString">1beaa126-fea4-4162-b3cc-f2c3d7d4d5e2</Key>
				</Localisation-cUserLocalisedString>
			</LocoName>
			<LocoBP>
				<iBlueprintLibrary-cAbsoluteBlueprintID>
					<BlueprintSetID>
						<iBlueprintLibrary-cBlueprintSetID>
							<Provider d:type="cDeltaString">RSC</Provider>
							<Product d:type="cDeltaString">ECMLS</Product>
						</iBlueprintLibrary-cBlueprintSetID>
					</BlueprintSetID>
					<BlueprintID d:type="cDeltaString">RailVehicles\Electric\Class365\Class365\FCC_AP\Class365_DMOC_B.xml</BlueprintID>
				</iBlueprintLibrary-cAbsoluteBlueprintID>
			</LocoBP>
			<StartLocation>
				<Localisation-cUserLocalisedString>
					<English d:type="cDeltaString"></English>
					<French d:type="cDeltaString"></French>
					<Italian d:type="cDeltaString"></Italian>
					<German d:type="cDeltaString"></German>
					<Spanish d:type="cDeltaString"></Spanish>
					<Dutch d:type="cDeltaString"></Dutch>
					<Polish d:type="cDeltaString"></Polish>
					<Russian d:type="cDeltaString"></Russian>
					<Other/>
					<Key d:type="cDeltaString">889e2cf7-413d-4653-9d20-a3aaaa0f423b</Key>
				</Localisation-cUserLocalisedString>
			</StartLocation>
			<LocoClass d:type="cDeltaString">LOCO_CLASS_ELECTRIC</LocoClass>
			<LocoAuthor d:type="cDeltaString">RSC</LocoAuthor>
			<FilePath d:type="cDeltaString">RSC\ECMLS\RailVehicles\Electric\Class365\Class365\FCC_AP</FilePath>
			<Longitude d:type="sFloat64" d:alt_encoding="00899AC730B195BF" d:precision="string">-0.0211837</Longitude>
			<Latitude d:type="sFloat64" d:alt_encoding="7F9F241126074A40" d:precision="string">52.0558</Latitude>
			<Height d:type="sFloat32" d:alt_encoding="00000000F2664C40" d:precision="string">56.8043</Height>
			<PlayerDriver d:type="bool">0</PlayerDriver>
		</sDriverFrontEndDetails>
		<sDriverFrontEndDetails d:id="255426522">
			<ServiceName>
				<Localisation-cUserLocalisedString>
					<English d:type="cDeltaString">2V14 09:22 Moorgate - Welwyn Garden City</English>
					<French d:type="cDeltaString"></French>
					<Italian d:type="cDeltaString"></Italian>
					<German d:type="cDeltaString"></German>
					<Spanish d:type="cDeltaString"></Spanish>
					<Dutch d:type="cDeltaString"></Dutch>
					<Polish d:type="cDeltaString"></Polish>
					<Russian d:type="cDeltaString"></Russian>
					<Other/>
					<Key d:type="cDeltaString">29857c31-4789-4305-8b2f-187a16d1fb25</Key>
				</Localisation-cUserLocalisedString>
			</ServiceName>
			<LocoName>
				<Localisation-cUserLocalisedString>
					<English d:type="cDeltaString">Class 313 First Capital Connect</English>
					<French d:type="cDeltaString"></French>
					<Italian d:type="cDeltaString"></Italian>
					<German d:type="cDeltaString"></German>
					<Spanish d:type="cDeltaString"></Spanish>
					<Dutch d:type="cDeltaString"></Dutch>
					<Polish d:type="cDeltaString"></Polish>
					<Russian d:type="cDeltaString"></Russian>
					<Other/>
					<Key d:type="cDeltaString">AP_TXT_313_DMSOSTH</Key>
				</Localisation-cUserLocalisedString>
			</LocoName>
			<LocoBP>
				<iBlueprintLibrary-cAbsoluteBlueprintID>
					<BlueprintSetID>
						<iBlueprintLibrary-cBlueprintSetID>
							<Provider d:type="cDeltaString">AP_Waggonz</Provider>
							<Product d:type="cDeltaString">Class313Pack01</Product>
						</iBlueprintLibrary-cBlueprintSetID>
					</BlueprintSetID>
					<BlueprintID d:type="cDeltaString">RailVehicles\Class313\FCC\DMSOB\Class_313_DMSO - B.xml</BlueprintID>
				</iBlueprintLibrary-cAbsoluteBlueprintID>
			</LocoBP>
			<StartLocation>
				<Localisation-cUserLocalisedString>
					<English d:type="cDeltaString">Hatfield Platform 3</English>
					<French d:type="cDeltaString"></French>
					<Italian d:type="cDeltaString"></Italian>
					<German d:type="cDeltaString"></German>
					<Spanish d:type="cDeltaString"></Spanish>
					<Dutch d:type="cDeltaString"></Dutch>
					<Polish d:type="cDeltaString"></Polish>
					<Russian d:type="cDeltaString"></Russian>
					<Other/>
					<Key d:type="cDeltaString">b70518d0-c837-4793-ad9f-ceee1c6d8384</Key>
				</Localisation-cUserLocalisedString>
			</StartLocation>
			<LocoClass d:type="cDeltaString">LOCO_CLASS_ELECTRIC</LocoClass>
			<LocoAuthor d:type="cDeltaString">AP_Waggonz</LocoAuthor>
			<FilePath d:type="cDeltaString">AP_Waggonz\Class313Pack01\RailVehicles\Class313\FCC\DMSOB</FilePath>
			<Longitude d:type="sFloat64" d:alt_encoding="F0407CF70AA9CBBF" d:precision="string">-0.216096</Longitude>
			<Latitude d:type="sFloat64" d:alt_encoding="F137EB1DE4E14940" d:precision="string">51.7648</Latitude>
			<Height d:type="sFloat32" d:alt_encoding="000000806B075340" d:precision="string">76.1159</Height>
			<PlayerDriver d:type="bool">0</PlayerDriver>
		</sDriverFrontEndDetails>
		<sDriverFrontEndDetails d:id="255426386">
			<ServiceName>
				<Localisation-cUserLocalisedString>
					<English d:type="cDeltaString">1P14 10:22 King&apos;s Cross - Peterborough</English>
					<French d:type="cDeltaString"></French>
					<Italian d:type="cDeltaString"></Italian>
					<German d:type="cDeltaString"></German>
					<Spanish d:type="cDeltaString"></Spanish>
					<Dutch d:type="cDeltaString"></Dutch>
					<Polish d:type="cDeltaString"></Polish>
					<Russian d:type="cDeltaString"></Russian>
					<Other/>
					<Key d:type="cDeltaString">52187828-b588-4718-b833-dd53744287bb</Key>
				</Localisation-cUserLocalisedString>
			</ServiceName>
			<LocoName>
				<Localisation-cUserLocalisedString>
					<English d:type="cDeltaString">Class 365 First Capital Connect AP</English>
					<French d:type="cDeltaString"></French>
					<Italian d:type="cDeltaString"></Italian>
					<German d:type="cDeltaString"></German>
					<Spanish d:type="cDeltaString"></Spanish>
					<Dutch d:type="cDeltaString"></Dutch>
					<Polish d:type="cDeltaString"></Polish>
					<Russian d:type="cDeltaString"></Russian>
					<Other/>
					<Key d:type="cDeltaString">524d03a8-dbb6-4cf4-9fc0-476ff9d38e9a</Key>
				</Localisation-cUserLocalisedString>
			</LocoName>
			<LocoBP>
				<iBlueprintLibrary-cAbsoluteBlueprintID>
					<BlueprintSetID>
						<iBlueprintLibrary-cBlueprintSetID>
							<Provider d:type="cDeltaString">RSC</Provider>
							<Product d:type="cDeltaString">ECMLS</Product>
						</iBlueprintLibrary-cBlueprintSetID>
					</BlueprintSetID>
					<BlueprintID d:type="cDeltaString">RailVehicles\Electric\Class365\Class365\FCC_AP\Class365_DMOC_B.xml</BlueprintID>
				</iBlueprintLibrary-cAbsoluteBlueprintID>
			</LocoBP>
			<StartLocation>
				<Localisation-cUserLocalisedString>
					<English d:type="cDeltaString">Kings Cross Platform 11</English>
					<French d:type="cDeltaString"></French>
					<Italian d:type="cDeltaString"></Italian>
					<German d:type="cDeltaString"></German>
					<Spanish d:type="cDeltaString"></Spanish>
					<Dutch d:type="cDeltaString"></Dutch>
					<Polish d:type="cDeltaString"></Polish>
					<Russian d:type="cDeltaString"></Russian>
					<Other/>
					<Key d:type="cDeltaString">9abd74df-1f4f-4df8-82a3-3e0d3d7a0162</Key>
				</Localisation-cUserLocalisedString>
			</StartLocation>
			<LocoClass d:type="cDeltaString">LOCO_CLASS_ELECTRIC</LocoClass>
			<LocoAuthor d:type="cDeltaString">RSC</LocoAuthor>
			<FilePath d:type="cDeltaString">RSC\ECMLS\RailVehicles\Electric\Class365\Class365\FCC_AP</FilePath>
			<Longitude d:type="sFloat64" d:alt_encoding="E072D2B645D5BFBF" d:precision="string">-0.124348</Longitude>
			<Latitude d:type="sFloat64" d:alt_encoding="450276B427C44940" d:precision="string">51.5325</Latitude>
			<Height d:type="sFloat32" d:alt_encoding="000000600A3E2C40" d:precision="string">14.1212</Height>
			<PlayerDriver d:type="bool">0</PlayerDriver>
		</sDriverFrontEndDetails>
		<sDriverFrontEndDetails d:id="255426250">
			<ServiceName>
				<Localisation-cUserLocalisedString>
					<English d:type="cDeltaString">1C07 10:15 King&apos;s Cross - Cambridge</English>
					<French d:type="cDeltaString"></French>
					<Italian d:type="cDeltaString"></Italian>
					<German d:type="cDeltaString"></German>
					<Spanish d:type="cDeltaString"></Spanish>
					<Dutch d:type="cDeltaString"></Dutch>
					<Polish d:type="cDeltaString"></Polish>
					<Russian d:type="cDeltaString"></Russian>
					<Other/>
					<Key d:type="cDeltaString">d2467bf6-2518-403f-86e3-81567ce6c4b1</Key>
				</Localisation-cUserLocalisedString>
			</ServiceName>
			<LocoName>
				<Localisation-cUserLocalisedString>
					<English d:type="cDeltaString">Class 365 First Capital Connect AP</English>
					<French d:type="cDeltaString"></French>
					<Italian d:type="cDeltaString"></Italian>
					<German d:type="cDeltaString"></German>
					<Spanish d:type="cDeltaString"></Spanish>
					<Dutch d:type="cDeltaString"></Dutch>
					<Polish d:type="cDeltaString"></Polish>
					<Russian d:type="cDeltaString"></Russian>
					<Other/>
					<Key d:type="cDeltaString">9389b036-5f10-46e0-9c92-cdc810af7cd8</Key>
				</Localisation-cUserLocalisedString>
			</LocoName>
			<LocoBP>
				<iBlueprintLibrary-cAbsoluteBlueprintID>
					<BlueprintSetID>
						<iBlueprintLibrary-cBlueprintSetID>
							<Provider d:type="cDeltaString">RSC</Provider>
							<Product d:type="cDeltaString">ECMLS</Product>
						</iBlueprintLibrary-cBlueprintSetID>
					</BlueprintSetID>
					<BlueprintID d:type="cDeltaString">RailVehicles\Electric\Class365\Class365\FCC_AP\Class365_DMOC_B.xml</BlueprintID>
				</iBlueprintLibrary-cAbsoluteBlueprintID>
			</LocoBP>
			<StartLocation>
				<Localisation-cUserLocalisedString>
					<English d:type="cDeltaString">Kings Cross Platform 9</English>
					<French d:type="cDeltaString"></French>
					<Italian d:type="cDeltaString"></Italian>
					<German d:type="cDeltaString"></German>
					<Spanish d:type="cDeltaString"></Spanish>
					<Dutch d:type="cDeltaString"></Dutch>
					<Polish d:type="cDeltaString"></Polish>
					<Russian d:type="cDeltaString"></Russian>
					<Other/>
					<Key d:type="cDeltaString">9c02612c-88bd-4aa7-81ef-8133b244f64d</Key>
				</Localisation-cUserLocalisedString>
			</StartLocation>
			<LocoClass d:type="cDeltaString">LOCO_CLASS_ELECTRIC</LocoClass>
			<LocoAuthor d:type="cDeltaString">RSC</LocoAuthor>
			<FilePath d:type="cDeltaString">RSC\ECMLS\RailVehicles\Electric\Class365\Class365\FCC_AP</FilePath>
			<Longitude d:type="sFloat64" d:alt_encoding="E06A0D0335C9BFBF" d:precision="string">-0.124164</Longitude>
			<Latitude d:type="sFloat64" d:alt_encoding="0FA6A88228C44940" d:precision="string">51.5325</Latitude>
			<Height d:type="sFloat32" d:alt_encoding="000000600A3E2C40" d:precision="string">14.1212</Height>
			<PlayerDriver d:type="bool">0</PlayerDriver>
		</sDriverFrontEndDetails>
		<sDriverFrontEndDetails d:id="255426590">
			<ServiceName>
				<Localisation-cUserLocalisedString>
					<English d:type="cDeltaString">1S11 10:00 King&apos;s Cross - Edinburgh</English>
					<French d:type="cDeltaString"></French>
					<Italian d:type="cDeltaString"></Italian>
					<German d:type="cDeltaString"></German>
					<Spanish d:type="cDeltaString"></Spanish>
					<Dutch d:type="cDeltaString"></Dutch>
					<Polish d:type="cDeltaString"></Polish>
					<Russian d:type="cDeltaString"></Russian>
					<Other/>
					<Key d:type="cDeltaString">661b0427-6f1d-4a23-a415-818ff5d95b45</Key>
				</Localisation-cUserLocalisedString>
			</ServiceName>
			<LocoName>
				<Localisation-cUserLocalisedString>
					<English d:type="cDeltaString">IC225 Class 91 Ex-GNER (NXEC)</English>
					<French d:type="cDeltaString"></French>
					<Italian d:type="cDeltaString"></Italian>
					<German d:type="cDeltaString"></German>
					<Spanish d:type="cDeltaString"></Spanish>
					<Dutch d:type="cDeltaString"></Dutch>
					<Polish d:type="cDeltaString"></Polish>
					<Russian d:type="cDeltaString"></Russian>
					<Other/>
					<Key d:type="cDeltaString">RS_TXT_CL91_ICS</Key>
				</Localisation-cUserLocalisedString>
			</LocoName>
			<LocoBP>
				<iBlueprintLibrary-cAbsoluteBlueprintID>
					<BlueprintSetID>
						<iBlueprintLibrary-cBlueprintSetID>
							<Provider d:type="cDeltaString">RSC</Provider>
							<Product d:type="cDeltaString">Class91Addon</Product>
						</iBlueprintLibrary-cBlueprintSetID>
					</BlueprintSetID>
					<BlueprintID d:type="cDeltaString">RailVehicles\Electric\Class 91\Ex-GNER_NXEC_AP\Engine\Class91.xml</BlueprintID>
				</iBlueprintLibrary-cAbsoluteBlueprintID>
			</LocoBP>
			<StartLocation>
				<Localisation-cUserLocalisedString>
					<English d:type="cDeltaString">Alexandra Palace Down Fast</English>
					<French d:type="cDeltaString"></French>
					<Italian d:type="cDeltaString"></Italian>
					<German d:type="cDeltaString"></German>
					<Spanish d:type="cDeltaString"></Spanish>
					<Dutch d:type="cDeltaString"></Dutch>
					<Polish d:type="cDeltaString"></Polish>
					<Russian d:type="cDeltaString"></Russian>
					<Other/>
					<Key d:type="cDeltaString">db160874-fef0-4304-9ebd-6e0ca95daad3</Key>
				</Localisation-cUserLocalisedString>
			</StartLocation>
			<LocoClass d:type="cDeltaString">LOCO_CLASS_DIESEL</LocoClass>
			<LocoAuthor d:type="cDeltaString">RSC</LocoAuthor>
			<FilePath d:type="cDeltaString">RSC\Class91Addon\RailVehicles\Electric\Class 91\Ex-GNER_NXEC_AP\Engine</FilePath>
			<Longitude d:type="sFloat64" d:alt_encoding="E0639BD90B9ABEBF" d:precision="string">-0.119538</Longitude>
			<Latitude d:type="sFloat64" d:alt_encoding="0AB6FB4C65CC4940" d:precision="string">51.5968</Latitude>
			<Height d:type="sFloat32" d:alt_encoding="000000201AD84240" d:precision="string">37.6883</Height>
			<PlayerDriver d:type="bool">0</PlayerDriver>
		</sDriverFrontEndDetails>
		<sDriverFrontEndDetails d:id="255425910">
			<ServiceName>
				<Localisation-cUserLocalisedString>
					<English d:type="cDeltaString">1C35 09:52 King&apos;s Cross - Cambridge</English>
					<French d:type="cDeltaString"></French>
					<Italian d:type="cDeltaString"></Italian>
					<German d:type="cDeltaString"></German>
					<Spanish d:type="cDeltaString"></Spanish>
					<Dutch d:type="cDeltaString"></Dutch>
					<Polish d:type="cDeltaString"></Polish>
					<Russian d:type="cDeltaString"></Russian>
					<Other/>
					<Key d:type="cDeltaString">13aff015-488a-4c7c-acf6-603072598c69</Key>
				</Localisation-cUserLocalisedString>
			</ServiceName>
			<LocoName>
				<Localisation-cUserLocalisedString>
					<English d:type="cDeltaString">Class 365 First Capital Connect AP</English>
					<French d:type="cDeltaString"></French>
					<Italian d:type="cDeltaString"></Italian>
					<German d:type="cDeltaString"></German>
					<Spanish d:type="cDeltaString"></Spanish>
					<Dutch d:type="cDeltaString"></Dutch>
					<Polish d:type="cDeltaString"></Polish>
					<Russian d:type="cDeltaString"></Russian>
					<Other/>
					<Key d:type="cDeltaString">49781e91-780a-4d44-8532-546e539ba7c5</Key>
				</Localisation-cUserLocalisedString>
			</LocoName>
			<LocoBP>
				<iBlueprintLibrary-cAbsoluteBlueprintID>
					<BlueprintSetID>
						<iBlueprintLibrary-cBlueprintSetID>
							<Provider d:type="cDeltaString">RSC</Provider>
							<Product d:type="cDeltaString">ECMLS</Product>
						</iBlueprintLibrary-cBlueprintSetID>
					</BlueprintSetID>
					<BlueprintID d:type="cDeltaString">RailVehicles\Electric\Class365\Class365\FCC_AP\Class365_DMOC_B.xml</BlueprintID>
				</iBlueprintLibrary-cAbsoluteBlueprintID>
			</LocoBP>
			<StartLocation>
				<Localisation-cUserLocalisedString>
					<English d:type="cDeltaString">Potters Bar Platform 3</English>
					<French d:type="cDeltaString"></French>
					<Italian d:type="cDeltaString"></Italian>
					<German d:type="cDeltaString"></German>
					<Spanish d:type="cDeltaString"></Spanish>
					<Dutch d:type="cDeltaString"></Dutch>
					<Polish d:type="cDeltaString"></Polish>
					<Russian d:type="cDeltaString"></Russian>
					<Other/>
					<Key d:type="cDeltaString">61e4fb2c-6a6c-4988-baae-e2520717d626</Key>
				</Localisation-cUserLocalisedString>
			</StartLocation>
			<LocoClass d:type="cDeltaString">LOCO_CLASS_ELECTRIC</LocoClass>
			<LocoAuthor d:type="cDeltaString">RSC</LocoAuthor>
			<FilePath d:type="cDeltaString">RSC\ECMLS\RailVehicles\Electric\Class365\Class365\FCC_AP</FilePath>
			<Longitude d:type="sFloat64" d:alt_encoding="007BFB3BC0BDC8BF" d:precision="string">-0.193291</Longitude>
			<Latitude d:type="sFloat64" d:alt_encoding="3DE25BFA49D94940" d:precision="string">51.6976</Latitude>
			<Height d:type="sFloat32" d:alt_encoding="00000060EA325940" d:precision="string">100.796</Height>
			<PlayerDriver d:type="bool">0</PlayerDriver>
		</sDriverFrontEndDetails>
		<sDriverFrontEndDetails d:id="255426658">
			<ServiceName>
				<Localisation-cUserLocalisedString>
					<English d:type="cDeltaString">1A15 07:28 Harrogate - King&apos;s Cross</English>
					<French d:type="cDeltaString"></French>
					<Italian d:type="cDeltaString"></Italian>
					<German d:type="cDeltaString"></German>
					<Spanish d:type="cDeltaString"></Spanish>
					<Dutch d:type="cDeltaString"></Dutch>
					<Polish d:type="cDeltaString"></Polish>
					<Russian d:type="cDeltaString"></Russian>
					<Other/>
					<Key d:type="cDeltaString">79adb7a3-d351-42ed-9597-cd3bd442972d</Key>
				</Localisation-cUserLocalisedString>
			</ServiceName>
			<LocoName>
				<Localisation-cUserLocalisedString>
					<English d:type="cDeltaString">High Speed Train Ex-GNER (NXEC) (MTU) AP</English>
					<French d:type="cDeltaString"></French>
					<Italian d:type="cDeltaString"></Italian>
					<German d:type="cDeltaString"></German>
					<Spanish d:type="cDeltaString"></Spanish>
					<Dutch d:type="cDeltaString"></Dutch>
					<Polish d:type="cDeltaString"></Polish>
					<Russian d:type="cDeltaString"></Russian>
					<Other/>
					<Key d:type="cDeltaString">fd3cb736-e107-4acb-abd5-8590b6cf94d5</Key>
				</Localisation-cUserLocalisedString>
			</LocoName>
			<LocoBP>
				<iBlueprintLibrary-cAbsoluteBlueprintID>
					<BlueprintSetID>
						<iBlueprintLibrary-cBlueprintSetID>
							<Provider d:type="cDeltaString">Kuju</Provider>
							<Product d:type="cDeltaString">RailSimulator</Product>
						</iBlueprintLibrary-cBlueprintSetID>
					</BlueprintSetID>
					<BlueprintID d:type="cDeltaString">RailVehicles\Diesel\HST\Ex-GNER_NXEC_MTU_AP\Class43\class43_fgw.xml</BlueprintID>
				</iBlueprintLibrary-cAbsoluteBlueprintID>
			</LocoBP>
			<StartLocation>
				<Localisation-cUserLocalisedString>
					<English d:type="cDeltaString">Biggleswade Platform 2</English>
					<French d:type="cDeltaString"></French>
					<Italian d:type="cDeltaString"></Italian>
					<German d:type="cDeltaString"></German>
					<Spanish d:type="cDeltaString"></Spanish>
					<Dutch d:type="cDeltaString"></Dutch>
					<Polish d:type="cDeltaString"></Polish>
					<Russian d:type="cDeltaString"></Russian>
					<Other/>
					<Key d:type="cDeltaString">3aa1d12c-f01c-4514-bbcd-134080309232</Key>
				</Localisation-cUserLocalisedString>
			</StartLocation>
			<LocoClass d:type="cDeltaString">LOCO_CLASS_DIESEL</LocoClass>
			<LocoAuthor d:type="cDeltaString">Kuju</LocoAuthor>
			<FilePath d:type="cDeltaString">Kuju\RailSimulator\RailVehicles\Diesel\HST\Ex-GNER_NXEC_MTU_AP\Class43</FilePath>
			<Longitude d:type="sFloat64" d:alt_encoding="589D942CD4AFD0BF" d:precision="string">-0.260732</Longitude>
			<Latitude d:type="sFloat64" d:alt_encoding="2CCA2045BD0A4A40" d:precision="string">52.0839</Latitude>
			<Height d:type="sFloat32" d:alt_encoding="00000060F0853D40" d:precision="string">29.5232</Height>
			<PlayerDriver d:type="bool">0</PlayerDriver>
		</sDriverFrontEndDetails>
		<sDriverFrontEndDetails d:id="255427474">
			<ServiceName>
				<Localisation-cUserLocalisedString>
					<English d:type="cDeltaString">1T06 09:45 King&apos;s Cross - King&apos;s Lynn</English>
					<French d:type="cDeltaString"></French>
					<Italian d:type="cDeltaString"></Italian>
					<German d:type="cDeltaString"></German>
					<Spanish d:type="cDeltaString"></Spanish>
					<Dutch d:type="cDeltaString"></Dutch>
					<Polish d:type="cDeltaString"></Polish>
					<Russian d:type="cDeltaString"></Russian>
					<Other/>
					<Key d:type="cDeltaString">435a027c-67b7-4316-ac02-c505653c596f</Key>
				</Localisation-cUserLocalisedString>
			</ServiceName>
			<LocoName>
				<Localisation-cUserLocalisedString>
					<English d:type="cDeltaString">Class 365 First Capital Connect AP</English>
					<French d:type="cDeltaString"></French>
					<Italian d:type="cDeltaString"></Italian>
					<German d:type="cDeltaString"></German>
					<Spanish d:type="cDeltaString"></Spanish>
					<Dutch d:type="cDeltaString"></Dutch>
					<Polish d:type="cDeltaString"></Polish>
					<Russian d:type="cDeltaString"></Russian>
					<Other/>
					<Key d:type="cDeltaString">03761076-b237-41b5-bbec-3a208d9e1c5a</Key>
				</Localisation-cUserLocalisedString>
			</LocoName>
			<LocoBP>
				<iBlueprintLibrary-cAbsoluteBlueprintID>
					<BlueprintSetID>
						<iBlueprintLibrary-cBlueprintSetID>
							<Provider d:type="cDeltaString">RSC</Provider>
							<Product d:type="cDeltaString">ECMLS</Product>
						</iBlueprintLibrary-cBlueprintSetID>
					</BlueprintSetID>
					<BlueprintID d:type="cDeltaString">RailVehicles\Electric\Class365\Class365\FCC_AP\Class365_DMOC_B.xml</BlueprintID>
				</iBlueprintLibrary-cAbsoluteBlueprintID>
			</LocoBP>
			<StartLocation>
				<Localisation-cUserLocalisedString>
					<English d:type="cDeltaString">Welwyn North Platform 2</English>
					<French d:type="cDeltaString"></French>
					<Italian d:type="cDeltaString"></Italian>
					<German d:type="cDeltaString"></German>
					<Spanish d:type="cDeltaString"></Spanish>
					<Dutch d:type="cDeltaString"></Dutch>
					<Polish d:type="cDeltaString"></Polish>
					<Russian d:type="cDeltaString"></Russian>
					<Other/>
					<Key d:type="cDeltaString">9a283d1e-935e-4477-809c-699b6d35008e</Key>
				</Localisation-cUserLocalisedString>
			</StartLocation>
			<LocoClass d:type="cDeltaString">LOCO_CLASS_ELECTRIC</LocoClass>
			<LocoAuthor d:type="cDeltaString">RSC</LocoAuthor>
			<FilePath d:type="cDeltaString">RSC\ECMLS\RailVehicles\Electric\Class365\Class365\FCC_AP</FilePath>
			<Longitude d:type="sFloat64" d:alt_encoding="A0AB7B4DD292C8BF" d:precision="string">-0.191981</Longitude>
			<Latitude d:type="sFloat64" d:alt_encoding="A82A0C4780E94940" d:precision="string">51.8242</Latitude>
			<Height d:type="sFloat32" d:alt_encoding="000000C02CA05740" d:precision="string">94.5027</Height>
			<PlayerDriver d:type="bool">0</PlayerDriver>
		</sDriverFrontEndDetails>
		<sDriverFrontEndDetails d:id="255428018">
			<ServiceName>
				<Localisation-cUserLocalisedString>
					<English d:type="cDeltaString">1D27 09:35 King&apos;s Cross - Leeds</English>
					<French d:type="cDeltaString"></French>
					<Italian d:type="cDeltaString"></Italian>
					<German d:type="cDeltaString"></German>
					<Spanish d:type="cDeltaString"></Spanish>
					<Dutch d:type="cDeltaString"></Dutch>
					<Polish d:type="cDeltaString"></Polish>
					<Russian d:type="cDeltaString"></Russian>
					<Other/>
					<Key d:type="cDeltaString">d2114da5-6e7b-4729-9fe3-9db915a37bee</Key>
				</Localisation-cUserLocalisedString>
			</ServiceName>
			<LocoName>
				<Localisation-cUserLocalisedString>
					<English d:type="cDeltaString">IC225 Class 91 Ex-GNER (NXEC)</English>
					<French d:type="cDeltaString"></French>
					<Italian d:type="cDeltaString"></Italian>
					<German d:type="cDeltaString"></German>
					<Spanish d:type="cDeltaString"></Spanish>
					<Dutch d:type="cDeltaString"></Dutch>
					<Polish d:type="cDeltaString"></Polish>
					<Russian d:type="cDeltaString"></Russian>
					<Other/>
					<Key d:type="cDeltaString">RS_TXT_CL91_ICS</Key>
				</Localisation-cUserLocalisedString>
			</LocoName>
			<LocoBP>
				<iBlueprintLibrary-cAbsoluteBlueprintID>
					<BlueprintSetID>
						<iBlueprintLibrary-cBlueprintSetID>
							<Provider d:type="cDeltaString">RSC</Provider>
							<Product d:type="cDeltaString">Class91Addon</Product>
						</iBlueprintLibrary-cBlueprintSetID>
					</BlueprintSetID>
					<BlueprintID d:type="cDeltaString">RailVehicles\Electric\Class 91\Ex-GNER_NXEC_AP\Engine\Class91.xml</BlueprintID>
				</iBlueprintLibrary-cAbsoluteBlueprintID>
			</LocoBP>
			<StartLocation>
				<Localisation-cUserLocalisedString>
					<English d:type="cDeltaString">Knebworth Platform 3</English>
					<French d:type="cDeltaString"></French>
					<Italian d:type="cDeltaString"></Italian>
					<German d:type="cDeltaString"></German>
					<Spanish d:type="cDeltaString"></Spanish>
					<Dutch d:type="cDeltaString"></Dutch>
					<Polish d:type="cDeltaString"></Polish>
					<Russian d:type="cDeltaString"></Russian>
					<Other/>
					<Key d:type="cDeltaString">7f51b8d5-1b6e-460a-9518-26f0501c9100</Key>
				</Localisation-cUserLocalisedString>
			</StartLocation>
			<LocoClass d:type="cDeltaString">LOCO_CLASS_DIESEL</LocoClass>
			<LocoAuthor d:type="cDeltaString">RSC</LocoAuthor>
			<FilePath d:type="cDeltaString">RSC\Class91Addon\RailVehicles\Electric\Class 91\Ex-GNER_NXEC_AP\Engine</FilePath>
			<Longitude d:type="sFloat64" d:alt_encoding="609E72B630E2C7BF" d:precision="string">-0.18659</Longitude>
			<Latitude d:type="sFloat64" d:alt_encoding="029DCB65D1EE4940" d:precision="string">51.8658</Latitude>
			<Height d:type="sFloat32" d:alt_encoding="000000A024FF5840" d:precision="string">99.9866</Height>
			<PlayerDriver d:type="bool">0</PlayerDriver>
		</sDriverFrontEndDetails>
		<sDriverFrontEndDetails d:id="255427202">
			<ServiceName>
				<Localisation-cUserLocalisedString>
					<English d:type="cDeltaString">1N04 09:30 King&apos;s Cross - Newcastle</English>
					<French d:type="cDeltaString"></French>
					<Italian d:type="cDeltaString"></Italian>
					<German d:type="cDeltaString"></German>
					<Spanish d:type="cDeltaString"></Spanish>
					<Dutch d:type="cDeltaString"></Dutch>
					<Polish d:type="cDeltaString"></Polish>
					<Russian d:type="cDeltaString"></Russian>
					<Other/>
					<Key d:type="cDeltaString">481d223b-294c-4e3c-bf88-9f0ed39db768</Key>
				</Localisation-cUserLocalisedString>
			</ServiceName>
			<LocoName>
				<Localisation-cUserLocalisedString>
					<English d:type="cDeltaString">IC225 Class 91 NXEC</English>
					<French d:type="cDeltaString"></French>
					<Italian d:type="cDeltaString"></Italian>
					<German d:type="cDeltaString"></German>
					<Spanish d:type="cDeltaString"></Spanish>
					<Dutch d:type="cDeltaString"></Dutch>
					<Polish d:type="cDeltaString"></Polish>
					<Russian d:type="cDeltaString"></Russian>
					<Other/>
					<Key d:type="cDeltaString">RS_TXT_CL91_ICS</Key>
				</Localisation-cUserLocalisedString>
			</LocoName>
			<LocoBP>
				<iBlueprintLibrary-cAbsoluteBlueprintID>
					<BlueprintSetID>
						<iBlueprintLibrary-cBlueprintSetID>
							<Provider d:type="cDeltaString">RSC</Provider>
							<Product d:type="cDeltaString">Class91Addon</Product>
						</iBlueprintLibrary-cBlueprintSetID>
					</BlueprintSetID>
					<BlueprintID d:type="cDeltaString">RailVehicles\Electric\Class 91\NXEC_AP\Engine\Class91.xml</BlueprintID>
				</iBlueprintLibrary-cAbsoluteBlueprintID>
			</LocoBP>
			<StartLocation>
				<Localisation-cUserLocalisedString>
					<English d:type="cDeltaString">Stevenage Platform 3</English>
					<French d:type="cDeltaString"></French>
					<Italian d:type="cDeltaString"></Italian>
					<German d:type="cDeltaString"></German>
					<Spanish d:type="cDeltaString"></Spanish>
					<Dutch d:type="cDeltaString"></Dutch>
					<Polish d:type="cDeltaString"></Polish>
					<Russian d:type="cDeltaString"></Russian>
					<Other/>
					<Key d:type="cDeltaString">9760c95b-ac36-41b7-9333-87dee03fac83</Key>
				</Localisation-cUserLocalisedString>
			</StartLocation>
			<LocoClass d:type="cDeltaString">LOCO_CLASS_DIESEL</LocoClass>
			<LocoAuthor d:type="cDeltaString">RSC</LocoAuthor>
			<FilePath d:type="cDeltaString">RSC\Class91Addon\RailVehicles\Electric\Class 91\NXEC_AP\Engine</FilePath>
			<Longitude d:type="sFloat64" d:alt_encoding="40D5256ACA6FCABF" d:precision="string">-0.206537</Longitude>
			<Latitude d:type="sFloat64" d:alt_encoding="755F50C942F34940" d:precision="string">51.9005</Latitude>
			<Height d:type="sFloat32" d:alt_encoding="00000060EBB35740" d:precision="string">94.8112</Height>
			<PlayerDriver d:type="bool">0</PlayerDriver>
		</sDriverFrontEndDetails>
		<sDriverFrontEndDetails d:id="255426726">
			<ServiceName>
				<Localisation-cUserLocalisedString>
					<English d:type="cDeltaString">1P13 09:22 King&apos;s Cross - Peterborough</English>
					<French d:type="cDeltaString"></French>
					<Italian d:type="cDeltaString"></Italian>
					<German d:type="cDeltaString"></German>
					<Spanish d:type="cDeltaString"></Spanish>
					<Dutch d:type="cDeltaString"></Dutch>
					<Polish d:type="cDeltaString"></Polish>
					<Russian d:type="cDeltaString"></Russian>
					<Other/>
					<Key d:type="cDeltaString">3a80670f-be4b-4a62-844b-124da2447db1</Key>
				</Localisation-cUserLocalisedString>
			</ServiceName>
			<LocoName>
				<Localisation-cUserLocalisedString>
					<English d:type="cDeltaString">Class 365 First Capital Connect AP</English>
					<French d:type="cDeltaString"></French>
					<Italian d:type="cDeltaString"></Italian>
					<German d:type="cDeltaString"></German>
					<Spanish d:type="cDeltaString"></Spanish>
					<Dutch d:type="cDeltaString"></Dutch>
					<Polish d:type="cDeltaString"></Polish>
					<Russian d:type="cDeltaString"></Russian>
					<Other/>
					<Key d:type="cDeltaString">37547237-edb6-4d18-9d6e-b949773b0638</Key>
				</Localisation-cUserLocalisedString>
			</LocoName>
			<LocoBP>
				<iBlueprintLibrary-cAbsoluteBlueprintID>
					<BlueprintSetID>
						<iBlueprintLibrary-cBlueprintSetID>
							<Provider d:type="cDeltaString">RSC</Provider>
							<Product d:type="cDeltaString">ECMLS</Product>
						</iBlueprintLibrary-cBlueprintSetID>
					</BlueprintSetID>
					<BlueprintID d:type="cDeltaString">RailVehicles\Electric\Class365\Class365\FCC_AP\Class365_DMOC_B.xml</BlueprintID>
				</iBlueprintLibrary-cAbsoluteBlueprintID>
			</LocoBP>
			<StartLocation>
				<Localisation-cUserLocalisedString>
					<English d:type="cDeltaString">Stevenage Platform 4</English>
					<French d:type="cDeltaString"></French>
					<Italian d:type="cDeltaString"></Italian>
					<German d:type="cDeltaString"></German>
					<Spanish d:type="cDeltaString"></Spanish>
					<Dutch d:type="cDeltaString"></Dutch>
					<Polish d:type="cDeltaString"></Polish>
					<Russian d:type="cDeltaString"></Russian>
					<Other/>
					<Key d:type="cDeltaString">b954bf0f-9480-4318-bad8-652c12bf82ed</Key>
				</Localisation-cUserLocalisedString>
			</StartLocation>
			<LocoClass d:type="cDeltaString">LOCO_CLASS_ELECTRIC</LocoClass>
			<LocoAuthor d:type="cDeltaString">RSC</LocoAuthor>
			<FilePath d:type="cDeltaString">RSC\ECMLS\RailVehicles\Electric\Class365\Class365\FCC_AP</FilePath>
			<Longitude d:type="sFloat64" d:alt_encoding="B0818A2D4B88CABF" d:precision="string">-0.207284</Longitude>
			<Latitude d:type="sFloat64" d:alt_encoding="B17177FD63F34940" d:precision="string">51.9015</Latitude>
			<Height d:type="sFloat32" d:alt_encoding="00000080E4B35740" d:precision="string">94.8108</Height>
			<PlayerDriver d:type="bool">0</PlayerDriver>
		</sDriverFrontEndDetails>
		<sDriverFrontEndDetails d:id="255427610">
			<ServiceName>
				<Localisation-cUserLocalisedString>
					<English d:type="cDeltaString">1E01 05:50 Edinburgh - King&apos;s Cross: &apos;The Flying Scotsman&apos;</English>
					<French d:type="cDeltaString"></French>
					<Italian d:type="cDeltaString"></Italian>
					<German d:type="cDeltaString"></German>
					<Spanish d:type="cDeltaString"></Spanish>
					<Dutch d:type="cDeltaString"></Dutch>
					<Polish d:type="cDeltaString"></Polish>
					<Russian d:type="cDeltaString"></Russian>
					<Other/>
					<Key d:type="cDeltaString">b286d3ec-bafd-4e05-8f6b-0a3ba512e154</Key>
				</Localisation-cUserLocalisedString>
			</ServiceName>
			<LocoName>
				<Localisation-cUserLocalisedString>
					<English d:type="cDeltaString">IC225 Mk4 DVT Ex-GNER (NXEC) AP</English>
					<French d:type="cDeltaString"></French>
					<Italian d:type="cDeltaString"></Italian>
					<German d:type="cDeltaString"></German>
					<Spanish d:type="cDeltaString"></Spanish>
					<Dutch d:type="cDeltaString"></Dutch>
					<Polish d:type="cDeltaString"></Polish>
					<Russian d:type="cDeltaString"></Russian>
					<Other/>
					<Key d:type="cDeltaString">RS_TXT_CL91_ICS</Key>
				</Localisation-cUserLocalisedString>
			</LocoName>
			<LocoBP>
				<iBlueprintLibrary-cAbsoluteBlueprintID>
					<BlueprintSetID>
						<iBlueprintLibrary-cBlueprintSetID>
							<Provider d:type="cDeltaString">RSC</Provider>
							<Product d:type="cDeltaString">Class91Addon</Product>
						</iBlueprintLibrary-cBlueprintSetID>
					</BlueprintSetID>
					<BlueprintID d:type="cDeltaString">RailVehicles\Electric\MK4 DVT\Ex-GNER_NXEC_AP\Engine\MK4DVT.xml</BlueprintID>
				</iBlueprintLibrary-cAbsoluteBlueprintID>
			</LocoBP>
			<StartLocation>
				<Localisation-cUserLocalisedString>
					<English d:type="cDeltaString">Arlesey Up Fast</English>
					<French d:type="cDeltaString"></French>
					<Italian d:type="cDeltaString"></Italian>
					<German d:type="cDeltaString"></German>
					<Spanish d:type="cDeltaString"></Spanish>
					<Dutch d:type="cDeltaString"></Dutch>
					<Polish d:type="cDeltaString"></Polish>
					<Russian d:type="cDeltaString"></Russian>
					<Other/>
					<Key d:type="cDeltaString">08d9c3b3-b2e3-40be-8ac6-151ae80dc978</Key>
				</Localisation-cUserLocalisedString>
			</StartLocation>
			<LocoClass d:type="cDeltaString">LOCO_CLASS_ELECTRIC</LocoClass>
			<LocoAuthor d:type="cDeltaString">RSC</LocoAuthor>
			<FilePath d:type="cDeltaString">RSC\Class91Addon\RailVehicles\Electric\MK4 DVT\Ex-GNER_NXEC_AP\Engine</FilePath>
			<Longitude d:type="sFloat64" d:alt_encoding="40228DC13513D1BF" d:precision="string">-0.266797</Longitude>
			<Latitude d:type="sFloat64" d:alt_encoding="A44C38BA28034A40" d:precision="string">52.0247</Latitude>
			<Height d:type="sFloat32" d:alt_encoding="0000006020E94240" d:precision="string">37.8213</Height>
			<PlayerDriver d:type="bool">0</PlayerDriver>
		</sDriverFrontEndDetails>
		<sDriverFrontEndDetails d:id="255425706">
			<ServiceName>
				<Localisation-cUserLocalisedString>
					<English d:type="cDeltaString">1C05 09:15 King&apos;s Cross - Cambridge</English>
					<French d:type="cDeltaString"></French>
					<Italian d:type="cDeltaString"></Italian>
					<German d:type="cDeltaString"></German>
					<Spanish d:type="cDeltaString"></Spanish>
					<Dutch d:type="cDeltaString"></Dutch>
					<Polish d:type="cDeltaString"></Polish>
					<Russian d:type="cDeltaString"></Russian>
					<Other/>
					<Key d:type="cDeltaString">c2bd5cbe-073b-4de2-936f-f229a1b025f8</Key>
				</Localisation-cUserLocalisedString>
			</ServiceName>
			<LocoName>
				<Localisation-cUserLocalisedString>
					<English d:type="cDeltaString">Class 365 First Capital Connect AP</English>
					<French d:type="cDeltaString"></French>
					<Italian d:type="cDeltaString"></Italian>
					<German d:type="cDeltaString"></German>
					<Spanish d:type="cDeltaString"></Spanish>
					<Dutch d:type="cDeltaString"></Dutch>
					<Polish d:type="cDeltaString"></Polish>
					<Russian d:type="cDeltaString"></Russian>
					<Other/>
					<Key d:type="cDeltaString">0ab82371-6d5c-4973-840b-04e8a7ef8979</Key>
				</Localisation-cUserLocalisedString>
			</LocoName>
			<LocoBP>
				<iBlueprintLibrary-cAbsoluteBlueprintID>
					<BlueprintSetID>
						<iBlueprintLibrary-cBlueprintSetID>
							<Provider d:type="cDeltaString">RSC</Provider>
							<Product d:type="cDeltaString">ECMLS</Product>
						</iBlueprintLibrary-cBlueprintSetID>
					</BlueprintSetID>
					<BlueprintID d:type="cDeltaString">RailVehicles\Electric\Class365\Class365\FCC_AP\Class365_DMOC_A.xml</BlueprintID>
				</iBlueprintLibrary-cAbsoluteBlueprintID>
			</LocoBP>
			<StartLocation>
				<Localisation-cUserLocalisedString>
					<English d:type="cDeltaString">Letchworth Garden City Platform 2</English>
					<French d:type="cDeltaString"></French>
					<Italian d:type="cDeltaString"></Italian>
					<German d:type="cDeltaString"></German>
					<Spanish d:type="cDeltaString"></Spanish>
					<Dutch d:type="cDeltaString"></Dutch>
					<Polish d:type="cDeltaString"></Polish>
					<Russian d:type="cDeltaString"></Russian>
					<Other/>
					<Key d:type="cDeltaString">9dc06d51-6d9e-45d7-9844-0c4f2355d03b</Key>
				</Localisation-cUserLocalisedString>
			</StartLocation>
			<LocoClass d:type="cDeltaString">LOCO_CLASS_ELECTRIC</LocoClass>
			<LocoAuthor d:type="cDeltaString">RSC</LocoAuthor>
			<FilePath d:type="cDeltaString">RSC\ECMLS\RailVehicles\Electric\Class365\Class365\FCC_AP</FilePath>
			<Longitude d:type="sFloat64" d:alt_encoding="A0AA1D17F524CDBF" d:precision="string">-0.22769</Longitude>
			<Latitude d:type="sFloat64" d:alt_encoding="94C109CB85FD4940" d:precision="string">51.9806</Latitude>
			<Height d:type="sFloat32" d:alt_encoding="0000008014545340" d:precision="string">77.3138</Height>
			<PlayerDriver d:type="bool">0</PlayerDriver>
		</sDriverFrontEndDetails>
		<sDriverFrontEndDetails d:id="255427678">
			<ServiceName>
				<Localisation-cUserLocalisedString>
					<English d:type="cDeltaString">1C37 08:52 King&apos;s Cross - Cambridge</English>
					<French d:type="cDeltaString"></French>
					<Italian d:type="cDeltaString"></Italian>
					<German d:type="cDeltaString"></German>
					<Spanish d:type="cDeltaString"></Spanish>
					<Dutch d:type="cDeltaString"></Dutch>
					<Polish d:type="cDeltaString"></Polish>
					<Russian d:type="cDeltaString"></Russian>
					<Other/>
					<Key d:type="cDeltaString">9c4a651f-1761-4499-9ef0-bb55cc0e9cb7</Key>
				</Localisation-cUserLocalisedString>
			</ServiceName>
			<LocoName>
				<Localisation-cUserLocalisedString>
					<English d:type="cDeltaString">Class 365 First Capital Connect AP</English>
					<French d:type="cDeltaString"></French>
					<Italian d:type="cDeltaString"></Italian>
					<German d:type="cDeltaString"></German>
					<Spanish d:type="cDeltaString"></Spanish>
					<Dutch d:type="cDeltaString"></Dutch>
					<Polish d:type="cDeltaString"></Polish>
					<Russian d:type="cDeltaString"></Russian>
					<Other/>
					<Key d:type="cDeltaString">13b35ef2-f3e0-43b2-93c2-0f42a91b1a2f</Key>
				</Localisation-cUserLocalisedString>
			</LocoName>
			<LocoBP>
				<iBlueprintLibrary-cAbsoluteBlueprintID>
					<BlueprintSetID>
						<iBlueprintLibrary-cBlueprintSetID>
							<Provider d:type="cDeltaString">RSC</Provider>
							<Product d:type="cDeltaString">ECMLS</Product>
						</iBlueprintLibrary-cBlueprintSetID>
					</BlueprintSetID>
					<BlueprintID d:type="cDeltaString">RailVehicles\Electric\Class365\Class365\FCC_AP\Class365_DMOC_A.xml</BlueprintID>
				</iBlueprintLibrary-cAbsoluteBlueprintID>
			</LocoBP>
			<StartLocation>
				<Localisation-cUserLocalisedString>
					<English d:type="cDeltaString">Ashwell &amp; Morden Platform 2</English>
					<French d:type="cDeltaString"></French>
					<Italian d:type="cDeltaString"></Italian>
					<German d:type="cDeltaString"></German>
					<Spanish d:type="cDeltaString"></Spanish>
					<Dutch d:type="cDeltaString"></Dutch>
					<Polish d:type="cDeltaString"></Polish>
					<Russian d:type="cDeltaString"></Russian>
					<Other/>
					<Key d:type="cDeltaString">020376b1-59ce-4fd9-b5ec-af67a75fd879</Key>
				</Localisation-cUserLocalisedString>
			</StartLocation>
			<LocoClass d:type="cDeltaString">LOCO_CLASS_ELECTRIC</LocoClass>
			<LocoAuthor d:type="cDeltaString">RSC</LocoAuthor>
			<FilePath d:type="cDeltaString">RSC\ECMLS\RailVehicles\Electric\Class365\Class365\FCC_AP</FilePath>
			<Longitude d:type="sFloat64" d:alt_encoding="E08724D1D9F4BBBF" d:precision="string">-0.109205</Longitude>
			<Latitude d:type="sFloat64" d:alt_encoding="517ECFE0F1034A40" d:precision="string">52.0308</Latitude>
			<Height d:type="sFloat32" d:alt_encoding="000000C0F32D5440" d:precision="string">80.718</Height>
			<PlayerDriver d:type="bool">0</PlayerDriver>
		</sDriverFrontEndDetails>
		<sDriverFrontEndDetails d:id="255426794">
			<ServiceName>
				<Localisation-cUserLocalisedString>
					<English d:type="cDeltaString">2B16 10:12 Moorgate - Hertford North</English>
					<French d:type="cDeltaString"></French>
					<Italian d:type="cDeltaString"></Italian>
					<German d:type="cDeltaString"></German>
					<Spanish d:type="cDeltaString"></Spanish>
					<Dutch d:type="cDeltaString"></Dutch>
					<Polish d:type="cDeltaString"></Polish>
					<Russian d:type="cDeltaString"></Russian>
					<Other/>
					<Key d:type="cDeltaString">7b5cb126-d2b2-4c16-8a58-9a0fb2c8c19b</Key>
				</Localisation-cUserLocalisedString>
			</ServiceName>
			<LocoName>
				<Localisation-cUserLocalisedString>
					<English d:type="cDeltaString">Class 313 First Capital Connect</English>
					<French d:type="cDeltaString"></French>
					<Italian d:type="cDeltaString"></Italian>
					<German d:type="cDeltaString"></German>
					<Spanish d:type="cDeltaString"></Spanish>
					<Dutch d:type="cDeltaString"></Dutch>
					<Polish d:type="cDeltaString"></Polish>
					<Russian d:type="cDeltaString"></Russian>
					<Other/>
					<Key d:type="cDeltaString">AP_TXT_313_DMSOSTH</Key>
				</Localisation-cUserLocalisedString>
			</LocoName>
			<LocoBP>
				<iBlueprintLibrary-cAbsoluteBlueprintID>
					<BlueprintSetID>
						<iBlueprintLibrary-cBlueprintSetID>
							<Provider d:type="cDeltaString">AP_Waggonz</Provider>
							<Product d:type="cDeltaString">Class313Pack01</Product>
						</iBlueprintLibrary-cBlueprintSetID>
					</BlueprintSetID>
					<BlueprintID d:type="cDeltaString">RailVehicles\Class313\FCC\DMSOB\Class_313_DMSO - B.xml</BlueprintID>
				</iBlueprintLibrary-cAbsoluteBlueprintID>
			</LocoBP>
			<StartLocation>
				<Localisation-cUserLocalisedString>
					<English d:type="cDeltaString">Drayton Park Platform 2</English>
					<French d:type="cDeltaString"></French>
					<Italian d:type="cDeltaString"></Italian>
					<German d:type="cDeltaString"></German>
					<Spanish d:type="cDeltaString"></Spanish>
					<Dutch d:type="cDeltaString"></Dutch>
					<Polish d:type="cDeltaString"></Polish>
					<Russian d:type="cDeltaString"></Russian>
					<Other/>
					<Key d:type="cDeltaString">70c65da4-3994-4bc2-88ab-9ae4fbf8e7b9</Key>
				</Localisation-cUserLocalisedString>
			</StartLocation>
			<LocoClass d:type="cDeltaString">LOCO_CLASS_ELECTRIC</LocoClass>
			<LocoAuthor d:type="cDeltaString">AP_Waggonz</LocoAuthor>
			<FilePath d:type="cDeltaString">AP_Waggonz\Class313Pack01\RailVehicles\Class313\FCC\DMSOB</FilePath>
			<Longitude d:type="sFloat64" d:alt_encoding="C0BB0EFC7318BBBF" d:precision="string">-0.105842</Longitude>
			<Latitude d:type="sFloat64" d:alt_encoding="4747078CC6C64940" d:precision="string">51.5529</Latitude>
			<Height d:type="sFloat32" d:alt_encoding="00000000F4E73340" d:precision="string">19.9061</Height>
			<PlayerDriver d:type="bool">0</PlayerDriver>
		</sDriverFrontEndDetails>
		<sDriverFrontEndDetails d:id="255426862">
			<ServiceName>
				<Localisation-cUserLocalisedString>
					<English d:type="cDeltaString">2V16 10:02 Moorgate - Welwyn Garden City</English>
					<French d:type="cDeltaString"></French>
					<Italian d:type="cDeltaString"></Italian>
					<German d:type="cDeltaString"></German>
					<Spanish d:type="cDeltaString"></Spanish>
					<Dutch d:type="cDeltaString"></Dutch>
					<Polish d:type="cDeltaString"></Polish>
					<Russian d:type="cDeltaString"></Russian>
					<Other/>
					<Key d:type="cDeltaString">59e58be9-ac98-49ea-b82a-e652fee83c12</Key>
				</Localisation-cUserLocalisedString>
			</ServiceName>
			<LocoName>
				<Localisation-cUserLocalisedString>
					<English d:type="cDeltaString">Class 313 First Capital Connect</English>
					<French d:type="cDeltaString"></French>
					<Italian d:type="cDeltaString"></Italian>
					<German d:type="cDeltaString"></German>
					<Spanish d:type="cDeltaString"></Spanish>
					<Dutch d:type="cDeltaString"></Dutch>
					<Polish d:type="cDeltaString"></Polish>
					<Russian d:type="cDeltaString"></Russian>
					<Other/>
					<Key d:type="cDeltaString">AP_TXT_313_DMSOSTH</Key>
				</Localisation-cUserLocalisedString>
			</LocoName>
			<LocoBP>
				<iBlueprintLibrary-cAbsoluteBlueprintID>
					<BlueprintSetID>
						<iBlueprintLibrary-cBlueprintSetID>
							<Provider d:type="cDeltaString">AP_Waggonz</Provider>
							<Product d:type="cDeltaString">Class313Pack01</Product>
						</iBlueprintLibrary-cBlueprintSetID>
					</BlueprintSetID>
					<BlueprintID d:type="cDeltaString">RailVehicles\Class313\FCC\DMSOB\Class_313_DMSO - B.xml</BlueprintID>
				</iBlueprintLibrary-cAbsoluteBlueprintID>
			</LocoBP>
			<StartLocation>
				<Localisation-cUserLocalisedString>
					<English d:type="cDeltaString">Finsbury Park Platform 6</English>
					<French d:type="cDeltaString"></French>
					<Italian d:type="cDeltaString"></Italian>
					<German d:type="cDeltaString"></German>
					<Spanish d:type="cDeltaString"></Spanish>
					<Dutch d:type="cDeltaString"></Dutch>
					<Polish d:type="cDeltaString"></Polish>
					<Russian d:type="cDeltaString"></Russian>
					<Other/>
					<Key d:type="cDeltaString">2814b956-20f8-4e48-af8c-6f8995bcd2dd</Key>
				</Localisation-cUserLocalisedString>
			</StartLocation>
			<LocoClass d:type="cDeltaString">LOCO_CLASS_ELECTRIC</LocoClass>
			<LocoAuthor d:type="cDeltaString">AP_Waggonz</LocoAuthor>
			<FilePath d:type="cDeltaString">AP_Waggonz\Class313Pack01\RailVehicles\Class313\FCC\DMSOB</FilePath>
			<Longitude d:type="sFloat64" d:alt_encoding="60CDFF61125DBBBF" d:precision="string">-0.106889</Longitude>
			<Latitude d:type="sFloat64" d:alt_encoding="C58513963BC84940" d:precision="string">51.5643</Latitude>
			<Height d:type="sFloat32" d:alt_encoding="0000004040104240" d:precision="string">36.127</Height>
			<PlayerDriver d:type="bool">0</PlayerDriver>
		</sDriverFrontEndDetails>
		<sDriverFrontEndDetails d:id="255426930">
			<ServiceName>
				<Localisation-cUserLocalisedString>
					<English d:type="cDeltaString">2C09 10:06 King&apos;s Cross - Cambridge</English>
					<French d:type="cDeltaString"></French>
					<Italian d:type="cDeltaString"></Italian>
					<German d:type="cDeltaString"></German>
					<Spanish d:type="cDeltaString"></Spanish>
					<Dutch d:type="cDeltaString"></Dutch>
					<Polish d:type="cDeltaString"></Polish>
					<Russian d:type="cDeltaString"></Russian>
					<Other/>
					<Key d:type="cDeltaString">3d47bc0b-feb4-4328-91b8-f524f9684339</Key>
				</Localisation-cUserLocalisedString>
			</ServiceName>
			<LocoName>
				<Localisation-cUserLocalisedString>
					<English d:type="cDeltaString">Class 317 EMU</English>
					<French d:type="cDeltaString"></French>
					<Italian d:type="cDeltaString"></Italian>
					<German d:type="cDeltaString"></German>
					<Spanish d:type="cDeltaString"></Spanish>
					<Dutch d:type="cDeltaString"></Dutch>
					<Polish d:type="cDeltaString"></Polish>
					<Russian d:type="cDeltaString"></Russian>
					<Other/>
					<Key d:type="cDeltaString">967e80d4-ccfe-4ee5-9f5f-b57ac2e8b5b1</Key>
				</Localisation-cUserLocalisedString>
			</LocoName>
			<LocoBP>
				<iBlueprintLibrary-cAbsoluteBlueprintID>
					<BlueprintSetID>
						<iBlueprintLibrary-cBlueprintSetID>
							<Provider d:type="cDeltaString">DRB_SimStuff</Provider>
							<Product d:type="cDeltaString">UK</Product>
						</iBlueprintLibrary-cBlueprintSetID>
					</BlueprintSetID>
					<BlueprintID d:type="cDeltaString">Class317\FCC\Class317_DTSO_nd.xml</BlueprintID>
				</iBlueprintLibrary-cAbsoluteBlueprintID>
			</LocoBP>
			<StartLocation>
				<Localisation-cUserLocalisedString>
					<English d:type="cDeltaString">Finsbury Park Platform 4 and 5</English>
					<French d:type="cDeltaString"></French>
					<Italian d:type="cDeltaString"></Italian>
					<German d:type="cDeltaString"></German>
					<Spanish d:type="cDeltaString"></Spanish>
					<Dutch d:type="cDeltaString"></Dutch>
					<Polish d:type="cDeltaString"></Polish>
					<Russian d:type="cDeltaString"></Russian>
					<Other/>
					<Key d:type="cDeltaString">99b02d5f-c345-4777-8759-b321fdc83e64</Key>
				</Localisation-cUserLocalisedString>
			</StartLocation>
			<LocoClass d:type="cDeltaString">LOCO_CLASS_ELECTRIC</LocoClass>
			<LocoAuthor d:type="cDeltaString">DRB_SimStuff</LocoAuthor>
			<FilePath d:type="cDeltaString">DRB_SimStuff\UK\Class317\FCC</FilePath>
			<Longitude d:type="sFloat64" d:alt_encoding="20AA3EA87F4EBBBF" d:precision="string">-0.106667</Longitude>
			<Latitude d:type="sFloat64" d:alt_encoding="9A3343B046C84940" d:precision="string">51.5647</Latitude>
			<Height d:type="sFloat32" d:alt_encoding="000000007B1B4240" d:precision="string">36.2147</Height>
			<PlayerDriver d:type="bool">0</PlayerDriver>
		</sDriverFrontEndDetails>
		<sDriverFrontEndDetails d:id="255427134">
			<ServiceName>
				<Localisation-cUserLocalisedString>
					<English d:type="cDeltaString">2P08 09:36 King&apos;s Cross - Peterborough</English>
					<French d:type="cDeltaString"></French>
					<Italian d:type="cDeltaString"></Italian>
					<German d:type="cDeltaString"></German>
					<Spanish d:type="cDeltaString"></Spanish>
					<Dutch d:type="cDeltaString"></Dutch>
					<Polish d:type="cDeltaString"></Polish>
					<Russian d:type="cDeltaString"></Russian>
					<Other/>
					<Key d:type="cDeltaString">8835a17c-648e-4df2-a75b-12a5834ffd34</Key>
				</Localisation-cUserLocalisedString>
			</ServiceName>
			<LocoName>
				<Localisation-cUserLocalisedString>
					<English d:type="cDeltaString">Class 317 EMU</English>
					<French d:type="cDeltaString"></French>
					<Italian d:type="cDeltaString"></Italian>
					<German d:type="cDeltaString"></German>
					<Spanish d:type="cDeltaString"></Spanish>
					<Dutch d:type="cDeltaString"></Dutch>
					<Polish d:type="cDeltaString"></Polish>
					<Russian d:type="cDeltaString"></Russian>
					<Other/>
					<Key d:type="cDeltaString">dbea0be7-bbcc-48cc-bd82-010b3416d88f</Key>
				</Localisation-cUserLocalisedString>
			</LocoName>
			<LocoBP>
				<iBlueprintLibrary-cAbsoluteBlueprintID>
					<BlueprintSetID>
						<iBlueprintLibrary-cBlueprintSetID>
							<Provider d:type="cDeltaString">DRB_SimStuff</Provider>
							<Product d:type="cDeltaString">UK</Product>
						</iBlueprintLibrary-cBlueprintSetID>
					</BlueprintSetID>
					<BlueprintID d:type="cDeltaString">Class317\FCC\Class317_DTSO_nd.xml</BlueprintID>
				</iBlueprintLibrary-cAbsoluteBlueprintID>
			</LocoBP>
			<StartLocation>
				<Localisation-cUserLocalisedString>
					<English d:type="cDeltaString">Welwyn Garden City Platform 3</English>
					<French d:type="cDeltaString"></French>
					<Italian d:type="cDeltaString"></Italian>
					<German d:type="cDeltaString"></German>
					<Spanish d:type="cDeltaString"></Spanish>
					<Dutch d:type="cDeltaString"></Dutch>
					<Polish d:type="cDeltaString"></Polish>
					<Russian d:type="cDeltaString"></Russian>
					<Other/>
					<Key d:type="cDeltaString">625f6569-b524-4655-9ab4-a863fc9fe394</Key>
				</Localisation-cUserLocalisedString>
			</StartLocation>
			<LocoClass d:type="cDeltaString">LOCO_CLASS_ELECTRIC</LocoClass>
			<LocoAuthor d:type="cDeltaString">DRB_SimStuff</LocoAuthor>
			<FilePath d:type="cDeltaString">DRB_SimStuff\UK\Class317\FCC</FilePath>
			<Longitude d:type="sFloat64" d:alt_encoding="00B4E7BFE318CABF" d:precision="string">-0.203885</Longitude>
			<Latitude d:type="sFloat64" d:alt_encoding="DA436E787BE64940" d:precision="string">51.8006</Latitude>
			<Height d:type="sFloat32" d:alt_encoding="0000008095035640" d:precision="string">88.056</Height>
			<PlayerDriver d:type="bool">0</PlayerDriver>
		</sDriverFrontEndDetails>
		<sDriverFrontEndDetails d:id="255425570">
			<ServiceName>
				<Localisation-cUserLocalisedString>
					<English d:type="cDeltaString">2F10 08:52 Moorgate - Letchworth Garden City</English>
					<French d:type="cDeltaString"></French>
					<Italian d:type="cDeltaString"></Italian>
					<German d:type="cDeltaString"></German>
					<Spanish d:type="cDeltaString"></Spanish>
					<Dutch d:type="cDeltaString"></Dutch>
					<Polish d:type="cDeltaString"></Polish>
					<Russian d:type="cDeltaString"></Russian>
					<Other/>
					<Key d:type="cDeltaString">533fbc2c-4f46-45c7-83cf-ee8c038d9d9b</Key>
				</Localisation-cUserLocalisedString>
			</ServiceName>
			<LocoName>
				<Localisation-cUserLocalisedString>
					<English d:type="cDeltaString">Class 313 First Capital Connect</English>
					<French d:type="cDeltaString"></French>
					<Italian d:type="cDeltaString"></Italian>
					<German d:type="cDeltaString"></German>
					<Spanish d:type="cDeltaString"></Spanish>
					<Dutch d:type="cDeltaString"></Dutch>
					<Polish d:type="cDeltaString"></Polish>
					<Russian d:type="cDeltaString"></Russian>
					<Other/>
					<Key d:type="cDeltaString">AP_TXT_315_DMSOSTH</Key>
				</Localisation-cUserLocalisedString>
			</LocoName>
			<LocoBP>
				<iBlueprintLibrary-cAbsoluteBlueprintID>
					<BlueprintSetID>
						<iBlueprintLibrary-cBlueprintSetID>
							<Provider d:type="cDeltaString">AP_Waggonz</Provider>
							<Product d:type="cDeltaString">Class313Pack01</Product>
						</iBlueprintLibrary-cBlueprintSetID>
					</BlueprintSetID>
					<BlueprintID d:type="cDeltaString">RailVehicles\Class313\FCC\DMSOA\Class_313_DMSO - A.xml</BlueprintID>
				</iBlueprintLibrary-cAbsoluteBlueprintID>
			</LocoBP>
			<StartLocation>
				<Localisation-cUserLocalisedString>
					<English d:type="cDeltaString">Watton-at-Stone Platform 2</English>
					<French d:type="cDeltaString"></French>
					<Italian d:type="cDeltaString"></Italian>
					<German d:type="cDeltaString"></German>
					<Spanish d:type="cDeltaString"></Spanish>
					<Dutch d:type="cDeltaString"></Dutch>
					<Polish d:type="cDeltaString"></Polish>
					<Russian d:type="cDeltaString"></Russian>
					<Other/>
					<Key d:type="cDeltaString">dfba6946-d789-4931-b619-776a02b7cdc7</Key>
				</Localisation-cUserLocalisedString>
			</StartLocation>
			<LocoClass d:type="cDeltaString">LOCO_CLASS_ELECTRIC</LocoClass>
			<LocoAuthor d:type="cDeltaString">AP_Waggonz</LocoAuthor>
			<FilePath d:type="cDeltaString">AP_Waggonz\Class313Pack01\RailVehicles\Class313\FCC\DMSOA</FilePath>
			<Longitude d:type="sFloat64" d:alt_encoding="20C186A1AABFBEBF" d:precision="string">-0.120112</Longitude>
			<Latitude d:type="sFloat64" d:alt_encoding="BD679E65BAED4940" d:precision="string">51.8573</Latitude>
			<Height d:type="sFloat32" d:alt_encoding="0000006023A15140" d:precision="string">70.5178</Height>
			<PlayerDriver d:type="bool">0</PlayerDriver>
		</sDriverFrontEndDetails>
		<sDriverFrontEndDetails d:id="255427542">
			<ServiceName>
				<Localisation-cUserLocalisedString>
					<English d:type="cDeltaString">2C07 09:06 King&apos;s Cross - Cambridge</English>
					<French d:type="cDeltaString"></French>
					<Italian d:type="cDeltaString"></Italian>
					<German d:type="cDeltaString"></German>
					<Spanish d:type="cDeltaString"></Spanish>
					<Dutch d:type="cDeltaString"></Dutch>
					<Polish d:type="cDeltaString"></Polish>
					<Russian d:type="cDeltaString"></Russian>
					<Other/>
					<Key d:type="cDeltaString">ccf72079-197a-4d3c-8385-cb3fdcb18a26</Key>
				</Localisation-cUserLocalisedString>
			</ServiceName>
			<LocoName>
				<Localisation-cUserLocalisedString>
					<English d:type="cDeltaString">Class 365 First Capital Connect AP</English>
					<French d:type="cDeltaString"></French>
					<Italian d:type="cDeltaString"></Italian>
					<German d:type="cDeltaString"></German>
					<Spanish d:type="cDeltaString"></Spanish>
					<Dutch d:type="cDeltaString"></Dutch>
					<Polish d:type="cDeltaString"></Polish>
					<Russian d:type="cDeltaString"></Russian>
					<Other/>
					<Key d:type="cDeltaString">9ace1f0f-8809-42ce-92de-fa4e8dba6b0e</Key>
				</Localisation-cUserLocalisedString>
			</LocoName>
			<LocoBP>
				<iBlueprintLibrary-cAbsoluteBlueprintID>
					<BlueprintSetID>
						<iBlueprintLibrary-cBlueprintSetID>
							<Provider d:type="cDeltaString">RSC</Provider>
							<Product d:type="cDeltaString">ECMLS</Product>
						</iBlueprintLibrary-cBlueprintSetID>
					</BlueprintSetID>
					<BlueprintID d:type="cDeltaString">RailVehicles\Electric\Class365\Class365\FCC_AP\Class365_DMOC_B.xml</BlueprintID>
				</iBlueprintLibrary-cAbsoluteBlueprintID>
			</LocoBP>
			<StartLocation>
				<Localisation-cUserLocalisedString>
					<English d:type="cDeltaString">Hitchin Platform 2</English>
					<French d:type="cDeltaString"></French>
					<Italian d:type="cDeltaString"></Italian>
					<German d:type="cDeltaString"></German>
					<Spanish d:type="cDeltaString"></Spanish>
					<Dutch d:type="cDeltaString"></Dutch>
					<Polish d:type="cDeltaString"></Polish>
					<Russian d:type="cDeltaString"></Russian>
					<Other/>
					<Key d:type="cDeltaString">4394cc47-b10e-4f33-b7bc-9eed09dff8e7</Key>
				</Localisation-cUserLocalisedString>
			</StartLocation>
			<LocoClass d:type="cDeltaString">LOCO_CLASS_ELECTRIC</LocoClass>
			<LocoAuthor d:type="cDeltaString">RSC</LocoAuthor>
			<FilePath d:type="cDeltaString">RSC\ECMLS\RailVehicles\Electric\Class365\Class365\FCC_AP</FilePath>
			<Longitude d:type="sFloat64" d:alt_encoding="B855BAA015D2D0BF" d:precision="string">-0.262823</Longitude>
			<Latitude d:type="sFloat64" d:alt_encoding="36A79451F5F94940" d:precision="string">51.9528</Latitude>
			<Height d:type="sFloat32" d:alt_encoding="000000E04E185140" d:precision="string">68.3798</Height>
			<PlayerDriver d:type="bool">0</PlayerDriver>
		</sDriverFrontEndDetails>
		<sDriverFrontEndDetails d:id="255427746">
			<ServiceName>
				<Localisation-cUserLocalisedString>
					<English d:type="cDeltaString">2C60 08:55 Cambridge - King&apos;s Cross</English>
					<French d:type="cDeltaString"></French>
					<Italian d:type="cDeltaString"></Italian>
					<German d:type="cDeltaString"></German>
					<Spanish d:type="cDeltaString"></Spanish>
					<Dutch d:type="cDeltaString"></Dutch>
					<Polish d:type="cDeltaString"></Polish>
					<Russian d:type="cDeltaString"></Russian>
					<Other/>
					<Key d:type="cDeltaString">592fe002-ec70-4148-a7e1-f78e27789241</Key>
				</Localisation-cUserLocalisedString>
			</ServiceName>
			<LocoName>
				<Localisation-cUserLocalisedString>
					<English d:type="cDeltaString">Class 365 Cambridge AP</English>
					<French d:type="cDeltaString"></French>
					<Italian d:type="cDeltaString"></Italian>
					<German d:type="cDeltaString"></German>
					<Spanish d:type="cDeltaString"></Spanish>
					<Dutch d:type="cDeltaString"></Dutch>
					<Polish d:type="cDeltaString"></Polish>
					<Russian d:type="cDeltaString"></Russian>
					<Other/>
					<Key d:type="cDeltaString">867efb3b-7297-46ff-833d-03e6549159a0</Key>
				</Localisation-cUserLocalisedString>
			</LocoName>
			<LocoBP>
				<iBlueprintLibrary-cAbsoluteBlueprintID>
					<BlueprintSetID>
						<iBlueprintLibrary-cBlueprintSetID>
							<Provider d:type="cDeltaString">RSC</Provider>
							<Product d:type="cDeltaString">ECMLS</Product>
						</iBlueprintLibrary-cBlueprintSetID>
					</BlueprintSetID>
					<BlueprintID d:type="cDeltaString">RailVehicles\Electric\Class365\Class365\Cambridge_AP\Class365_DMOC_A.xml</BlueprintID>
				</iBlueprintLibrary-cAbsoluteBlueprintID>
			</LocoBP>
			<StartLocation>
				<Localisation-cUserLocalisedString>
					<English d:type="cDeltaString">Royston Platform 1</English>
					<French d:type="cDeltaString"></French>
					<Italian d:type="cDeltaString"></Italian>
					<German d:type="cDeltaString"></German>
					<Spanish d:type="cDeltaString"></Spanish>
					<Dutch d:type="cDeltaString"></Dutch>
					<Polish d:type="cDeltaString"></Polish>
					<Russian d:type="cDeltaString"></Russian>
					<Other/>
					<Key d:type="cDeltaString">b4db6407-517f-4d67-a627-f6cc519ad5f3</Key>
				</Localisation-cUserLocalisedString>
			</StartLocation>
			<LocoClass d:type="cDeltaString">LOCO_CLASS_ELECTRIC</LocoClass>
			<LocoAuthor d:type="cDeltaString">RSC</LocoAuthor>
			<FilePath d:type="cDeltaString">RSC\ECMLS\RailVehicles\Electric\Class365\Class365\Cambridge_AP</FilePath>
			<Longitude d:type="sFloat64" d:alt_encoding="00E6F21D83439BBF" d:precision="string">-0.0266247</Longitude>
			<Latitude d:type="sFloat64" d:alt_encoding="8D6BF66FD0064A40" d:precision="string">52.0532</Latitude>
			<Height d:type="sFloat32" d:alt_encoding="00000040AE804D40" d:precision="string">59.0053</Height>
			<PlayerDriver d:type="bool">1</PlayerDriver>
		</sDriverFrontEndDetails>
		<sDriverFrontEndDetails d:id="255427270">
			<ServiceName>
				<Localisation-cUserLocalisedString>
					<English d:type="cDeltaString">1S12 10:30 King&apos;s Cross - Aberdeen</English>
					<French d:type="cDeltaString"></French>
					<Italian d:type="cDeltaString"></Italian>
					<German d:type="cDeltaString"></German>
					<Spanish d:type="cDeltaString"></Spanish>
					<Dutch d:type="cDeltaString"></Dutch>
					<Polish d:type="cDeltaString"></Polish>
					<Russian d:type="cDeltaString"></Russian>
					<Other/>
					<Key d:type="cDeltaString">5eddcd90-0172-46cd-aa8a-7568e437619d</Key>
				</Localisation-cUserLocalisedString>
			</ServiceName>
			<LocoName>
				<Localisation-cUserLocalisedString>
					<English d:type="cDeltaString">High Speed Train Ex-GNER (NXEC) (MTU) AP</English>
					<French d:type="cDeltaString"></French>
					<Italian d:type="cDeltaString"></Italian>
					<German d:type="cDeltaString"></German>
					<Spanish d:type="cDeltaString"></Spanish>
					<Dutch d:type="cDeltaString"></Dutch>
					<Polish d:type="cDeltaString"></Polish>
					<Russian d:type="cDeltaString"></Russian>
					<Other/>
					<Key d:type="cDeltaString">2ec90485-32b7-4873-8819-c5f71a11c565</Key>
				</Localisation-cUserLocalisedString>
			</LocoName>
			<LocoBP>
				<iBlueprintLibrary-cAbsoluteBlueprintID>
					<BlueprintSetID>
						<iBlueprintLibrary-cBlueprintSetID>
							<Provider d:type="cDeltaString">Kuju</Provider>
							<Product d:type="cDeltaString">RailSimulator</Product>
						</iBlueprintLibrary-cBlueprintSetID>
					</BlueprintSetID>
					<BlueprintID d:type="cDeltaString">RailVehicles\Diesel\HST\Ex-GNER_NXEC_MTU_AP\Class43\class43_fgw.xml</BlueprintID>
				</iBlueprintLibrary-cAbsoluteBlueprintID>
			</LocoBP>
			<StartLocation>
				<Localisation-cUserLocalisedString>
					<English d:type="cDeltaString">Kings Cross Platform 4</English>
					<French d:type="cDeltaString"></French>
					<Italian d:type="cDeltaString"></Italian>
					<German d:type="cDeltaString"></German>
					<Spanish d:type="cDeltaString"></Spanish>
					<Dutch d:type="cDeltaString"></Dutch>
					<Polish d:type="cDeltaString"></Polish>
					<Russian d:type="cDeltaString"></Russian>
					<Other/>
					<Key d:type="cDeltaString">59dbdd72-da18-4884-aa48-463b30f08ee7</Key>
				</Localisation-cUserLocalisedString>
			</StartLocation>
			<LocoClass d:type="cDeltaString">LOCO_CLASS_DIESEL</LocoClass>
			<LocoAuthor d:type="cDeltaString">Kuju</LocoAuthor>
			<FilePath d:type="cDeltaString">Kuju\RailSimulator\RailVehicles\Diesel\HST\Ex-GNER_NXEC_MTU_AP\Class43</FilePath>
			<Longitude d:type="sFloat64" d:alt_encoding="C092882A3392BFBF" d:precision="string">-0.123325</Longitude>
			<Latitude d:type="sFloat64" d:alt_encoding="D7C7A618FEC34940" d:precision="string">51.5312</Latitude>
			<Height d:type="sFloat32" d:alt_encoding="000000600A3E2C40" d:precision="string">14.1212</Height>
			<PlayerDriver d:type="bool">0</PlayerDriver>
		</sDriverFrontEndDetails>
	</FrontEndDriverList>
	<RequiredSet>
		<iBlueprintLibrary-cBlueprintSetID d:id="171737002">
			<Provider d:type="cDeltaString">AP_Waggonz</Provider>
			<Product d:type="cDeltaString">Class313Pack01</Product>
		</iBlueprintLibrary-cBlueprintSetID>
		<iBlueprintLibrary-cBlueprintSetID d:id="171737004">
			<Provider d:type="cDeltaString">DRB_SimStuff</Provider>
			<Product d:type="cDeltaString">UK</Product>
		</iBlueprintLibrary-cBlueprintSetID>
		<iBlueprintLibrary-cBlueprintSetID d:id="171737006">
			<Provider d:type="cDeltaString">Kuju</Provider>
			<Product d:type="cDeltaString">RailSimulator</Product>
		</iBlueprintLibrary-cBlueprintSetID>
		<iBlueprintLibrary-cBlueprintSetID d:id="171737008">
			<Provider d:type="cDeltaString">RSC</Provider>
			<Product d:type="cDeltaString">Class91Addon</Product>
		</iBlueprintLibrary-cBlueprintSetID>
		<iBlueprintLibrary-cBlueprintSetID d:id="171737010">
			<Provider d:type="cDeltaString">RSC</Provider>
			<Product d:type="cDeltaString">ECMLS</Product>
		</iBlueprintLibrary-cBlueprintSetID>
	</RequiredSet>
	<Gizmo>
		<cOwnedEntity d:id="176979104">
			<Component>
				<cEditorSceneryRender d:id="176850222">
					<DetailLevel d:type="sInt32">10</DetailLevel>
					<Global d:type="bool">0</Global>
					<Saved d:type="bool">1</Saved>
					<Palette0Index d:type="sUInt8">0</Palette0Index>
					<Palette1Index d:type="sUInt8">0</Palette1Index>
					<Palette2Index d:type="sUInt8">0</Palette2Index>
				</cEditorSceneryRender>
				<cPosOri d:id="176345076">
					<Scale d:numElements="4" d:elementType="sFloat32" d:precision="string">1.0000000 1.0000000 1.0000000 0.0000000</Scale>
					<RFarMatrix>
						<cFarMatrix d:id="176345082">
							<Height d:type="sFloat32" d:alt_encoding="000000A03E275140" d:precision="string">68.6132</Height>
							<RXAxis d:numElements="4" d:elementType="sFloat32" d:precision="string">1.0000000 0.0000000 0.0000000 0.0000000</RXAxis>
							<RYAxis d:numElements="4" d:elementType="sFloat32" d:precision="string">0.0000000 1.0000000 0.0000000 0.0000000</RYAxis>
							<RZAxis d:numElements="4" d:elementType="sFloat32" d:precision="string">0.0000000 0.0000000 1.0000000 0.0000000</RZAxis>
							<RFarPosition>
								<cFarVector2 d:id="176345089">
									<X>
										<cFarCoordinate>
											<RouteCoordinate>
												<cRouteCoordinate>
													<Distance d:type="sInt32">1</Distance>
												</cRouteCoordinate>
											</RouteCoordinate>
											<TileCoordinate>
												<cTileCoordinate>
													<Distance d:type="sFloat32" d:alt_encoding="000000A047EC8D40" d:precision="string">957.535</Distance>
												</cTileCoordinate>
											</TileCoordinate>
										</cFarCoordinate>
									</X>
									<Z>
										<cFarCoordinate>
											<RouteCoordinate>
												<cRouteCoordinate>
													<Distance d:type="sInt32">-19</Distance>
												</cRouteCoordinate>
											</RouteCoordinate>
											<TileCoordinate>
												<cTileCoordinate>
													<Distance d:type="sFloat32" d:alt_encoding="0000004035CE7640" d:precision="string">364.888</Distance>
												</cTileCoordinate>
											</TileCoordinate>
										</cFarCoordinate>
									</Z>
								</cFarVector2>
							</RFarPosition>
						</cFarMatrix>
					</RFarMatrix>
				</cPosOri>
				<cScriptComponent d:id="177250774">
					<DebugDisplay d:type="bool">1</DebugDisplay>
					<StateName d:type="cDeltaString"></StateName>
				</cScriptComponent>
			</Component>
			<BlueprintID>
				<iBlueprintLibrary-cAbsoluteBlueprintID>
					<BlueprintSetID>
						<iBlueprintLibrary-cBlueprintSetID>
							<Provider d:type="cDeltaString">Kuju</Provider>
							<Product d:type="cDeltaString">RailSimulatorCore</Product>
						</iBlueprintLibrary-cBlueprintSetID>
					</BlueprintSetID>
					<BlueprintID d:type="cDeltaString">Editor\Gizmo\Scenario Markers\Standard Scenario Marker.xml</BlueprintID>
				</iBlueprintLibrary-cAbsoluteBlueprintID>
			</BlueprintID>
			<ReskinBlueprintID>
				<iBlueprintLibrary-cAbsoluteBlueprintID>
					<BlueprintSetID>
						<iBlueprintLibrary-cBlueprintSetID>
							<Provider d:type="cDeltaString"></Provider>
							<Product d:type="cDeltaString"></Product>
						</iBlueprintLibrary-cBlueprintSetID>
					</BlueprintSetID>
					<BlueprintID d:type="cDeltaString"></BlueprintID>
				</iBlueprintLibrary-cAbsoluteBlueprintID>
			</ReskinBlueprintID>
			<Name d:type="cDeltaString">Standard Scenario Marker</Name>
			<EntityID>
				<cGUID>
					<UUID>
						<e d:type="sUInt64">5415724419200608144</e>
						<e d:type="sUInt64">9838758616027430317</e>
					</UUID>
					<DevString d:type="cDeltaString">5fdc6790-84aa-4b28-adfd-2053d54a8a88</DevString>
				</cGUID>
			</EntityID>
		</cOwnedEntity>
	</Gizmo>
	<SimulationTime d:type="sFloat32" d:alt_encoding="0000000000000000" d:precision="string">0</SimulationTime>
	<AuthoredLanguage d:type="cDeltaString">en</AuthoredLanguage>
	<Version d:type="sFloat32" d:alt_encoding="000000000000F03F" d:precision="string">1</Version>
	<Author d:type="cDeltaString">Cynx</Author>
	<DispatcherVersion d:type="cDeltaString">V1</DispatcherVersion>
	<RBlueprintSetPreLoad>
		<iBlueprintLibrary-cBlueprintSetID d:id="172251882">
			<Provider d:type="cDeltaString">AP</Provider>
			<Product d:type="cDeltaString">C43MTUEP</Product>
		</iBlueprintLibrary-cBlueprintSetID>
		<iBlueprintLibrary-cBlueprintSetID d:id="172251884">
			<Provider d:type="cDeltaString">RSC</Provider>
			<Product d:type="cDeltaString">Class91Addon</Product>
		</iBlueprintLibrary-cBlueprintSetID>
		<iBlueprintLibrary-cBlueprintSetID d:id="172251886">
			<Provider d:type="cDeltaString">Kuju</Provider>
			<Product d:type="cDeltaString">RailSimulator</Product>
		</iBlueprintLibrary-cBlueprintSetID>
		<iBlueprintLibrary-cBlueprintSetID d:id="172251888">
			<Provider d:type="cDeltaString">AP_Waggonz</Provider>
			<Product d:type="cDeltaString">Class313Pack01</Product>
		</iBlueprintLibrary-cBlueprintSetID>
		<iBlueprintLibrary-cBlueprintSetID d:id="172251890">
			<Provider d:type="cDeltaString">DRB_SimStuff</Provider>
			<Product d:type="cDeltaString">UK</Product>
		</iBlueprintLibrary-cBlueprintSetID>
		<iBlueprintLibrary-cBlueprintSetID d:id="172251892">
			<Provider d:type="cDeltaString">AP</Provider>
			<Product d:type="cDeltaString">C43VALEP</Product>
		</iBlueprintLibrary-cBlueprintSetID>
	</RBlueprintSetPreLoad>
	<NamedEntity/>
	<Condition/>
	<DeferredEvent/>
	<CheckedCondition/>
	<CareerRules>
		<d:nil/>
	</CareerRules>
	<MD5 d:type="cDeltaString">F6FB7DAAA567AE534172CD6BF85015E6</MD5>
	<MessageEvent/>
	<SimpleControlsOnly d:type="bool">0</SimpleControlsOnly>
	<ExpertControlsOnly d:type="bool">0</ExpertControlsOnly>
	<LocksScenario/>
	<StartDestString/>
	<TemplateStartDestMapping/>
	<IsTemplateGenerated d:type="bool">0</IsTemplateGenerated>
	<TemplateScenarioGUID>
		<cGUID>
			<UUID>
				<e d:type="sUInt64">0</e>
				<e d:type="sUInt64">0</e>
			</UUID>
			<DevString d:type="cDeltaString">00000000-0000-0000-0000-000000000000</DevString>
		</cGUID>
	</TemplateScenarioGUID>
	<WorkshopId d:type="sUInt64">0</WorkshopId>
	<WorkshopBy d:type="sUInt64">0</WorkshopBy>
	<WorkshopTags d:type="cDeltaString"></WorkshopTags>
	<StartInCab d:type="bool">0</StartInCab>
	<IsClonedDLC d:type="bool">0</IsClonedDLC>
	<StartLongitude d:type="sFloat64" d:alt_encoding="0000000000000000" d:precision="string">0</StartLongitude>
	<StartLatitude d:type="sFloat64" d:alt_encoding="0000000000000000" d:precision="string">0</StartLatitude>
	<StartHeight d:type="sFloat32" d:alt_encoding="0000000000000000" d:precision="string">0</StartHeight>
	<QuickDriveStartName d:type="cDeltaString"></QuickDriveStartName>
	<QuickDriveEndName d:type="cDeltaString"></QuickDriveEndName>
	<QuickDrivePlayerConsistName d:type="cDeltaString"></QuickDrivePlayerConsistName>
</cScenarioProperties>

