<?xml version="1.0" encoding="utf-8"?>
<cScenarioProperties xmlns:d="http://www.kuju.com/TnT/2003/Delta" d:version="1.0" d:id="203097626">
	<ID>
		<cGUID>
			<UUID>
				<e d:type="sUInt64">4732849837154219438</e>
				<e d:type="sUInt64">15634334032276709254</e>
			</UUID>
			<DevString d:type="cDeltaString">e6d7b5ae-75d9-41ae-865f-a7d5f74ff8d8</DevString>
		</cGUID>
	</ID>
	<String/>
	<DisplayName>
		<Localisation-cUserLocalisedString>
			<English d:type="cDeltaString">[CW] 2K08 10:03 Welwyn Garden City - Moorgate</English>
			<French d:type="cDeltaString"></French>
			<Italian d:type="cDeltaString"></Italian>
			<German d:type="cDeltaString"></German>
			<Spanish d:type="cDeltaString"></Spanish>
			<Dutch d:type="cDeltaString"></Dutch>
			<Polish d:type="cDeltaString"></Polish>
			<Russian d:type="cDeltaString"></Russian>
			<Other/>
			<Key d:type="cDeltaString">4b8bf6ba-9aad-4657-9e37-35cf2b6d3045</Key>
		</Localisation-cUserLocalisedString>
	</DisplayName>
	<Description>
		<Localisation-cUserLocalisedString>
			<English d:type="cDeltaString">On a miserable spring day, drive a WAGN Class 313 on an inbound Northern City service to Moorgate, from Welwyn Garden City, calling at all stations along the way. (2004)</English>
			<French d:type="cDeltaString"></French>
			<Italian d:type="cDeltaString"></Italian>
			<German d:type="cDeltaString"></German>
			<Spanish d:type="cDeltaString"></Spanish>
			<Dutch d:type="cDeltaString"></Dutch>
			<Polish d:type="cDeltaString"></Polish>
			<Russian d:type="cDeltaString"></Russian>
			<Other/>
			<Key d:type="cDeltaString">7db557c7-d280-4e52-949f-0c2b159bf1a6</Key>
		</Localisation-cUserLocalisedString>
	</Description>
	<Briefing>
		<Localisation-cUserLocalisedString>
			<English d:type="cDeltaString"></English>
			<French d:type="cDeltaString"></French>
			<Italian d:type="cDeltaString"></Italian>
			<German d:type="cDeltaString"></German>
			<Spanish d:type="cDeltaString"></Spanish>
			<Dutch d:type="cDeltaString"></Dutch>
			<Polish d:type="cDeltaString"></Polish>
			<Russian d:type="cDeltaString"></Russian>
			<Other/>
			<Key d:type="cDeltaString">6e93f013-da98-43a3-9bb5-1cf68a49a21a</Key>
		</Localisation-cUserLocalisedString>
	</Briefing>
	<StartLocation>
		<Localisation-cUserLocalisedString>
			<English d:type="cDeltaString">WGC</English>
			<French d:type="cDeltaString"></French>
			<Italian d:type="cDeltaString"></Italian>
			<German d:type="cDeltaString"></German>
			<Spanish d:type="cDeltaString"></Spanish>
			<Dutch d:type="cDeltaString"></Dutch>
			<Polish d:type="cDeltaString"></Polish>
			<Russian d:type="cDeltaString"></Russian>
			<Other/>
			<Key d:type="cDeltaString">e0cd6144-836d-4157-9e32-ebbd11e3d4d1</Key>
		</Localisation-cUserLocalisedString>
	</StartLocation>
	<ScenarioClass d:type="cDeltaString">eStandardScenarioClass</ScenarioClass>
	<StartTime d:type="sFloat32" d:alt_encoding="000000000094E140" d:precision="string">36000</StartTime>
	<DurationMins d:type="sInt32">50</DurationMins>
	<StartDD d:type="sInt32">1</StartDD>
	<StartMM d:type="sInt32">7</StartMM>
	<StartYYYY d:type="sInt32">2010</StartYYYY>
	<Season d:type="cDeltaString">SEASON_SPRING</Season>
	<WeatherBlueprint>
		<iBlueprintLibrary-cAbsoluteBlueprintID>
			<BlueprintSetID>
				<iBlueprintLibrary-cBlueprintSetID>
					<Provider d:type="cDeltaString">AP</Provider>
					<Product d:type="cDeltaString">WeatherEP</Product>
				</iBlueprintLibrary-cBlueprintSetID>
			</BlueprintSetID>
			<BlueprintID d:type="cDeltaString">Weather\AP Heavy Rain with Fog.xml</BlueprintID>
		</iBlueprintLibrary-cAbsoluteBlueprintID>
	</WeatherBlueprint>
	<WeatherExtensionBlueprint>
		<iBlueprintLibrary-cAbsoluteBlueprintID>
			<BlueprintSetID>
				<iBlueprintLibrary-cBlueprintSetID>
					<Provider d:type="cDeltaString">AP</Provider>
					<Product d:type="cDeltaString">WeatherEP</Product>
				</iBlueprintLibrary-cBlueprintSetID>
			</BlueprintSetID>
			<BlueprintID d:type="cDeltaString">Weather\AP Thunderstorm with Fog.xml</BlueprintID>
		</iBlueprintLibrary-cAbsoluteBlueprintID>
	</WeatherExtensionBlueprint>
	<Rating d:type="sInt32">3</Rating>
	<LocoClass d:type="cDeltaString">LOCO_CLASS_ELECTRIC</LocoClass>
	<HasRollingStart d:type="bool">0</HasRollingStart>
	<LoadedFromRollingStart d:type="bool">0</LoadedFromRollingStart>
	<FrontEndDriverList>
		<sDriverFrontEndDetails d:id="309887616">
			<ServiceName>
				<Localisation-cUserLocalisedString>
					<English d:type="cDeltaString">5V13 09:16 Moorgate - Welwyn CS</English>
					<French d:type="cDeltaString"></French>
					<Italian d:type="cDeltaString"></Italian>
					<German d:type="cDeltaString"></German>
					<Spanish d:type="cDeltaString"></Spanish>
					<Dutch d:type="cDeltaString"></Dutch>
					<Polish d:type="cDeltaString"></Polish>
					<Russian d:type="cDeltaString"></Russian>
					<Other/>
					<Key d:type="cDeltaString">10b5919b-1dc9-4d12-a9d5-6d747b08268c</Key>
				</Localisation-cUserLocalisedString>
			</ServiceName>
			<LocoName>
				<Localisation-cUserLocalisedString>
					<English d:type="cDeltaString">Class 313 WAGN</English>
					<French d:type="cDeltaString">Class 313 WAGN</French>
					<Italian d:type="cDeltaString">Class 313 WAGN</Italian>
					<German d:type="cDeltaString">Class 313 WAGN</German>
					<Spanish d:type="cDeltaString">Class 313 WAGN</Spanish>
					<Dutch d:type="cDeltaString">Class 313 WAGN</Dutch>
					<Polish d:type="cDeltaString">Class 313 WAGN</Polish>
					<Russian d:type="cDeltaString">Class 313 WAGN</Russian>
					<Other/>
					<Key d:type="cDeltaString">AP_TXT_313_DMSOSTH</Key>
				</Localisation-cUserLocalisedString>
			</LocoName>
			<LocoBP>
				<iBlueprintLibrary-cAbsoluteBlueprintID>
					<BlueprintSetID>
						<iBlueprintLibrary-cBlueprintSetID>
							<Provider d:type="cDeltaString">AP_Waggonz</Provider>
							<Product d:type="cDeltaString">Class313Pack01</Product>
						</iBlueprintLibrary-cBlueprintSetID>
					</BlueprintSetID>
					<BlueprintID d:type="cDeltaString">RailVehicles\Class313\WAGN\DMSOB\Class_313_DMSO - B.xml</BlueprintID>
				</iBlueprintLibrary-cAbsoluteBlueprintID>
			</LocoBP>
			<StartLocation>
				<Localisation-cUserLocalisedString>
					<English d:type="cDeltaString">Potters Bar Platform 4</English>
					<French d:type="cDeltaString"></French>
					<Italian d:type="cDeltaString"></Italian>
					<German d:type="cDeltaString"></German>
					<Spanish d:type="cDeltaString"></Spanish>
					<Dutch d:type="cDeltaString"></Dutch>
					<Polish d:type="cDeltaString"></Polish>
					<Russian d:type="cDeltaString"></Russian>
					<Other/>
					<Key d:type="cDeltaString">fba675bc-abea-4b40-b4a4-3ace196010c3</Key>
				</Localisation-cUserLocalisedString>
			</StartLocation>
			<LocoClass d:type="cDeltaString">LOCO_CLASS_ELECTRIC</LocoClass>
			<LocoAuthor d:type="cDeltaString">AP_Waggonz</LocoAuthor>
			<FilePath d:type="cDeltaString">AP_Waggonz\Class313Pack01\RailVehicles\Class313\WAGN\DMSOB</FilePath>
			<Longitude d:type="sFloat64" d:alt_encoding="2026C09759BBC8BF" d:precision="string">-0.193217</Longitude>
			<Latitude d:type="sFloat64" d:alt_encoding="6420A20241D94940" d:precision="string">51.6973</Latitude>
			<Height d:type="sFloat32" d:alt_encoding="0000004037365940" d:precision="string">100.847</Height>
			<PlayerDriver d:type="bool">0</PlayerDriver>
		</sDriverFrontEndDetails>
		<sDriverFrontEndDetails d:id="309887412">
			<ServiceName>
				<Localisation-cUserLocalisedString>
					<English d:type="cDeltaString">5V01 10:18 King&apos;s Cross - Welwyn CS</English>
					<French d:type="cDeltaString"></French>
					<Italian d:type="cDeltaString"></Italian>
					<German d:type="cDeltaString"></German>
					<Spanish d:type="cDeltaString"></Spanish>
					<Dutch d:type="cDeltaString"></Dutch>
					<Polish d:type="cDeltaString"></Polish>
					<Russian d:type="cDeltaString"></Russian>
					<Other/>
					<Key d:type="cDeltaString">fc6f1e72-3ebe-4514-9e7f-bc22fc04eeea</Key>
				</Localisation-cUserLocalisedString>
			</ServiceName>
			<LocoName>
				<Localisation-cUserLocalisedString>
					<English d:type="cDeltaString">Class 365 Network SouthEast AP</English>
					<French d:type="cDeltaString"></French>
					<Italian d:type="cDeltaString"></Italian>
					<German d:type="cDeltaString"></German>
					<Spanish d:type="cDeltaString"></Spanish>
					<Dutch d:type="cDeltaString"></Dutch>
					<Polish d:type="cDeltaString"></Polish>
					<Russian d:type="cDeltaString"></Russian>
					<Other/>
					<Key d:type="cDeltaString">83f8e3b1-e514-4d4e-8ac5-64296748ab4a</Key>
				</Localisation-cUserLocalisedString>
			</LocoName>
			<LocoBP>
				<iBlueprintLibrary-cAbsoluteBlueprintID>
					<BlueprintSetID>
						<iBlueprintLibrary-cBlueprintSetID>
							<Provider d:type="cDeltaString">RSC</Provider>
							<Product d:type="cDeltaString">ECMLS</Product>
						</iBlueprintLibrary-cBlueprintSetID>
					</BlueprintSetID>
					<BlueprintID d:type="cDeltaString">RailVehicles\Electric\Class365\Class365\NSE_AP\Class365_DMOC_B.xml</BlueprintID>
				</iBlueprintLibrary-cAbsoluteBlueprintID>
			</LocoBP>
			<StartLocation>
				<Localisation-cUserLocalisedString>
					<English d:type="cDeltaString">Hornsey Down Fast</English>
					<French d:type="cDeltaString"></French>
					<Italian d:type="cDeltaString"></Italian>
					<German d:type="cDeltaString"></German>
					<Spanish d:type="cDeltaString"></Spanish>
					<Dutch d:type="cDeltaString"></Dutch>
					<Polish d:type="cDeltaString"></Polish>
					<Russian d:type="cDeltaString"></Russian>
					<Other/>
					<Key d:type="cDeltaString">d8ab4b18-e81e-4af9-a7bb-c04352c2c6d6</Key>
				</Localisation-cUserLocalisedString>
			</StartLocation>
			<LocoClass d:type="cDeltaString">LOCO_CLASS_ELECTRIC</LocoClass>
			<LocoAuthor d:type="cDeltaString">RSC</LocoAuthor>
			<FilePath d:type="cDeltaString">RSC\ECMLS\RailVehicles\Electric\Class365\Class365\NSE_AP</FilePath>
			<Longitude d:type="sFloat64" d:alt_encoding="20B5AA3887A9BCBF" d:precision="string">-0.111962</Longitude>
			<Latitude d:type="sFloat64" d:alt_encoding="B819622F1BCB4940" d:precision="string">51.5868</Latitude>
			<Height d:type="sFloat32" d:alt_encoding="000000C001E44140" d:precision="string">35.7813</Height>
			<PlayerDriver d:type="bool">0</PlayerDriver>
		</sDriverFrontEndDetails>
		<sDriverFrontEndDetails d:id="309887820">
			<ServiceName>
				<Localisation-cUserLocalisedString>
					<English d:type="cDeltaString">2V11 10:42 Moorgate - Welwyn Garden City</English>
					<French d:type="cDeltaString"></French>
					<Italian d:type="cDeltaString"></Italian>
					<German d:type="cDeltaString"></German>
					<Spanish d:type="cDeltaString"></Spanish>
					<Dutch d:type="cDeltaString"></Dutch>
					<Polish d:type="cDeltaString"></Polish>
					<Russian d:type="cDeltaString"></Russian>
					<Other/>
					<Key d:type="cDeltaString">eccdc806-fb0c-46be-9556-cd71fd05b304</Key>
				</Localisation-cUserLocalisedString>
			</ServiceName>
			<LocoName>
				<Localisation-cUserLocalisedString>
					<English d:type="cDeltaString">Class 313 WAGN</English>
					<French d:type="cDeltaString">Class 313 WAGN</French>
					<Italian d:type="cDeltaString">Class 313 WAGN</Italian>
					<German d:type="cDeltaString">Class 313 WAGN</German>
					<Spanish d:type="cDeltaString">Class 313 WAGN</Spanish>
					<Dutch d:type="cDeltaString">Class 313 WAGN</Dutch>
					<Polish d:type="cDeltaString">Class 313 WAGN</Polish>
					<Russian d:type="cDeltaString">Class 313 WAGN</Russian>
					<Other/>
					<Key d:type="cDeltaString">AP_TXT_313_DMSOSTH</Key>
				</Localisation-cUserLocalisedString>
			</LocoName>
			<LocoBP>
				<iBlueprintLibrary-cAbsoluteBlueprintID>
					<BlueprintSetID>
						<iBlueprintLibrary-cBlueprintSetID>
							<Provider d:type="cDeltaString">AP_Waggonz</Provider>
							<Product d:type="cDeltaString">Class313Pack01</Product>
						</iBlueprintLibrary-cBlueprintSetID>
					</BlueprintSetID>
					<BlueprintID d:type="cDeltaString">RailVehicles\Class313\WAGN\DMSOB\Class_313_DMSO - B.xml</BlueprintID>
				</iBlueprintLibrary-cAbsoluteBlueprintID>
			</LocoBP>
			<StartLocation>
				<Localisation-cUserLocalisedString>
					<English d:type="cDeltaString">Moorgate 9</English>
					<French d:type="cDeltaString"></French>
					<Italian d:type="cDeltaString"></Italian>
					<German d:type="cDeltaString"></German>
					<Spanish d:type="cDeltaString"></Spanish>
					<Dutch d:type="cDeltaString"></Dutch>
					<Polish d:type="cDeltaString"></Polish>
					<Russian d:type="cDeltaString"></Russian>
					<Other/>
					<Key d:type="cDeltaString">21492f81-8591-4c0a-9800-190e00fa9eef</Key>
				</Localisation-cUserLocalisedString>
			</StartLocation>
			<LocoClass d:type="cDeltaString">LOCO_CLASS_ELECTRIC</LocoClass>
			<LocoAuthor d:type="cDeltaString">AP_Waggonz</LocoAuthor>
			<FilePath d:type="cDeltaString">AP_Waggonz\Class313Pack01\RailVehicles\Class313\WAGN\DMSOB</FilePath>
			<Longitude d:type="sFloat64" d:alt_encoding="60631A30ADADB6BF" d:precision="string">-0.0885876</Longitude>
			<Latitude d:type="sFloat64" d:alt_encoding="A74C0F5E49C24940" d:precision="string">51.5179</Latitude>
			<Height d:type="sFloat32" d:alt_encoding="000000C081C33340" d:precision="string">19.7637</Height>
			<PlayerDriver d:type="bool">0</PlayerDriver>
		</sDriverFrontEndDetails>
		<sDriverFrontEndDetails d:id="309887480">
			<ServiceName>
				<Localisation-cUserLocalisedString>
					<English d:type="cDeltaString">2B06 10:32 Moorgate - Hertford North</English>
					<French d:type="cDeltaString"></French>
					<Italian d:type="cDeltaString"></Italian>
					<German d:type="cDeltaString"></German>
					<Spanish d:type="cDeltaString"></Spanish>
					<Dutch d:type="cDeltaString"></Dutch>
					<Polish d:type="cDeltaString"></Polish>
					<Russian d:type="cDeltaString"></Russian>
					<Other/>
					<Key d:type="cDeltaString">d2c045e9-fcff-4e88-9cdd-9c5566a5bf7c</Key>
				</Localisation-cUserLocalisedString>
			</ServiceName>
			<LocoName>
				<Localisation-cUserLocalisedString>
					<English d:type="cDeltaString">Class 313 WAGN</English>
					<French d:type="cDeltaString">Class 313 WAGN</French>
					<Italian d:type="cDeltaString">Class 313 WAGN</Italian>
					<German d:type="cDeltaString">Class 313 WAGN</German>
					<Spanish d:type="cDeltaString">Class 313 WAGN</Spanish>
					<Dutch d:type="cDeltaString">Class 313 WAGN</Dutch>
					<Polish d:type="cDeltaString">Class 313 WAGN</Polish>
					<Russian d:type="cDeltaString">Class 313 WAGN</Russian>
					<Other/>
					<Key d:type="cDeltaString">AP_TXT_313_DMSOSTH</Key>
				</Localisation-cUserLocalisedString>
			</LocoName>
			<LocoBP>
				<iBlueprintLibrary-cAbsoluteBlueprintID>
					<BlueprintSetID>
						<iBlueprintLibrary-cBlueprintSetID>
							<Provider d:type="cDeltaString">AP_Waggonz</Provider>
							<Product d:type="cDeltaString">Class313Pack01</Product>
						</iBlueprintLibrary-cBlueprintSetID>
					</BlueprintSetID>
					<BlueprintID d:type="cDeltaString">RailVehicles\Class313\WAGN\DMSOB\Class_313_DMSO - B.xml</BlueprintID>
				</iBlueprintLibrary-cAbsoluteBlueprintID>
			</LocoBP>
			<StartLocation>
				<Localisation-cUserLocalisedString>
					<English d:type="cDeltaString">Moorgate 10</English>
					<French d:type="cDeltaString"></French>
					<Italian d:type="cDeltaString"></Italian>
					<German d:type="cDeltaString"></German>
					<Spanish d:type="cDeltaString"></Spanish>
					<Dutch d:type="cDeltaString"></Dutch>
					<Polish d:type="cDeltaString"></Polish>
					<Russian d:type="cDeltaString"></Russian>
					<Other/>
					<Key d:type="cDeltaString">c2016d80-081b-4975-b394-f6036ef87976</Key>
				</Localisation-cUserLocalisedString>
			</StartLocation>
			<LocoClass d:type="cDeltaString">LOCO_CLASS_ELECTRIC</LocoClass>
			<LocoAuthor d:type="cDeltaString">AP_Waggonz</LocoAuthor>
			<FilePath d:type="cDeltaString">AP_Waggonz\Class313Pack01\RailVehicles\Class313\WAGN\DMSOB</FilePath>
			<Longitude d:type="sFloat64" d:alt_encoding="80E67C5D5BA5B6BF" d:precision="string">-0.0884606</Longitude>
			<Latitude d:type="sFloat64" d:alt_encoding="681607EE42C24940" d:precision="string">51.5177</Latitude>
			<Height d:type="sFloat32" d:alt_encoding="000000C081C33340" d:precision="string">19.7637</Height>
			<PlayerDriver d:type="bool">0</PlayerDriver>
		</sDriverFrontEndDetails>
		<sDriverFrontEndDetails d:id="309887072">
			<ServiceName>
				<Localisation-cUserLocalisedString>
					<English d:type="cDeltaString">1D29 10:33 King&apos;s Cross - Leeds</English>
					<French d:type="cDeltaString"></French>
					<Italian d:type="cDeltaString"></Italian>
					<German d:type="cDeltaString"></German>
					<Spanish d:type="cDeltaString"></Spanish>
					<Dutch d:type="cDeltaString"></Dutch>
					<Polish d:type="cDeltaString"></Polish>
					<Russian d:type="cDeltaString"></Russian>
					<Other/>
					<Key d:type="cDeltaString">7808adef-3095-4b7e-b42a-82747960e69c</Key>
				</Localisation-cUserLocalisedString>
			</ServiceName>
			<LocoName>
				<Localisation-cUserLocalisedString>
					<English d:type="cDeltaString">IC225 Class 91 GNER AP</English>
					<French d:type="cDeltaString"></French>
					<Italian d:type="cDeltaString"></Italian>
					<German d:type="cDeltaString"></German>
					<Spanish d:type="cDeltaString"></Spanish>
					<Dutch d:type="cDeltaString"></Dutch>
					<Polish d:type="cDeltaString"></Polish>
					<Russian d:type="cDeltaString"></Russian>
					<Other/>
					<Key d:type="cDeltaString">RS_TXT_CL91_ICS</Key>
				</Localisation-cUserLocalisedString>
			</LocoName>
			<LocoBP>
				<iBlueprintLibrary-cAbsoluteBlueprintID>
					<BlueprintSetID>
						<iBlueprintLibrary-cBlueprintSetID>
							<Provider d:type="cDeltaString">RSC</Provider>
							<Product d:type="cDeltaString">Class91Addon</Product>
						</iBlueprintLibrary-cBlueprintSetID>
					</BlueprintSetID>
					<BlueprintID d:type="cDeltaString">RailVehicles\Electric\Class 91\GNER_AP\Engine\Class91.xml</BlueprintID>
				</iBlueprintLibrary-cAbsoluteBlueprintID>
			</LocoBP>
			<StartLocation>
				<Localisation-cUserLocalisedString>
					<English d:type="cDeltaString">Kings Cross Platform 1</English>
					<French d:type="cDeltaString"></French>
					<Italian d:type="cDeltaString"></Italian>
					<German d:type="cDeltaString"></German>
					<Spanish d:type="cDeltaString"></Spanish>
					<Dutch d:type="cDeltaString"></Dutch>
					<Polish d:type="cDeltaString"></Polish>
					<Russian d:type="cDeltaString"></Russian>
					<Other/>
					<Key d:type="cDeltaString">a4a0bca6-8bf1-47d5-a216-6ca795f7e17a</Key>
				</Localisation-cUserLocalisedString>
			</StartLocation>
			<LocoClass d:type="cDeltaString">LOCO_CLASS_DIESEL</LocoClass>
			<LocoAuthor d:type="cDeltaString">RSC</LocoAuthor>
			<FilePath d:type="cDeltaString">RSC\Class91Addon\RailVehicles\Electric\Class 91\GNER_AP\Engine</FilePath>
			<Longitude d:type="sFloat64" d:alt_encoding="00807D3C3E81BFBF" d:precision="string">-0.123066</Longitude>
			<Latitude d:type="sFloat64" d:alt_encoding="F1BBFEF9FDC34940" d:precision="string">51.5312</Latitude>
			<Height d:type="sFloat32" d:alt_encoding="000000600A3E2C40" d:precision="string">14.1212</Height>
			<PlayerDriver d:type="bool">0</PlayerDriver>
		</sDriverFrontEndDetails>
		<sDriverFrontEndDetails d:id="309887344">
			<ServiceName>
				<Localisation-cUserLocalisedString>
					<English d:type="cDeltaString">1S20 10:30 King&apos;s Cross - Aberdeen</English>
					<French d:type="cDeltaString"></French>
					<Italian d:type="cDeltaString"></Italian>
					<German d:type="cDeltaString"></German>
					<Spanish d:type="cDeltaString"></Spanish>
					<Dutch d:type="cDeltaString"></Dutch>
					<Polish d:type="cDeltaString"></Polish>
					<Russian d:type="cDeltaString"></Russian>
					<Other/>
					<Key d:type="cDeltaString">dabaf64f-47d6-4b95-8b15-fa04758c7920</Key>
				</Localisation-cUserLocalisedString>
			</ServiceName>
			<LocoName>
				<Localisation-cUserLocalisedString>
					<English d:type="cDeltaString">High Speed Train GNER AP</English>
					<French d:type="cDeltaString"></French>
					<Italian d:type="cDeltaString"></Italian>
					<German d:type="cDeltaString"></German>
					<Spanish d:type="cDeltaString"></Spanish>
					<Dutch d:type="cDeltaString"></Dutch>
					<Polish d:type="cDeltaString"></Polish>
					<Russian d:type="cDeltaString"></Russian>
					<Other/>
					<Key d:type="cDeltaString">1aeb93c5-79bf-4e88-b0f0-aedd941d3a46</Key>
				</Localisation-cUserLocalisedString>
			</LocoName>
			<LocoBP>
				<iBlueprintLibrary-cAbsoluteBlueprintID>
					<BlueprintSetID>
						<iBlueprintLibrary-cBlueprintSetID>
							<Provider d:type="cDeltaString">Kuju</Provider>
							<Product d:type="cDeltaString">RailSimulator</Product>
						</iBlueprintLibrary-cBlueprintSetID>
					</BlueprintSetID>
					<BlueprintID d:type="cDeltaString">RailVehicles\Diesel\HST\GNER_AP\Class43\class43.xml</BlueprintID>
				</iBlueprintLibrary-cAbsoluteBlueprintID>
			</LocoBP>
			<StartLocation>
				<Localisation-cUserLocalisedString>
					<English d:type="cDeltaString">Kings Cross Platform 4</English>
					<French d:type="cDeltaString"></French>
					<Italian d:type="cDeltaString"></Italian>
					<German d:type="cDeltaString"></German>
					<Spanish d:type="cDeltaString"></Spanish>
					<Dutch d:type="cDeltaString"></Dutch>
					<Polish d:type="cDeltaString"></Polish>
					<Russian d:type="cDeltaString"></Russian>
					<Other/>
					<Key d:type="cDeltaString">59dbdd72-da18-4884-aa48-463b30f08ee7</Key>
				</Localisation-cUserLocalisedString>
			</StartLocation>
			<LocoClass d:type="cDeltaString">LOCO_CLASS_DIESEL</LocoClass>
			<LocoAuthor d:type="cDeltaString">Kuju</LocoAuthor>
			<FilePath d:type="cDeltaString">Kuju\RailSimulator\RailVehicles\Diesel\HST\GNER_AP\Class43</FilePath>
			<Longitude d:type="sFloat64" d:alt_encoding="A00D1A994292BFBF" d:precision="string">-0.123326</Longitude>
			<Latitude d:type="sFloat64" d:alt_encoding="5F7F88A1FDC34940" d:precision="string">51.5312</Latitude>
			<Height d:type="sFloat32" d:alt_encoding="000000600A3E2C40" d:precision="string">14.1212</Height>
			<PlayerDriver d:type="bool">0</PlayerDriver>
		</sDriverFrontEndDetails>
		<sDriverFrontEndDetails d:id="309887208">
			<ServiceName>
				<Localisation-cUserLocalisedString>
					<English d:type="cDeltaString">2V10 10:22 Moorgate - Welwyn Garden City</English>
					<French d:type="cDeltaString"></French>
					<Italian d:type="cDeltaString"></Italian>
					<German d:type="cDeltaString"></German>
					<Spanish d:type="cDeltaString"></Spanish>
					<Dutch d:type="cDeltaString"></Dutch>
					<Polish d:type="cDeltaString"></Polish>
					<Russian d:type="cDeltaString"></Russian>
					<Other/>
					<Key d:type="cDeltaString">97f2a555-da54-4e48-933e-c930eb0bc826</Key>
				</Localisation-cUserLocalisedString>
			</ServiceName>
			<LocoName>
				<Localisation-cUserLocalisedString>
					<English d:type="cDeltaString">Class 313 WAGN</English>
					<French d:type="cDeltaString">Class 313 WAGN</French>
					<Italian d:type="cDeltaString">Class 313 WAGN</Italian>
					<German d:type="cDeltaString">Class 313 WAGN</German>
					<Spanish d:type="cDeltaString">Class 313 WAGN</Spanish>
					<Dutch d:type="cDeltaString">Class 313 WAGN</Dutch>
					<Polish d:type="cDeltaString">Class 313 WAGN</Polish>
					<Russian d:type="cDeltaString">Class 313 WAGN</Russian>
					<Other/>
					<Key d:type="cDeltaString">AP_TXT_313_DMSOSTH</Key>
				</Localisation-cUserLocalisedString>
			</LocoName>
			<LocoBP>
				<iBlueprintLibrary-cAbsoluteBlueprintID>
					<BlueprintSetID>
						<iBlueprintLibrary-cBlueprintSetID>
							<Provider d:type="cDeltaString">AP_Waggonz</Provider>
							<Product d:type="cDeltaString">Class313Pack01</Product>
						</iBlueprintLibrary-cBlueprintSetID>
					</BlueprintSetID>
					<BlueprintID d:type="cDeltaString">RailVehicles\Class313\WAGN\DMSOB\Class_313_DMSO - B.xml</BlueprintID>
				</iBlueprintLibrary-cAbsoluteBlueprintID>
			</LocoBP>
			<StartLocation>
				<Localisation-cUserLocalisedString>
					<English d:type="cDeltaString">Finsbury Park Platform 6</English>
					<French d:type="cDeltaString"></French>
					<Italian d:type="cDeltaString"></Italian>
					<German d:type="cDeltaString"></German>
					<Spanish d:type="cDeltaString"></Spanish>
					<Dutch d:type="cDeltaString"></Dutch>
					<Polish d:type="cDeltaString"></Polish>
					<Russian d:type="cDeltaString"></Russian>
					<Other/>
					<Key d:type="cDeltaString">2814b956-20f8-4e48-af8c-6f8995bcd2dd</Key>
				</Localisation-cUserLocalisedString>
			</StartLocation>
			<LocoClass d:type="cDeltaString">LOCO_CLASS_ELECTRIC</LocoClass>
			<LocoAuthor d:type="cDeltaString">AP_Waggonz</LocoAuthor>
			<FilePath d:type="cDeltaString">AP_Waggonz\Class313Pack01\RailVehicles\Class313\WAGN\DMSOB</FilePath>
			<Longitude d:type="sFloat64" d:alt_encoding="00DE5FFF0F5CBBBF" d:precision="string">-0.106874</Longitude>
			<Latitude d:type="sFloat64" d:alt_encoding="CAE3D75546C84940" d:precision="string">51.5646</Latitude>
			<Height d:type="sFloat32" d:alt_encoding="00000020A51A4240" d:precision="string">36.2082</Height>
			<PlayerDriver d:type="bool">0</PlayerDriver>
		</sDriverFrontEndDetails>
		<sDriverFrontEndDetails d:id="309887140">
			<ServiceName>
				<Localisation-cUserLocalisedString>
					<English d:type="cDeltaString">1P28 10:21 King&apos;s Cross - Peterborough</English>
					<French d:type="cDeltaString"></French>
					<Italian d:type="cDeltaString"></Italian>
					<German d:type="cDeltaString"></German>
					<Spanish d:type="cDeltaString"></Spanish>
					<Dutch d:type="cDeltaString"></Dutch>
					<Polish d:type="cDeltaString"></Polish>
					<Russian d:type="cDeltaString"></Russian>
					<Other/>
					<Key d:type="cDeltaString">899f88c8-58dd-465c-a07d-75accb2e7984</Key>
				</Localisation-cUserLocalisedString>
			</ServiceName>
			<LocoName>
				<Localisation-cUserLocalisedString>
					<English d:type="cDeltaString">Class 365 Network SouthEast AP</English>
					<French d:type="cDeltaString"></French>
					<Italian d:type="cDeltaString"></Italian>
					<German d:type="cDeltaString"></German>
					<Spanish d:type="cDeltaString"></Spanish>
					<Dutch d:type="cDeltaString"></Dutch>
					<Polish d:type="cDeltaString"></Polish>
					<Russian d:type="cDeltaString"></Russian>
					<Other/>
					<Key d:type="cDeltaString">b8065f9c-0b4e-439f-a3ee-e82ea10b542a</Key>
				</Localisation-cUserLocalisedString>
			</LocoName>
			<LocoBP>
				<iBlueprintLibrary-cAbsoluteBlueprintID>
					<BlueprintSetID>
						<iBlueprintLibrary-cBlueprintSetID>
							<Provider d:type="cDeltaString">RSC</Provider>
							<Product d:type="cDeltaString">ECMLS</Product>
						</iBlueprintLibrary-cBlueprintSetID>
					</BlueprintSetID>
					<BlueprintID d:type="cDeltaString">RailVehicles\Electric\Class365\Class365\NSE_AP\Class365_DMOC_B.xml</BlueprintID>
				</iBlueprintLibrary-cAbsoluteBlueprintID>
			</LocoBP>
			<StartLocation>
				<Localisation-cUserLocalisedString>
					<English d:type="cDeltaString">Finsbury Park Platform 4 and 5</English>
					<French d:type="cDeltaString"></French>
					<Italian d:type="cDeltaString"></Italian>
					<German d:type="cDeltaString"></German>
					<Spanish d:type="cDeltaString"></Spanish>
					<Dutch d:type="cDeltaString"></Dutch>
					<Polish d:type="cDeltaString"></Polish>
					<Russian d:type="cDeltaString"></Russian>
					<Other/>
					<Key d:type="cDeltaString">99b02d5f-c345-4777-8759-b321fdc83e64</Key>
				</Localisation-cUserLocalisedString>
			</StartLocation>
			<LocoClass d:type="cDeltaString">LOCO_CLASS_ELECTRIC</LocoClass>
			<LocoAuthor d:type="cDeltaString">RSC</LocoAuthor>
			<FilePath d:type="cDeltaString">RSC\ECMLS\RailVehicles\Electric\Class365\Class365\NSE_AP</FilePath>
			<Longitude d:type="sFloat64" d:alt_encoding="E04057772F51BBBF" d:precision="string">-0.106708</Longitude>
			<Latitude d:type="sFloat64" d:alt_encoding="899D5D3C3CC84940" d:precision="string">51.5643</Latitude>
			<Height d:type="sFloat32" d:alt_encoding="000000E03C114240" d:precision="string">36.1347</Height>
			<PlayerDriver d:type="bool">0</PlayerDriver>
		</sDriverFrontEndDetails>
		<sDriverFrontEndDetails d:id="309887276">
			<ServiceName>
				<Localisation-cUserLocalisedString>
					<English d:type="cDeltaString">1T02 08:59 King&apos;s Lynn - King&apos;s Cross</English>
					<French d:type="cDeltaString"></French>
					<Italian d:type="cDeltaString"></Italian>
					<German d:type="cDeltaString"></German>
					<Spanish d:type="cDeltaString"></Spanish>
					<Dutch d:type="cDeltaString"></Dutch>
					<Polish d:type="cDeltaString"></Polish>
					<Russian d:type="cDeltaString"></Russian>
					<Other/>
					<Key d:type="cDeltaString">d2970da6-42fa-4c4d-89c5-e97d14c4920e</Key>
				</Localisation-cUserLocalisedString>
			</ServiceName>
			<LocoName>
				<Localisation-cUserLocalisedString>
					<English d:type="cDeltaString">Class 365 Network SouthEast AP</English>
					<French d:type="cDeltaString"></French>
					<Italian d:type="cDeltaString"></Italian>
					<German d:type="cDeltaString"></German>
					<Spanish d:type="cDeltaString"></Spanish>
					<Dutch d:type="cDeltaString"></Dutch>
					<Polish d:type="cDeltaString"></Polish>
					<Russian d:type="cDeltaString"></Russian>
					<Other/>
					<Key d:type="cDeltaString">b54ab144-0615-4a06-8851-cf1023dc891f</Key>
				</Localisation-cUserLocalisedString>
			</LocoName>
			<LocoBP>
				<iBlueprintLibrary-cAbsoluteBlueprintID>
					<BlueprintSetID>
						<iBlueprintLibrary-cBlueprintSetID>
							<Provider d:type="cDeltaString">RSC</Provider>
							<Product d:type="cDeltaString">ECMLS</Product>
						</iBlueprintLibrary-cBlueprintSetID>
					</BlueprintSetID>
					<BlueprintID d:type="cDeltaString">RailVehicles\Electric\Class365\Class365\NSE_AP\Class365_DMOC_A.xml</BlueprintID>
				</iBlueprintLibrary-cAbsoluteBlueprintID>
			</LocoBP>
			<StartLocation>
				<Localisation-cUserLocalisedString>
					<English d:type="cDeltaString"></English>
					<French d:type="cDeltaString"></French>
					<Italian d:type="cDeltaString"></Italian>
					<German d:type="cDeltaString"></German>
					<Spanish d:type="cDeltaString"></Spanish>
					<Dutch d:type="cDeltaString"></Dutch>
					<Polish d:type="cDeltaString"></Polish>
					<Russian d:type="cDeltaString"></Russian>
					<Other/>
					<Key d:type="cDeltaString">bce859fb-a00d-4a32-aba3-48e224afe438</Key>
				</Localisation-cUserLocalisedString>
			</StartLocation>
			<LocoClass d:type="cDeltaString">LOCO_CLASS_ELECTRIC</LocoClass>
			<LocoAuthor d:type="cDeltaString">RSC</LocoAuthor>
			<FilePath d:type="cDeltaString">RSC\ECMLS\RailVehicles\Electric\Class365\Class365\NSE_AP</FilePath>
			<Longitude d:type="sFloat64" d:alt_encoding="F0E8B616AF9DC7BF" d:precision="string">-0.1845</Longitude>
			<Latitude d:type="sFloat64" d:alt_encoding="07585EFB3BED4940" d:precision="string">51.8534</Latitude>
			<Height d:type="sFloat32" d:alt_encoding="000000E0310C5A40" d:precision="string">104.191</Height>
			<PlayerDriver d:type="bool">0</PlayerDriver>
		</sDriverFrontEndDetails>
		<sDriverFrontEndDetails d:id="309887684">
			<ServiceName>
				<Localisation-cUserLocalisedString>
					<English d:type="cDeltaString">1C02 10:15 King&apos;s Cross - Cambridge</English>
					<French d:type="cDeltaString"></French>
					<Italian d:type="cDeltaString"></Italian>
					<German d:type="cDeltaString"></German>
					<Spanish d:type="cDeltaString"></Spanish>
					<Dutch d:type="cDeltaString"></Dutch>
					<Polish d:type="cDeltaString"></Polish>
					<Russian d:type="cDeltaString"></Russian>
					<Other/>
					<Key d:type="cDeltaString">35a81b20-da41-4f71-a8d9-a52007e2e611</Key>
				</Localisation-cUserLocalisedString>
			</ServiceName>
			<LocoName>
				<Localisation-cUserLocalisedString>
					<English d:type="cDeltaString">Class 365 Network SouthEast AP</English>
					<French d:type="cDeltaString"></French>
					<Italian d:type="cDeltaString"></Italian>
					<German d:type="cDeltaString"></German>
					<Spanish d:type="cDeltaString"></Spanish>
					<Dutch d:type="cDeltaString"></Dutch>
					<Polish d:type="cDeltaString"></Polish>
					<Russian d:type="cDeltaString"></Russian>
					<Other/>
					<Key d:type="cDeltaString">509e4993-d8d4-4b31-85a6-80ed0b962864</Key>
				</Localisation-cUserLocalisedString>
			</LocoName>
			<LocoBP>
				<iBlueprintLibrary-cAbsoluteBlueprintID>
					<BlueprintSetID>
						<iBlueprintLibrary-cBlueprintSetID>
							<Provider d:type="cDeltaString">RSC</Provider>
							<Product d:type="cDeltaString">ECMLS</Product>
						</iBlueprintLibrary-cBlueprintSetID>
					</BlueprintSetID>
					<BlueprintID d:type="cDeltaString">RailVehicles\Electric\Class365\Class365\NSE_AP\Class365_DMOC_B.xml</BlueprintID>
				</iBlueprintLibrary-cAbsoluteBlueprintID>
			</LocoBP>
			<StartLocation>
				<Localisation-cUserLocalisedString>
					<English d:type="cDeltaString"></English>
					<French d:type="cDeltaString"></French>
					<Italian d:type="cDeltaString"></Italian>
					<German d:type="cDeltaString"></German>
					<Spanish d:type="cDeltaString"></Spanish>
					<Dutch d:type="cDeltaString"></Dutch>
					<Polish d:type="cDeltaString"></Polish>
					<Russian d:type="cDeltaString"></Russian>
					<Other/>
					<Key d:type="cDeltaString">771b5aa8-9d9a-496d-8473-c356f93e02f2</Key>
				</Localisation-cUserLocalisedString>
			</StartLocation>
			<LocoClass d:type="cDeltaString">LOCO_CLASS_ELECTRIC</LocoClass>
			<LocoAuthor d:type="cDeltaString">RSC</LocoAuthor>
			<FilePath d:type="cDeltaString">RSC\ECMLS\RailVehicles\Electric\Class365\Class365\NSE_AP</FilePath>
			<Longitude d:type="sFloat64" d:alt_encoding="A04D6CDC36BBBDBF" d:precision="string">-0.116138</Longitude>
			<Latitude d:type="sFloat64" d:alt_encoding="56BD7DD2D8CB4940" d:precision="string">51.5926</Latitude>
			<Height d:type="sFloat32" d:alt_encoding="000000806F834140" d:precision="string">35.0268</Height>
			<PlayerDriver d:type="bool">0</PlayerDriver>
		</sDriverFrontEndDetails>
		<sDriverFrontEndDetails d:id="309887548">
			<ServiceName>
				<Localisation-cUserLocalisedString>
					<English d:type="cDeltaString">2V09 10:02 Moorgate - Welwyn Garden City</English>
					<French d:type="cDeltaString"></French>
					<Italian d:type="cDeltaString"></Italian>
					<German d:type="cDeltaString"></German>
					<Spanish d:type="cDeltaString"></Spanish>
					<Dutch d:type="cDeltaString"></Dutch>
					<Polish d:type="cDeltaString"></Polish>
					<Russian d:type="cDeltaString"></Russian>
					<Other/>
					<Key d:type="cDeltaString">de841f85-1d05-4433-b109-3c54b30374e4</Key>
				</Localisation-cUserLocalisedString>
			</ServiceName>
			<LocoName>
				<Localisation-cUserLocalisedString>
					<English d:type="cDeltaString">Class 313 WAGN</English>
					<French d:type="cDeltaString">Class 313 WAGN</French>
					<Italian d:type="cDeltaString">Class 313 WAGN</Italian>
					<German d:type="cDeltaString">Class 313 WAGN</German>
					<Spanish d:type="cDeltaString">Class 313 WAGN</Spanish>
					<Dutch d:type="cDeltaString">Class 313 WAGN</Dutch>
					<Polish d:type="cDeltaString">Class 313 WAGN</Polish>
					<Russian d:type="cDeltaString">Class 313 WAGN</Russian>
					<Other/>
					<Key d:type="cDeltaString">AP_TXT_313_DMSOSTH</Key>
				</Localisation-cUserLocalisedString>
			</LocoName>
			<LocoBP>
				<iBlueprintLibrary-cAbsoluteBlueprintID>
					<BlueprintSetID>
						<iBlueprintLibrary-cBlueprintSetID>
							<Provider d:type="cDeltaString">AP_Waggonz</Provider>
							<Product d:type="cDeltaString">Class313Pack01</Product>
						</iBlueprintLibrary-cBlueprintSetID>
					</BlueprintSetID>
					<BlueprintID d:type="cDeltaString">RailVehicles\Class313\WAGN\DMSOB\Class_313_DMSO - B.xml</BlueprintID>
				</iBlueprintLibrary-cAbsoluteBlueprintID>
			</LocoBP>
			<StartLocation>
				<Localisation-cUserLocalisedString>
					<English d:type="cDeltaString"></English>
					<French d:type="cDeltaString"></French>
					<Italian d:type="cDeltaString"></Italian>
					<German d:type="cDeltaString"></German>
					<Spanish d:type="cDeltaString"></Spanish>
					<Dutch d:type="cDeltaString"></Dutch>
					<Polish d:type="cDeltaString"></Polish>
					<Russian d:type="cDeltaString"></Russian>
					<Other/>
					<Key d:type="cDeltaString">bffe38eb-51f8-4848-962c-7db76b519359</Key>
				</Localisation-cUserLocalisedString>
			</StartLocation>
			<LocoClass d:type="cDeltaString">LOCO_CLASS_ELECTRIC</LocoClass>
			<LocoAuthor d:type="cDeltaString">AP_Waggonz</LocoAuthor>
			<FilePath d:type="cDeltaString">AP_Waggonz\Class313Pack01\RailVehicles\Class313\WAGN\DMSOB</FilePath>
			<Longitude d:type="sFloat64" d:alt_encoding="802D069CACB9BDBF" d:precision="string">-0.116114</Longitude>
			<Latitude d:type="sFloat64" d:alt_encoding="A03CDE0AD5CB4940" d:precision="string">51.5924</Latitude>
			<Height d:type="sFloat32" d:alt_encoding="000000E0527A4140" d:precision="string">34.9557</Height>
			<PlayerDriver d:type="bool">0</PlayerDriver>
		</sDriverFrontEndDetails>
		<sDriverFrontEndDetails d:id="294373282">
			<ServiceName>
				<Localisation-cUserLocalisedString>
					<English d:type="cDeltaString">1C85 09:31 Cambridge - King&apos;s Cross</English>
					<French d:type="cDeltaString"></French>
					<Italian d:type="cDeltaString"></Italian>
					<German d:type="cDeltaString"></German>
					<Spanish d:type="cDeltaString"></Spanish>
					<Dutch d:type="cDeltaString"></Dutch>
					<Polish d:type="cDeltaString"></Polish>
					<Russian d:type="cDeltaString"></Russian>
					<Other/>
					<Key d:type="cDeltaString">6f1d2752-411d-408e-8d9b-d34680f1dc68</Key>
				</Localisation-cUserLocalisedString>
			</ServiceName>
			<LocoName>
				<Localisation-cUserLocalisedString>
					<English d:type="cDeltaString">Class 365 Network SouthEast AP</English>
					<French d:type="cDeltaString"></French>
					<Italian d:type="cDeltaString"></Italian>
					<German d:type="cDeltaString"></German>
					<Spanish d:type="cDeltaString"></Spanish>
					<Dutch d:type="cDeltaString"></Dutch>
					<Polish d:type="cDeltaString"></Polish>
					<Russian d:type="cDeltaString"></Russian>
					<Other/>
					<Key d:type="cDeltaString">fb5452ff-eafe-439e-a72b-954efff51bc4</Key>
				</Localisation-cUserLocalisedString>
			</LocoName>
			<LocoBP>
				<iBlueprintLibrary-cAbsoluteBlueprintID>
					<BlueprintSetID>
						<iBlueprintLibrary-cBlueprintSetID>
							<Provider d:type="cDeltaString">RSC</Provider>
							<Product d:type="cDeltaString">ECMLS</Product>
						</iBlueprintLibrary-cBlueprintSetID>
					</BlueprintSetID>
					<BlueprintID d:type="cDeltaString">RailVehicles\Electric\Class365\Class365\NSE_AP\Class365_DMOC_A.xml</BlueprintID>
				</iBlueprintLibrary-cAbsoluteBlueprintID>
			</LocoBP>
			<StartLocation>
				<Localisation-cUserLocalisedString>
					<English d:type="cDeltaString"></English>
					<French d:type="cDeltaString"></French>
					<Italian d:type="cDeltaString"></Italian>
					<German d:type="cDeltaString"></German>
					<Spanish d:type="cDeltaString"></Spanish>
					<Dutch d:type="cDeltaString"></Dutch>
					<Polish d:type="cDeltaString"></Polish>
					<Russian d:type="cDeltaString"></Russian>
					<Other/>
					<Key d:type="cDeltaString">c73ec923-5822-43a8-9ecf-b7ee41ffe39b</Key>
				</Localisation-cUserLocalisedString>
			</StartLocation>
			<LocoClass d:type="cDeltaString">LOCO_CLASS_ELECTRIC</LocoClass>
			<LocoAuthor d:type="cDeltaString">RSC</LocoAuthor>
			<FilePath d:type="cDeltaString">RSC\ECMLS\RailVehicles\Electric\Class365\Class365\NSE_AP</FilePath>
			<Longitude d:type="sFloat64" d:alt_encoding="10B244CC9887C7BF" d:precision="string">-0.183826</Longitude>
			<Latitude d:type="sFloat64" d:alt_encoding="BD60D38E92EB4940" d:precision="string">51.8404</Latitude>
			<Height d:type="sFloat32" d:alt_encoding="00000060C0AA5940" d:precision="string">102.668</Height>
			<PlayerDriver d:type="bool">0</PlayerDriver>
		</sDriverFrontEndDetails>
		<sDriverFrontEndDetails d:id="294373826">
			<ServiceName>
				<Localisation-cUserLocalisedString>
					<English d:type="cDeltaString">2C04 10:06 King&apos;s Cross - Cambridge</English>
					<French d:type="cDeltaString"></French>
					<Italian d:type="cDeltaString"></Italian>
					<German d:type="cDeltaString"></German>
					<Spanish d:type="cDeltaString"></Spanish>
					<Dutch d:type="cDeltaString"></Dutch>
					<Polish d:type="cDeltaString"></Polish>
					<Russian d:type="cDeltaString"></Russian>
					<Other/>
					<Key d:type="cDeltaString">6e175e76-f54e-440a-a418-6cbc7ea2ff33</Key>
				</Localisation-cUserLocalisedString>
			</ServiceName>
			<LocoName>
				<Localisation-cUserLocalisedString>
					<English d:type="cDeltaString">Class 317 WAGN Revised</English>
					<French d:type="cDeltaString"></French>
					<Italian d:type="cDeltaString"></Italian>
					<German d:type="cDeltaString"></German>
					<Spanish d:type="cDeltaString"></Spanish>
					<Dutch d:type="cDeltaString"></Dutch>
					<Polish d:type="cDeltaString"></Polish>
					<Russian d:type="cDeltaString"></Russian>
					<Other/>
					<Key d:type="cDeltaString">1e92d486-1020-4343-91af-86ec07c6711c</Key>
				</Localisation-cUserLocalisedString>
			</LocoName>
			<LocoBP>
				<iBlueprintLibrary-cAbsoluteBlueprintID>
					<BlueprintSetID>
						<iBlueprintLibrary-cBlueprintSetID>
							<Provider d:type="cDeltaString">AP</Provider>
							<Product d:type="cDeltaString">Class317Pack01</Product>
						</iBlueprintLibrary-cBlueprintSetID>
					</BlueprintSetID>
					<BlueprintID d:type="cDeltaString">RailVehicles\Class317_1\Liveries\WAGN\DTSO\Class317_DTSOB.xml</BlueprintID>
				</iBlueprintLibrary-cAbsoluteBlueprintID>
			</LocoBP>
			<StartLocation>
				<Localisation-cUserLocalisedString>
					<English d:type="cDeltaString">Alexandra Palace Platform 3</English>
					<French d:type="cDeltaString"></French>
					<Italian d:type="cDeltaString"></Italian>
					<German d:type="cDeltaString"></German>
					<Spanish d:type="cDeltaString"></Spanish>
					<Dutch d:type="cDeltaString"></Dutch>
					<Polish d:type="cDeltaString"></Polish>
					<Russian d:type="cDeltaString"></Russian>
					<Other/>
					<Key d:type="cDeltaString">072c7203-8449-41ce-9969-0779a5907e01</Key>
				</Localisation-cUserLocalisedString>
			</StartLocation>
			<LocoClass d:type="cDeltaString">LOCO_CLASS_ELECTRIC</LocoClass>
			<LocoAuthor d:type="cDeltaString">AP</LocoAuthor>
			<FilePath d:type="cDeltaString">AP\Class317Pack01\RailVehicles\Class317_1\Liveries\WAGN\DTSO</FilePath>
			<Longitude d:type="sFloat64" d:alt_encoding="00DF81DFD2E4BEBF" d:precision="string">-0.120679</Longitude>
			<Latitude d:type="sFloat64" d:alt_encoding="542A3EC38ACC4940" d:precision="string">51.598</Latitude>
			<Height d:type="sFloat32" d:alt_encoding="000000806C384340" d:precision="string">38.4408</Height>
			<PlayerDriver d:type="bool">0</PlayerDriver>
		</sDriverFrontEndDetails>
		<sDriverFrontEndDetails d:id="294373214">
			<ServiceName>
				<Localisation-cUserLocalisedString>
					<English d:type="cDeltaString">1D28 10:05 King&apos;s Cross - Leeds</English>
					<French d:type="cDeltaString"></French>
					<Italian d:type="cDeltaString"></Italian>
					<German d:type="cDeltaString"></German>
					<Spanish d:type="cDeltaString"></Spanish>
					<Dutch d:type="cDeltaString"></Dutch>
					<Polish d:type="cDeltaString"></Polish>
					<Russian d:type="cDeltaString"></Russian>
					<Other/>
					<Key d:type="cDeltaString">35fcd62e-77c0-4a93-954c-d49804a3b323</Key>
				</Localisation-cUserLocalisedString>
			</ServiceName>
			<LocoName>
				<Localisation-cUserLocalisedString>
					<English d:type="cDeltaString">IC225 Class 91 GNER AP</English>
					<French d:type="cDeltaString"></French>
					<Italian d:type="cDeltaString"></Italian>
					<German d:type="cDeltaString"></German>
					<Spanish d:type="cDeltaString"></Spanish>
					<Dutch d:type="cDeltaString"></Dutch>
					<Polish d:type="cDeltaString"></Polish>
					<Russian d:type="cDeltaString"></Russian>
					<Other/>
					<Key d:type="cDeltaString">RS_TXT_CL91_ICS</Key>
				</Localisation-cUserLocalisedString>
			</LocoName>
			<LocoBP>
				<iBlueprintLibrary-cAbsoluteBlueprintID>
					<BlueprintSetID>
						<iBlueprintLibrary-cBlueprintSetID>
							<Provider d:type="cDeltaString">RSC</Provider>
							<Product d:type="cDeltaString">Class91Addon</Product>
						</iBlueprintLibrary-cBlueprintSetID>
					</BlueprintSetID>
					<BlueprintID d:type="cDeltaString">RailVehicles\Electric\Class 91\GNER_AP\Engine\Class91.xml</BlueprintID>
				</iBlueprintLibrary-cAbsoluteBlueprintID>
			</LocoBP>
			<StartLocation>
				<Localisation-cUserLocalisedString>
					<English d:type="cDeltaString">Alexandra Palace Down Fast</English>
					<French d:type="cDeltaString"></French>
					<Italian d:type="cDeltaString"></Italian>
					<German d:type="cDeltaString"></German>
					<Spanish d:type="cDeltaString"></Spanish>
					<Dutch d:type="cDeltaString"></Dutch>
					<Polish d:type="cDeltaString"></Polish>
					<Russian d:type="cDeltaString"></Russian>
					<Other/>
					<Key d:type="cDeltaString">db160874-fef0-4304-9ebd-6e0ca95daad3</Key>
				</Localisation-cUserLocalisedString>
			</StartLocation>
			<LocoClass d:type="cDeltaString">LOCO_CLASS_DIESEL</LocoClass>
			<LocoAuthor d:type="cDeltaString">RSC</LocoAuthor>
			<FilePath d:type="cDeltaString">RSC\Class91Addon\RailVehicles\Electric\Class 91\GNER_AP\Engine</FilePath>
			<Longitude d:type="sFloat64" d:alt_encoding="C0F5C41D4497BEBF" d:precision="string">-0.119496</Longitude>
			<Latitude d:type="sFloat64" d:alt_encoding="BA0143A663CC4940" d:precision="string">51.5968</Latitude>
			<Height d:type="sFloat32" d:alt_encoding="0000000008D44240" d:precision="string">37.6565</Height>
			<PlayerDriver d:type="bool">0</PlayerDriver>
		</sDriverFrontEndDetails>
		<sDriverFrontEndDetails d:id="294373622">
			<ServiceName>
				<Localisation-cUserLocalisedString>
					<English d:type="cDeltaString">2V08 09:42 Moorgate - Welwyn Garden City</English>
					<French d:type="cDeltaString"></French>
					<Italian d:type="cDeltaString"></Italian>
					<German d:type="cDeltaString"></German>
					<Spanish d:type="cDeltaString"></Spanish>
					<Dutch d:type="cDeltaString"></Dutch>
					<Polish d:type="cDeltaString"></Polish>
					<Russian d:type="cDeltaString"></Russian>
					<Other/>
					<Key d:type="cDeltaString">591c20de-01c9-438e-971f-e6f0b47b203d</Key>
				</Localisation-cUserLocalisedString>
			</ServiceName>
			<LocoName>
				<Localisation-cUserLocalisedString>
					<English d:type="cDeltaString">Class 313 WAGN</English>
					<French d:type="cDeltaString">Class 313 WAGN</French>
					<Italian d:type="cDeltaString">Class 313 WAGN</Italian>
					<German d:type="cDeltaString">Class 313 WAGN</German>
					<Spanish d:type="cDeltaString">Class 313 WAGN</Spanish>
					<Dutch d:type="cDeltaString">Class 313 WAGN</Dutch>
					<Polish d:type="cDeltaString">Class 313 WAGN</Polish>
					<Russian d:type="cDeltaString">Class 313 WAGN</Russian>
					<Other/>
					<Key d:type="cDeltaString">AP_TXT_313_DMSOSTH</Key>
				</Localisation-cUserLocalisedString>
			</LocoName>
			<LocoBP>
				<iBlueprintLibrary-cAbsoluteBlueprintID>
					<BlueprintSetID>
						<iBlueprintLibrary-cBlueprintSetID>
							<Provider d:type="cDeltaString">AP_Waggonz</Provider>
							<Product d:type="cDeltaString">Class313Pack01</Product>
						</iBlueprintLibrary-cBlueprintSetID>
					</BlueprintSetID>
					<BlueprintID d:type="cDeltaString">RailVehicles\Class313\WAGN\DMSOB\Class_313_DMSO - B.xml</BlueprintID>
				</iBlueprintLibrary-cAbsoluteBlueprintID>
			</LocoBP>
			<StartLocation>
				<Localisation-cUserLocalisedString>
					<English d:type="cDeltaString"></English>
					<French d:type="cDeltaString"></French>
					<Italian d:type="cDeltaString"></Italian>
					<German d:type="cDeltaString"></German>
					<Spanish d:type="cDeltaString"></Spanish>
					<Dutch d:type="cDeltaString"></Dutch>
					<Polish d:type="cDeltaString"></Polish>
					<Russian d:type="cDeltaString"></Russian>
					<Other/>
					<Key d:type="cDeltaString">27f7a7af-3eb2-438a-89e5-9061ef092c81</Key>
				</Localisation-cUserLocalisedString>
			</StartLocation>
			<LocoClass d:type="cDeltaString">LOCO_CLASS_ELECTRIC</LocoClass>
			<LocoAuthor d:type="cDeltaString">AP_Waggonz</LocoAuthor>
			<FilePath d:type="cDeltaString">AP_Waggonz\Class313Pack01\RailVehicles\Class313\WAGN\DMSOB</FilePath>
			<Longitude d:type="sFloat64" d:alt_encoding="3066407FA59BC7BF" d:precision="string">-0.184437</Longitude>
			<Latitude d:type="sFloat64" d:alt_encoding="AA8A134435D84940" d:precision="string">51.6891</Latitude>
			<Height d:type="sFloat32" d:alt_encoding="00000020FFD95740" d:precision="string">95.4062</Height>
			<PlayerDriver d:type="bool">0</PlayerDriver>
		</sDriverFrontEndDetails>
		<sDriverFrontEndDetails d:id="294373690">
			<ServiceName>
				<Localisation-cUserLocalisedString>
					<English d:type="cDeltaString">1S18 10:00 King&apos;s Cross - Edinburgh</English>
					<French d:type="cDeltaString"></French>
					<Italian d:type="cDeltaString"></Italian>
					<German d:type="cDeltaString"></German>
					<Spanish d:type="cDeltaString"></Spanish>
					<Dutch d:type="cDeltaString"></Dutch>
					<Polish d:type="cDeltaString"></Polish>
					<Russian d:type="cDeltaString"></Russian>
					<Other/>
					<Key d:type="cDeltaString">b3438b11-b7b1-43f6-9818-7790444b4f98</Key>
				</Localisation-cUserLocalisedString>
			</ServiceName>
			<LocoName>
				<Localisation-cUserLocalisedString>
					<English d:type="cDeltaString">IC225 Class 91 GNER AP</English>
					<French d:type="cDeltaString"></French>
					<Italian d:type="cDeltaString"></Italian>
					<German d:type="cDeltaString"></German>
					<Spanish d:type="cDeltaString"></Spanish>
					<Dutch d:type="cDeltaString"></Dutch>
					<Polish d:type="cDeltaString"></Polish>
					<Russian d:type="cDeltaString"></Russian>
					<Other/>
					<Key d:type="cDeltaString">RS_TXT_CL91_ICS</Key>
				</Localisation-cUserLocalisedString>
			</LocoName>
			<LocoBP>
				<iBlueprintLibrary-cAbsoluteBlueprintID>
					<BlueprintSetID>
						<iBlueprintLibrary-cBlueprintSetID>
							<Provider d:type="cDeltaString">RSC</Provider>
							<Product d:type="cDeltaString">Class91Addon</Product>
						</iBlueprintLibrary-cBlueprintSetID>
					</BlueprintSetID>
					<BlueprintID d:type="cDeltaString">RailVehicles\Electric\Class 91\GNER_AP\Engine\Class91.xml</BlueprintID>
				</iBlueprintLibrary-cAbsoluteBlueprintID>
			</LocoBP>
			<StartLocation>
				<Localisation-cUserLocalisedString>
					<English d:type="cDeltaString"></English>
					<French d:type="cDeltaString"></French>
					<Italian d:type="cDeltaString"></Italian>
					<German d:type="cDeltaString"></German>
					<Spanish d:type="cDeltaString"></Spanish>
					<Dutch d:type="cDeltaString"></Dutch>
					<Polish d:type="cDeltaString"></Polish>
					<Russian d:type="cDeltaString"></Russian>
					<Other/>
					<Key d:type="cDeltaString">8a4a4b19-8a40-4674-a980-c1003848a350</Key>
				</Localisation-cUserLocalisedString>
			</StartLocation>
			<LocoClass d:type="cDeltaString">LOCO_CLASS_DIESEL</LocoClass>
			<LocoAuthor d:type="cDeltaString">RSC</LocoAuthor>
			<FilePath d:type="cDeltaString">RSC\Class91Addon\RailVehicles\Electric\Class 91\GNER_AP\Engine</FilePath>
			<Longitude d:type="sFloat64" d:alt_encoding="E0E684745C84C7BF" d:precision="string">-0.183727</Longitude>
			<Latitude d:type="sFloat64" d:alt_encoding="0030E27F14D84940" d:precision="string">51.6881</Latitude>
			<Height d:type="sFloat32" d:alt_encoding="00000020FBB25740" d:precision="string">94.7966</Height>
			<PlayerDriver d:type="bool">0</PlayerDriver>
		</sDriverFrontEndDetails>
		<sDriverFrontEndDetails d:id="294373010">
			<ServiceName>
				<Localisation-cUserLocalisedString>
					<English d:type="cDeltaString">1A15 07:29 Harrogate - King&apos;s Cross</English>
					<French d:type="cDeltaString"></French>
					<Italian d:type="cDeltaString"></Italian>
					<German d:type="cDeltaString"></German>
					<Spanish d:type="cDeltaString"></Spanish>
					<Dutch d:type="cDeltaString"></Dutch>
					<Polish d:type="cDeltaString"></Polish>
					<Russian d:type="cDeltaString"></Russian>
					<Other/>
					<Key d:type="cDeltaString">376a59ac-7dad-4fe1-9f72-fb1f5b693196</Key>
				</Localisation-cUserLocalisedString>
			</ServiceName>
			<LocoName>
				<Localisation-cUserLocalisedString>
					<English d:type="cDeltaString">High Speed Train GNER AP</English>
					<French d:type="cDeltaString"></French>
					<Italian d:type="cDeltaString"></Italian>
					<German d:type="cDeltaString"></German>
					<Spanish d:type="cDeltaString"></Spanish>
					<Dutch d:type="cDeltaString"></Dutch>
					<Polish d:type="cDeltaString"></Polish>
					<Russian d:type="cDeltaString"></Russian>
					<Other/>
					<Key d:type="cDeltaString">274f4720-9186-4661-b178-c4738400bc3c</Key>
				</Localisation-cUserLocalisedString>
			</LocoName>
			<LocoBP>
				<iBlueprintLibrary-cAbsoluteBlueprintID>
					<BlueprintSetID>
						<iBlueprintLibrary-cBlueprintSetID>
							<Provider d:type="cDeltaString">Kuju</Provider>
							<Product d:type="cDeltaString">RailSimulator</Product>
						</iBlueprintLibrary-cBlueprintSetID>
					</BlueprintSetID>
					<BlueprintID d:type="cDeltaString">RailVehicles\Diesel\HST\GNER_AP\Class43\class43.xml</BlueprintID>
				</iBlueprintLibrary-cAbsoluteBlueprintID>
			</LocoBP>
			<StartLocation>
				<Localisation-cUserLocalisedString>
					<English d:type="cDeltaString"></English>
					<French d:type="cDeltaString"></French>
					<Italian d:type="cDeltaString"></Italian>
					<German d:type="cDeltaString"></German>
					<Spanish d:type="cDeltaString"></Spanish>
					<Dutch d:type="cDeltaString"></Dutch>
					<Polish d:type="cDeltaString"></Polish>
					<Russian d:type="cDeltaString"></Russian>
					<Other/>
					<Key d:type="cDeltaString">dbbd13df-0910-409e-9716-9999716c1e88</Key>
				</Localisation-cUserLocalisedString>
			</StartLocation>
			<LocoClass d:type="cDeltaString">LOCO_CLASS_DIESEL</LocoClass>
			<LocoAuthor d:type="cDeltaString">Kuju</LocoAuthor>
			<FilePath d:type="cDeltaString">Kuju\RailSimulator\RailVehicles\Diesel\HST\GNER_AP\Class43</FilePath>
			<Longitude d:type="sFloat64" d:alt_encoding="804A66CD7FC2C8BF" d:precision="string">-0.193436</Longitude>
			<Latitude d:type="sFloat64" d:alt_encoding="1C6DCD311FE94940" d:precision="string">51.8213</Latitude>
			<Height d:type="sFloat32" d:alt_encoding="000000C07F6A5740" d:precision="string">93.664</Height>
			<PlayerDriver d:type="bool">0</PlayerDriver>
		</sDriverFrontEndDetails>
		<sDriverFrontEndDetails d:id="294373350">
			<ServiceName>
				<Localisation-cUserLocalisedString>
					<English d:type="cDeltaString">1C21 09:51 King&apos;s Cross - Cambridge</English>
					<French d:type="cDeltaString"></French>
					<Italian d:type="cDeltaString"></Italian>
					<German d:type="cDeltaString"></German>
					<Spanish d:type="cDeltaString"></Spanish>
					<Dutch d:type="cDeltaString"></Dutch>
					<Polish d:type="cDeltaString"></Polish>
					<Russian d:type="cDeltaString"></Russian>
					<Other/>
					<Key d:type="cDeltaString">9e95d975-f6ae-4f54-849e-e00500918d7a</Key>
				</Localisation-cUserLocalisedString>
			</ServiceName>
			<LocoName>
				<Localisation-cUserLocalisedString>
					<English d:type="cDeltaString">Class 365 Network SouthEast AP</English>
					<French d:type="cDeltaString"></French>
					<Italian d:type="cDeltaString"></Italian>
					<German d:type="cDeltaString"></German>
					<Spanish d:type="cDeltaString"></Spanish>
					<Dutch d:type="cDeltaString"></Dutch>
					<Polish d:type="cDeltaString"></Polish>
					<Russian d:type="cDeltaString"></Russian>
					<Other/>
					<Key d:type="cDeltaString">31246eb0-b8c3-4a5a-9891-7b018c32d333</Key>
				</Localisation-cUserLocalisedString>
			</LocoName>
			<LocoBP>
				<iBlueprintLibrary-cAbsoluteBlueprintID>
					<BlueprintSetID>
						<iBlueprintLibrary-cBlueprintSetID>
							<Provider d:type="cDeltaString">RSC</Provider>
							<Product d:type="cDeltaString">ECMLS</Product>
						</iBlueprintLibrary-cBlueprintSetID>
					</BlueprintSetID>
					<BlueprintID d:type="cDeltaString">RailVehicles\Electric\Class365\Class365\NSE_AP\Class365_DMOC_B.xml</BlueprintID>
				</iBlueprintLibrary-cAbsoluteBlueprintID>
			</LocoBP>
			<StartLocation>
				<Localisation-cUserLocalisedString>
					<English d:type="cDeltaString">Potters Bar Platform 3</English>
					<French d:type="cDeltaString"></French>
					<Italian d:type="cDeltaString"></Italian>
					<German d:type="cDeltaString"></German>
					<Spanish d:type="cDeltaString"></Spanish>
					<Dutch d:type="cDeltaString"></Dutch>
					<Polish d:type="cDeltaString"></Polish>
					<Russian d:type="cDeltaString"></Russian>
					<Other/>
					<Key d:type="cDeltaString">61e4fb2c-6a6c-4988-baae-e2520717d626</Key>
				</Localisation-cUserLocalisedString>
			</StartLocation>
			<LocoClass d:type="cDeltaString">LOCO_CLASS_ELECTRIC</LocoClass>
			<LocoAuthor d:type="cDeltaString">RSC</LocoAuthor>
			<FilePath d:type="cDeltaString">RSC\ECMLS\RailVehicles\Electric\Class365\Class365\NSE_AP</FilePath>
			<Longitude d:type="sFloat64" d:alt_encoding="E0B7352808B3C8BF" d:precision="string">-0.192964</Longitude>
			<Latitude d:type="sFloat64" d:alt_encoding="AA2D654F40D94940" d:precision="string">51.6973</Latitude>
			<Height d:type="sFloat32" d:alt_encoding="000000002C315940" d:precision="string">100.768</Height>
			<PlayerDriver d:type="bool">0</PlayerDriver>
		</sDriverFrontEndDetails>
		<sDriverFrontEndDetails d:id="294373418">
			<ServiceName>
				<Localisation-cUserLocalisedString>
					<English d:type="cDeltaString">2V07 09:22 Moorgate - Welwyn Garden City</English>
					<French d:type="cDeltaString"></French>
					<Italian d:type="cDeltaString"></Italian>
					<German d:type="cDeltaString"></German>
					<Spanish d:type="cDeltaString"></Spanish>
					<Dutch d:type="cDeltaString"></Dutch>
					<Polish d:type="cDeltaString"></Polish>
					<Russian d:type="cDeltaString"></Russian>
					<Other/>
					<Key d:type="cDeltaString">b358bcdc-68d9-46de-a901-626701f7c8e6</Key>
				</Localisation-cUserLocalisedString>
			</ServiceName>
			<LocoName>
				<Localisation-cUserLocalisedString>
					<English d:type="cDeltaString">Class 313 WAGN</English>
					<French d:type="cDeltaString">Class 313 WAGN</French>
					<Italian d:type="cDeltaString">Class 313 WAGN</Italian>
					<German d:type="cDeltaString">Class 313 WAGN</German>
					<Spanish d:type="cDeltaString">Class 313 WAGN</Spanish>
					<Dutch d:type="cDeltaString">Class 313 WAGN</Dutch>
					<Polish d:type="cDeltaString">Class 313 WAGN</Polish>
					<Russian d:type="cDeltaString">Class 313 WAGN</Russian>
					<Other/>
					<Key d:type="cDeltaString">AP_TXT_313_DMSOSTH</Key>
				</Localisation-cUserLocalisedString>
			</LocoName>
			<LocoBP>
				<iBlueprintLibrary-cAbsoluteBlueprintID>
					<BlueprintSetID>
						<iBlueprintLibrary-cBlueprintSetID>
							<Provider d:type="cDeltaString">AP_Waggonz</Provider>
							<Product d:type="cDeltaString">Class313Pack01</Product>
						</iBlueprintLibrary-cBlueprintSetID>
					</BlueprintSetID>
					<BlueprintID d:type="cDeltaString">RailVehicles\Class313\WAGN\DMSOB\Class_313_DMSO - B.xml</BlueprintID>
				</iBlueprintLibrary-cAbsoluteBlueprintID>
			</LocoBP>
			<StartLocation>
				<Localisation-cUserLocalisedString>
					<English d:type="cDeltaString">Welham Green Platform 2</English>
					<French d:type="cDeltaString"></French>
					<Italian d:type="cDeltaString"></Italian>
					<German d:type="cDeltaString"></German>
					<Spanish d:type="cDeltaString"></Spanish>
					<Dutch d:type="cDeltaString"></Dutch>
					<Polish d:type="cDeltaString"></Polish>
					<Russian d:type="cDeltaString"></Russian>
					<Other/>
					<Key d:type="cDeltaString">1771e66a-3538-428e-9324-c42fa881e056</Key>
				</Localisation-cUserLocalisedString>
			</StartLocation>
			<LocoClass d:type="cDeltaString">LOCO_CLASS_ELECTRIC</LocoClass>
			<LocoAuthor d:type="cDeltaString">AP_Waggonz</LocoAuthor>
			<FilePath d:type="cDeltaString">AP_Waggonz\Class313Pack01\RailVehicles\Class313\WAGN\DMSOB</FilePath>
			<Longitude d:type="sFloat64" d:alt_encoding="D0824A77B6DBCABF" d:precision="string">-0.20983</Longitude>
			<Latitude d:type="sFloat64" d:alt_encoding="F5464C9C25DE4940" d:precision="string">51.7355</Latitude>
			<Height d:type="sFloat32" d:alt_encoding="00000080A1D95640" d:precision="string">91.4005</Height>
			<PlayerDriver d:type="bool">0</PlayerDriver>
		</sDriverFrontEndDetails>
		<sDriverFrontEndDetails d:id="294373894">
			<ServiceName>
				<Localisation-cUserLocalisedString>
					<English d:type="cDeltaString">2P23 09:36 King&apos;s Cross - Peterborough</English>
					<French d:type="cDeltaString"></French>
					<Italian d:type="cDeltaString"></Italian>
					<German d:type="cDeltaString"></German>
					<Spanish d:type="cDeltaString"></Spanish>
					<Dutch d:type="cDeltaString"></Dutch>
					<Polish d:type="cDeltaString"></Polish>
					<Russian d:type="cDeltaString"></Russian>
					<Other/>
					<Key d:type="cDeltaString">c60fb55c-8aae-4c21-b570-a8d63512f16c</Key>
				</Localisation-cUserLocalisedString>
			</ServiceName>
			<LocoName>
				<Localisation-cUserLocalisedString>
					<English d:type="cDeltaString">Class 317 WAGN Revised</English>
					<French d:type="cDeltaString"></French>
					<Italian d:type="cDeltaString"></Italian>
					<German d:type="cDeltaString"></German>
					<Spanish d:type="cDeltaString"></Spanish>
					<Dutch d:type="cDeltaString"></Dutch>
					<Polish d:type="cDeltaString"></Polish>
					<Russian d:type="cDeltaString"></Russian>
					<Other/>
					<Key d:type="cDeltaString">2a1b4520-cda7-4120-8e2c-1a3840ff176e</Key>
				</Localisation-cUserLocalisedString>
			</LocoName>
			<LocoBP>
				<iBlueprintLibrary-cAbsoluteBlueprintID>
					<BlueprintSetID>
						<iBlueprintLibrary-cBlueprintSetID>
							<Provider d:type="cDeltaString">AP</Provider>
							<Product d:type="cDeltaString">Class317Pack01</Product>
						</iBlueprintLibrary-cBlueprintSetID>
					</BlueprintSetID>
					<BlueprintID d:type="cDeltaString">RailVehicles\Class317_1\Liveries\WAGN\DTSO\Class317_DTSOA.xml</BlueprintID>
				</iBlueprintLibrary-cAbsoluteBlueprintID>
			</LocoBP>
			<StartLocation>
				<Localisation-cUserLocalisedString>
					<English d:type="cDeltaString"></English>
					<French d:type="cDeltaString"></French>
					<Italian d:type="cDeltaString"></Italian>
					<German d:type="cDeltaString"></German>
					<Spanish d:type="cDeltaString"></Spanish>
					<Dutch d:type="cDeltaString"></Dutch>
					<Polish d:type="cDeltaString"></Polish>
					<Russian d:type="cDeltaString"></Russian>
					<Other/>
					<Key d:type="cDeltaString">0b1f9397-8a44-40c7-8a0a-08832ebadd9d</Key>
				</Localisation-cUserLocalisedString>
			</StartLocation>
			<LocoClass d:type="cDeltaString">LOCO_CLASS_ELECTRIC</LocoClass>
			<LocoAuthor d:type="cDeltaString">AP</LocoAuthor>
			<FilePath d:type="cDeltaString">AP\Class317Pack01\RailVehicles\Class317_1\Liveries\WAGN\DTSO</FilePath>
			<Longitude d:type="sFloat64" d:alt_encoding="00BB83559DB3CABF" d:precision="string">-0.208606</Longitude>
			<Latitude d:type="sFloat64" d:alt_encoding="872D68D95CE54940" d:precision="string">51.7919</Latitude>
			<Height d:type="sFloat32" d:alt_encoding="00000060C8BA5440" d:precision="string">82.9185</Height>
			<PlayerDriver d:type="bool">0</PlayerDriver>
		</sDriverFrontEndDetails>
		<sDriverFrontEndDetails d:id="294373078">
			<ServiceName>
				<Localisation-cUserLocalisedString>
					<English d:type="cDeltaString">2K08 10:03 Welwyn Garden City - Moorgate</English>
					<French d:type="cDeltaString"></French>
					<Italian d:type="cDeltaString"></Italian>
					<German d:type="cDeltaString"></German>
					<Spanish d:type="cDeltaString"></Spanish>
					<Dutch d:type="cDeltaString"></Dutch>
					<Polish d:type="cDeltaString"></Polish>
					<Russian d:type="cDeltaString"></Russian>
					<Other/>
					<Key d:type="cDeltaString">f0e88162-7e3a-455e-8c23-8b203b4ba14b</Key>
				</Localisation-cUserLocalisedString>
			</ServiceName>
			<LocoName>
				<Localisation-cUserLocalisedString>
					<English d:type="cDeltaString">Class 313 WAGN Promotion</English>
					<French d:type="cDeltaString">Class 313 WAGN Promotion</French>
					<Italian d:type="cDeltaString">Class 313 WAGN Promotion</Italian>
					<German d:type="cDeltaString">Class 313 WAGN Promotion</German>
					<Spanish d:type="cDeltaString">Class 313 WAGN Promotion</Spanish>
					<Dutch d:type="cDeltaString">Class 313 WAGN Promotion</Dutch>
					<Polish d:type="cDeltaString">Class 313 WAGN Promotion</Polish>
					<Russian d:type="cDeltaString">Class 313 WAGN Promotion</Russian>
					<Other/>
					<Key d:type="cDeltaString">AP_TXT_315_DMSOSTH</Key>
				</Localisation-cUserLocalisedString>
			</LocoName>
			<LocoBP>
				<iBlueprintLibrary-cAbsoluteBlueprintID>
					<BlueprintSetID>
						<iBlueprintLibrary-cBlueprintSetID>
							<Provider d:type="cDeltaString">AP_Waggonz</Provider>
							<Product d:type="cDeltaString">Class313Pack01</Product>
						</iBlueprintLibrary-cBlueprintSetID>
					</BlueprintSetID>
					<BlueprintID d:type="cDeltaString">RailVehicles\Class313\WAGN2\DMSOA\Class_313_DMSO - A.xml</BlueprintID>
				</iBlueprintLibrary-cAbsoluteBlueprintID>
			</LocoBP>
			<StartLocation>
				<Localisation-cUserLocalisedString>
					<English d:type="cDeltaString">Welwyn Garden City Platform 3</English>
					<French d:type="cDeltaString"></French>
					<Italian d:type="cDeltaString"></Italian>
					<German d:type="cDeltaString"></German>
					<Spanish d:type="cDeltaString"></Spanish>
					<Dutch d:type="cDeltaString"></Dutch>
					<Polish d:type="cDeltaString"></Polish>
					<Russian d:type="cDeltaString"></Russian>
					<Other/>
					<Key d:type="cDeltaString">625f6569-b524-4655-9ab4-a863fc9fe394</Key>
				</Localisation-cUserLocalisedString>
			</StartLocation>
			<LocoClass d:type="cDeltaString">LOCO_CLASS_ELECTRIC</LocoClass>
			<LocoAuthor d:type="cDeltaString">AP_Waggonz</LocoAuthor>
			<FilePath d:type="cDeltaString">AP_Waggonz\Class313Pack01\RailVehicles\Class313\WAGN2\DMSOA</FilePath>
			<Longitude d:type="sFloat64" d:alt_encoding="80BB80CF761BCABF" d:precision="string">-0.203963</Longitude>
			<Latitude d:type="sFloat64" d:alt_encoding="DADB254876E64940" d:precision="string">51.8005</Latitude>
			<Height d:type="sFloat32" d:alt_encoding="00000080AFFD5540" d:precision="string">87.9638</Height>
			<PlayerDriver d:type="bool">1</PlayerDriver>
		</sDriverFrontEndDetails>
	</FrontEndDriverList>
	<RequiredSet>
		<iBlueprintLibrary-cBlueprintSetID d:id="256039266">
			<Provider d:type="cDeltaString">AP</Provider>
			<Product d:type="cDeltaString">Class317Pack01</Product>
		</iBlueprintLibrary-cBlueprintSetID>
		<iBlueprintLibrary-cBlueprintSetID d:id="256039268">
			<Provider d:type="cDeltaString">AP_Waggonz</Provider>
			<Product d:type="cDeltaString">Class313Pack01</Product>
		</iBlueprintLibrary-cBlueprintSetID>
		<iBlueprintLibrary-cBlueprintSetID d:id="256039270">
			<Provider d:type="cDeltaString">Kuju</Provider>
			<Product d:type="cDeltaString">RailSimulator</Product>
		</iBlueprintLibrary-cBlueprintSetID>
		<iBlueprintLibrary-cBlueprintSetID d:id="256039272">
			<Provider d:type="cDeltaString">RSC</Provider>
			<Product d:type="cDeltaString">Class91Addon</Product>
		</iBlueprintLibrary-cBlueprintSetID>
		<iBlueprintLibrary-cBlueprintSetID d:id="256039274">
			<Provider d:type="cDeltaString">RSC</Provider>
			<Product d:type="cDeltaString">ECMLS</Product>
		</iBlueprintLibrary-cBlueprintSetID>
	</RequiredSet>
	<Gizmo>
		<cOwnedEntity d:id="163932070">
			<Component>
				<cEditorSceneryRender d:id="203080636">
					<DetailLevel d:type="sInt32">10</DetailLevel>
					<Global d:type="bool">0</Global>
					<Saved d:type="bool">1</Saved>
					<Palette0Index d:type="sUInt8">36</Palette0Index>
					<Palette1Index d:type="sUInt8">138</Palette1Index>
					<Palette2Index d:type="sUInt8">226</Palette2Index>
				</cEditorSceneryRender>
				<cPosOri d:id="164325868">
					<Scale d:numElements="4" d:elementType="sFloat32" d:precision="string">1.0000000 1.0000000 1.0000000 0.0000000</Scale>
					<RFarMatrix>
						<cFarMatrix d:id="164325874">
							<Height d:type="sFloat32" d:alt_encoding="000000E0A5175640" d:precision="string">88.3695</Height>
							<RXAxis d:numElements="4" d:elementType="sFloat32" d:precision="string">1.0000000 0.0000000 0.0000000 0.0000000</RXAxis>
							<RYAxis d:numElements="4" d:elementType="sFloat32" d:precision="string">0.0000000 1.0000000 0.0000000 0.0000000</RYAxis>
							<RZAxis d:numElements="4" d:elementType="sFloat32" d:precision="string">0.0000000 0.0000000 1.0000000 0.0000000</RZAxis>
							<RFarPosition>
								<cFarVector2 d:id="164325881">
									<X>
										<cFarCoordinate>
											<RouteCoordinate>
												<cRouteCoordinate>
													<Distance d:type="sInt32">6</Distance>
												</cRouteCoordinate>
											</RouteCoordinate>
											<TileCoordinate>
												<cTileCoordinate>
													<Distance d:type="sFloat32" d:alt_encoding="00000060E3A98040" d:precision="string">533.236</Distance>
												</cTileCoordinate>
											</TileCoordinate>
										</cFarCoordinate>
									</X>
									<Z>
										<cFarCoordinate>
											<RouteCoordinate>
												<cRouteCoordinate>
													<Distance d:type="sInt32">-35</Distance>
												</cRouteCoordinate>
											</RouteCoordinate>
											<TileCoordinate>
												<cTileCoordinate>
													<Distance d:type="sFloat32" d:alt_encoding="000000E022BB3A40" d:precision="string">26.731</Distance>
												</cTileCoordinate>
											</TileCoordinate>
										</cFarCoordinate>
									</Z>
								</cFarVector2>
							</RFarPosition>
						</cFarMatrix>
					</RFarMatrix>
				</cPosOri>
				<cScriptComponent d:id="164571848">
					<DebugDisplay d:type="bool">1</DebugDisplay>
					<StateName d:type="cDeltaString"></StateName>
				</cScriptComponent>
			</Component>
			<BlueprintID>
				<iBlueprintLibrary-cAbsoluteBlueprintID>
					<BlueprintSetID>
						<iBlueprintLibrary-cBlueprintSetID>
							<Provider d:type="cDeltaString">Kuju</Provider>
							<Product d:type="cDeltaString">RailSimulatorCore</Product>
						</iBlueprintLibrary-cBlueprintSetID>
					</BlueprintSetID>
					<BlueprintID d:type="cDeltaString">Editor\Gizmo\Scenario Markers\Standard Scenario Marker.xml</BlueprintID>
				</iBlueprintLibrary-cAbsoluteBlueprintID>
			</BlueprintID>
			<ReskinBlueprintID>
				<iBlueprintLibrary-cAbsoluteBlueprintID>
					<BlueprintSetID>
						<iBlueprintLibrary-cBlueprintSetID>
							<Provider d:type="cDeltaString"></Provider>
							<Product d:type="cDeltaString"></Product>
						</iBlueprintLibrary-cBlueprintSetID>
					</BlueprintSetID>
					<BlueprintID d:type="cDeltaString"></BlueprintID>
				</iBlueprintLibrary-cAbsoluteBlueprintID>
			</ReskinBlueprintID>
			<Name d:type="cDeltaString">Standard Scenario Marker</Name>
			<EntityID>
				<cGUID>
					<UUID>
						<e d:type="sUInt64">5481023872490062975</e>
						<e d:type="sUInt64">14169197859143862941</e>
					</UUID>
					<DevString d:type="cDeltaString">1d34c47f-822c-4c10-9dca-7e9a611aa3c4</DevString>
				</cGUID>
			</EntityID>
		</cOwnedEntity>
	</Gizmo>
	<SimulationTime d:type="sFloat32" d:alt_encoding="0000000000000000" d:precision="string">0</SimulationTime>
	<AuthoredLanguage d:type="cDeltaString">en</AuthoredLanguage>
	<Version d:type="sFloat32" d:alt_encoding="000000000000F03F" d:precision="string">1</Version>
	<Author d:type="cDeltaString">Cynx</Author>
	<DispatcherVersion d:type="cDeltaString">V1</DispatcherVersion>
	<RBlueprintSetPreLoad>
		<iBlueprintLibrary-cBlueprintSetID d:id="256005838">
			<Provider d:type="cDeltaString">AP</Provider>
			<Product d:type="cDeltaString">WeatherEP</Product>
		</iBlueprintLibrary-cBlueprintSetID>
		<iBlueprintLibrary-cBlueprintSetID d:id="256005840">
			<Provider d:type="cDeltaString">AP_Waggonz</Provider>
			<Product d:type="cDeltaString">Class313Pack01</Product>
		</iBlueprintLibrary-cBlueprintSetID>
		<iBlueprintLibrary-cBlueprintSetID d:id="256005842">
			<Provider d:type="cDeltaString">AP</Provider>
			<Product d:type="cDeltaString">Class317Pack01</Product>
		</iBlueprintLibrary-cBlueprintSetID>
		<iBlueprintLibrary-cBlueprintSetID d:id="256005844">
			<Provider d:type="cDeltaString">Kuju</Provider>
			<Product d:type="cDeltaString">RailSimulator</Product>
		</iBlueprintLibrary-cBlueprintSetID>
		<iBlueprintLibrary-cBlueprintSetID d:id="256005846">
			<Provider d:type="cDeltaString">RSC</Provider>
			<Product d:type="cDeltaString">Class91Addon</Product>
		</iBlueprintLibrary-cBlueprintSetID>
		<iBlueprintLibrary-cBlueprintSetID d:id="256005848">
			<Provider d:type="cDeltaString">AP</Provider>
			<Product d:type="cDeltaString">C43VALEP</Product>
		</iBlueprintLibrary-cBlueprintSetID>
	</RBlueprintSetPreLoad>
	<NamedEntity/>
	<Condition/>
	<DeferredEvent/>
	<CheckedCondition/>
	<CareerRules>
		<d:nil/>
	</CareerRules>
	<MD5 d:type="cDeltaString">E6309764110EB577C80BA358FC17ADBE</MD5>
	<MessageEvent/>
	<SimpleControlsOnly d:type="bool">0</SimpleControlsOnly>
	<ExpertControlsOnly d:type="bool">0</ExpertControlsOnly>
	<LocksScenario/>
	<StartDestString/>
	<TemplateStartDestMapping/>
	<IsTemplateGenerated d:type="bool">0</IsTemplateGenerated>
	<TemplateScenarioGUID>
		<cGUID>
			<UUID>
				<e d:type="sUInt64">0</e>
				<e d:type="sUInt64">0</e>
			</UUID>
			<DevString d:type="cDeltaString">00000000-0000-0000-0000-000000000000</DevString>
		</cGUID>
	</TemplateScenarioGUID>
	<WorkshopId d:type="sUInt64">0</WorkshopId>
	<WorkshopBy d:type="sUInt64">0</WorkshopBy>
	<WorkshopTags d:type="cDeltaString"></WorkshopTags>
	<StartInCab d:type="bool">0</StartInCab>
	<IsClonedDLC d:type="bool">0</IsClonedDLC>
	<StartLongitude d:type="sFloat64" d:alt_encoding="0000000000000000" d:precision="string">0</StartLongitude>
	<StartLatitude d:type="sFloat64" d:alt_encoding="0000000000000000" d:precision="string">0</StartLatitude>
	<StartHeight d:type="sFloat32" d:alt_encoding="0000000000000000" d:precision="string">0</StartHeight>
	<QuickDriveStartName d:type="cDeltaString"></QuickDriveStartName>
	<QuickDriveEndName d:type="cDeltaString"></QuickDriveEndName>
	<QuickDrivePlayerConsistName d:type="cDeltaString"></QuickDrivePlayerConsistName>
</cScenarioProperties>
